image_index,node_id,node_name,attack_unit,local_mse,output_mse,roi_mse,non_roi_mse,sensitivity,roi_sensitivity,roi_to_non_roi_ratio,local_sample_count
1,0,ADD_00_S0,5L8,1.31604166667,0.912858072917,0.895039154846,0.916670618361,0.832850039266,0.824681396236,0.97640214153,76800
2,0,ADD_00_S0,5L8,1.292890625,0.905914713542,0.897994237589,0.907609382903,0.837071900693,0.833404577977,0.989406075458,76800
3,0,ADD_00_S0,5L8,1.743984375,0.865185546875,0.909389775414,0.855727585989,0.704341589547,0.72211063084,1.06270943032,76800
4,0,ADD_00_S0,5L8,1.38459635417,0.927447916667,0.878453752955,0.937930734699,0.818433077101,0.796522153842,0.936587021254,76800
5,0,ADD_00_S0,5L8,1.38404947917,0.887470703125,0.881759751773,0.888692621396,0.800757849329,0.798177217692,0.992198799161,76800
6,0,ADD_00_S0,5L8,1.40345052083,0.874524739583,0.915780141844,0.865697711179,0.789382504914,0.807787368811,1.05785210012,76800
7,0,ADD_00_S0,5L8,1.4186328125,0.936526692708,0.950502364066,0.93353645043,0.812503199209,0.818543191236,1.01817380953,76800
8,0,ADD_00_S0,5L8,1.9039453125,0.845970052083,0.889055112293,0.836751549064,0.666576900462,0.68334041465,1.06250787738,76800
9,0,ADD_00_S0,5L8,1.44010416667,0.999602864583,0.975860667849,1.00468275797,0.833137710613,0.823184062541,0.971312247682,76800
10,0,ADD_00_S0,5L8,1.3984375,0.932962239583,0.90586214539,0.938760590541,0.81679017042,0.804839949424,0.964955447125,76800
1,0,ADD_00_S0,5PD,77.4133723958,11.669391276,11.373060727,11.7327943222,0.388254150757,0.3832928213,0.969339478271,76800
2,0,ADD_00_S0,5PD,81.4178385417,12.2278027344,11.8605570331,12.3063788252,0.38753811953,0.381674160281,0.963773113239,76800
3,0,ADD_00_S0,5PD,72.7170442708,10.589124349,11.6365063534,10.3650259231,0.381603118584,0.400030584337,1.12267026052,76800
4,0,ADD_00_S0,5PD,79.0844921875,11.6145084635,11.2514960106,11.6921788063,0.383225811246,0.377189391905,0.962309608591,76800
5,0,ADD_00_S0,5PD,74.5243619792,11.2285384115,11.6264221336,11.1434069929,0.388161521204,0.394978913066,1.04334537372,76800
6,0,ADD_00_S0,5PD,80.9948307292,11.9129036458,12.0926972518,11.8744349077,0.383513065014,0.386396282135,1.01838086156,76800
7,0,ADD_00_S0,5PD,75.8518359375,11.1695279948,11.1691969563,11.169598824,0.383737606129,0.383731919547,0.999964021294,76800
8,0,ADD_00_S0,5PD,66.0883984375,9.37311848958,10.421875,9.1487259737,0.376599240522,0.397109536096,1.13916134661,76800
9,0,ADD_00_S0,5PD,80.7851953125,12.0678580729,12.0165484634,12.078836305,0.386499741067,0.385677214197,0.994843224953,76800
10,0,ADD_00_S0,5PD,74.7599348958,11.1583821615,11.3743720449,11.112168848,0.386336871334,0.390058060978,1.02359604147,76800
1,0,ADD_00_S0,5PN,80.9367447917,11.9565494792,11.6405695922,12.0241567084,0.384352814815,0.37924009707,0.968098626332,76800
2,0,ADD_00_S0,5PN,75.8781770833,11.2635091146,11.3906988771,11.2362955235,0.385281727974,0.38745095988,1.01374148208,76800
3,0,ADD_00_S0,5PN,91.9292057292,12.5188606771,11.7981309102,12.6730684117,0.369024881272,0.358244763882,0.930960879154,76800
4,0,ADD_00_S0,5PN,79.7121484375,11.5652734375,11.6103169326,11.5556359067,0.38090414206,0.381645178609,1.00473197896,76800
5,0,ADD_00_S0,5PN,87.3805078125,12.6989257813,11.9924276005,12.850088518,0.381220468148,0.37046422083,0.933256419496,76800
6,0,ADD_00_S0,5PN,79.25359375,11.4814811198,11.209552305,11.5396631576,0.38061813402,0.376083821927,0.971393371878,76800
7,0,ADD_00_S0,5PN,83.91296875,12.0359570312,11.9265477246,12.0593663063,0.378726567014,0.377001286368,0.988986271889,76800
8,0,ADD_00_S0,5PN,100.312825521,13.2834375,12.1630466903,13.5231569297,0.363895769466,0.348211375924,0.899423614881,76800
9,0,ADD_00_S0,5PN,74.1853125,10.8410742188,10.6108894799,10.8903246712,0.382276141305,0.378195999214,0.974340967809,76800
10,0,ADD_00_S0,5PN,84.0571744792,12.2330729167,12.2373854905,12.232150196,0.381487566993,0.381554804733,1.00042799463,76800
1,0,ADD_00_S0,5QC,0.4823828125,0.619055989583,0.610243055556,0.620941609762,1.13284124414,1.12474872702,0.982770434386,76800
2,0,ADD_00_S0,5QC,0.487369791667,0.616494140625,0.596871306147,0.62069265301,1.12469605833,1.10665193332,0.961621348749,76800
3,0,ADD_00_S0,5QC,0.3523046875,0.458346354167,0.583702718676,0.431525037936,1.14061132619,1.28717218763,1.35265087158,76800
4,0,ADD_00_S0,5QC,0.4733203125,0.600266927083,0.552895981087,0.610402440567,1.12614583916,1.0807970367,0.905789270065,76800
5,0,ADD_00_S0,5QC,0.466588541667,0.603785807292,0.609984485816,0.602459534648,1.13756026945,1.14338465673,1.01249038439,76800
6,0,ADD_00_S0,5QC,0.454114583333,0.584127604167,0.638851950355,0.572418753161,1.13415168051,1.18608929991,1.11605698944,76800
7,0,ADD_00_S0,5QC,0.461080729167,0.588805338542,0.581301713948,0.590410818159,1.1300492824,1.12282562652,0.984571583156,76800
8,0,ADD_00_S0,5QC,0.2902734375,0.365315755208,0.551418439716,0.325497123166,1.12183905027,1.37827854111,1.69408083964,76800
9,0,ADD_00_S0,5QC,0.492356770833,0.616998697917,0.619274527187,0.616511760243,1.11944346767,1.12150612781,1.00448128831,76800
10,0,ADD_00_S0,5QC,0.4740234375,0.61515625,0.620585845154,0.613994530855,1.13918120937,1.14419758062,1.0107351352,76800
1,0,ADD_00_S0,5QT,0.288346354167,0.362835286458,0.351544030733,0.365251169702,1.12175373937,1.10416158042,0.962472018965,76800
2,0,ADD_00_S0,5QT,0.277278645833,0.360533854167,0.352873817967,0.362172799697,1.14028868125,1.12811014809,0.974324461311,76800
3,0,ADD_00_S0,5QT,0.409427083333,0.343072916667,0.335955969267,0.34459566262,0.915387407099,0.905842926195,0.974928026406,76800
4,0,ADD_00_S0,5QT,0.294440104167,0.361634114583,0.349327718676,0.364267197774,1.10824610852,1.08922610789,0.958987580571,76800
5,0,ADD_00_S0,5QT,0.3135546875,0.344430338542,0.3606678487,0.340956151998,1.04807907523,1.07249941967,1.05781299614,76800
6,0,ADD_00_S0,5QT,0.312630208333,0.36919921875,0.378416814421,0.367227016945,1.08671313574,1.10019519202,1.03047106274,76800
7,0,ADD_00_S0,5QT,0.310091145833,0.363616536458,0.36027999409,0.364330424886,1.08287201427,1.07789235223,0.988882534862,76800
8,0,ADD_00_S0,5QT,0.463216145833,0.330009765625,0.379561908983,0.319407561963,0.844056563734,0.905210257874,1.1883310046,76800
9,0,ADD_00_S0,5QT,0.273606770833,0.365472005208,0.351248522459,0.368515269347,1.15574929656,1.13303632308,0.95314509784,76800
10,0,ADD_00_S0,5QT,0.300299479167,0.363173828125,0.347259160757,0.366578939049,1.09971457867,1.07534932338,0.947297086015,76800
1,0,ADD_00_S0,5TE,18.7533723958,3.98828125,4.04403073286,3.97635306019,0.461161666074,0.464373613939,1.01702003611,76800
2,0,ADD_00_S0,5TE,17.9618359375,3.87824869792,3.92889332151,3.86741274659,0.464667678837,0.46769180031,1.01589708132,76800
3,0,ADD_00_S0,5TE,21.055546875,3.9237109375,3.99996306147,3.9073959914,0.431683291731,0.435857704714,1.02369021985,76800
4,0,ADD_00_S0,5TE,18.4725390625,3.89308919271,3.89114213948,3.89350578528,0.459075250714,0.458960437556,0.999392926085,76800
5,0,ADD_00_S0,5TE,19.9251432292,4.22326497396,4.14280437352,4.24048036798,0.460387410677,0.455980727406,0.976965818496,76800
6,0,ADD_00_S0,5TE,18.8039583333,3.88578776042,3.76846926714,3.91088928933,0.454584787249,0.447669852723,0.963583724403,76800
7,0,ADD_00_S0,5TE,19.3704557292,4.00106770833,3.99514258274,4.00233545144,0.454483406189,0.454146762428,0.998202832125,76800
8,0,ADD_00_S0,5TE,22.0323567708,3.90536783854,3.91223404255,3.90389874178,0.421017836276,0.421387779004,1.00213512217,76800
9,0,ADD_00_S0,5TE,17.5758984375,3.74934570312,3.70583998227,3.75865421093,0.461869171997,0.459181692125,0.985948633289,76800
10,0,ADD_00_S0,5TE,19.2249609375,4.04669270833,4.14882535461,4.02484035154,0.458793631029,0.464547196764,1.03080494932,76800
1,0,ADD_00_S0,5SB,343.176145833,43.5693945312,43.6715794917,43.5475309813,0.356313449913,0.35673104296,1.00284857735,76800
2,0,ADD_00_S0,5SB,315.919817708,40.3370377604,41.6533133865,40.0554067084,0.35732513443,0.363108438489,1.03989240928,76800
3,0,ADD_00_S0,5SB,410.614596354,49.7525520833,43.69102763,51.0494791667,0.348089152674,0.326196230524,0.855856481657,76800
4,0,ADD_00_S0,5SB,331.434661458,41.2559700521,45.1148603723,40.4303197711,0.352812886258,0.36894433499,1.11586701831,76800
5,0,ADD_00_S0,5SB,401.167486979,49.7029427083,47.0405400414,50.2725918374,0.35198826701,0.342431166676,0.935709465578,76800
6,0,ADD_00_S0,5SB,333.420377604,41.9399576823,37.805241578,42.8246237987,0.354664666871,0.336728549278,0.882792146774,76800
7,0,ADD_00_S0,5SB,352.253736979,43.6257682292,47.2268949468,42.8552691894,0.351919830108,0.366156621123,1.10200906073,76800
8,0,ADD_00_S0,5SB,487.539778646,58.9286848958,51.2682476359,60.5677162367,0.347662898535,0.3242792865,0.846461627108,76800
9,0,ADD_00_S0,5SB,312.351757813,39.1700683594,38.9707631501,39.2127118108,0.354123858464,0.353221782702,0.993829841153,76800
10,0,ADD_00_S0,5SB,382.264570312,48.3453808594,45.1093195922,49.0377702959,0.355627608295,0.343519277989,0.919889287788,76800
1,0,ADD_00_S0,5Z0,1201.13932292,142.769759115,163.518358452,138.330377466,0.344763611012,0.36896618582,1.18208568101,76800
2,0,ADD_00_S0,5Z0,999.827565104,121.727548828,126.998503989,120.599772382,0.348924837931,0.356399223821,1.05305757615,76800
3,0,ADD_00_S0,5Z0,1574.93395833,184.647688802,180.821457595,185.466351321,0.342405525498,0.338839326044,0.974955598718,76800
4,0,ADD_00_S0,5Z0,1074.75299479,123.093655599,122.698433806,123.17821747,0.338425830025,0.337882094456,0.996104963415,76800
5,0,ADD_00_S0,5Z0,1556.41190104,183.505556641,126.383034131,195.727522762,0.34336999191,0.284958828865,0.645709056897,76800
6,0,ADD_00_S0,5Z0,872.067330729,102.442473958,110.957539155,100.620585957,0.342740179902,0.356700238304,1.10273199166,76800
7,0,ADD_00_S0,5Z0,1112.44985677,131.091816406,146.528848995,127.788900481,0.343279262366,0.36292872823,1.14664770136,76800
8,0,ADD_00_S0,5Z0,1057.2239974,119.551503906,104.765458777,122.7151342,0.336274561975,0.314793352931,0.853728918279,76800
9,0,ADD_00_S0,5Z0,1109.82039063,132.779003906,129.97985003,133.377912399,0.345890276289,0.34222494776,0.97452305027,76800
10,0,ADD_00_S0,5Z0,926.511106771,104.935087891,84.0941378546,109.394228945,0.336538729119,0.301271150738,0.76872554124,76800
1,1,ADD_01_S1,5L8,1.31421875,0.882776692708,0.867409131206,0.886064744562,0.819580467574,0.812415433878,0.978945541539,76800
2,1,ADD_01_S1,5L8,1.289296875,0.910227864583,0.895944148936,0.913284016186,0.840230801743,0.833612088373,0.981013718686,76800
3,1,ADD_01_S1,5L8,1.68727864583,0.855026041667,0.903165632388,0.844726068538,0.711862746893,0.731627964041,1.06918167442,76800
4,1,ADD_01_S1,5L8,1.388515625,0.920550130208,0.883551270686,0.928466426404,0.814232318251,0.797701653517,0.951624362021,76800
5,1,ADD_01_S1,5L8,1.3861328125,0.875283203125,0.858451536643,0.87888451568,0.79464265783,0.786965093074,0.976751235602,76800
6,1,ADD_01_S1,5L8,1.39165364583,0.865550130208,0.8841053487,0.861580045524,0.788643144007,0.797051582064,1.02614417928,76800
7,1,ADD_01_S1,5L8,1.40033854167,0.928707682292,0.943742612293,0.925490800455,0.814372308983,0.820937815592,1.01972122449,76800
8,1,ADD_01_S1,5L8,1.864296875,0.831116536458,0.86157284279,0.824600088518,0.667687776997,0.679811433995,1.04483719416,76800
9,1,ADD_01_S1,5L8,1.4448828125,1.02661783854,0.980995124113,1.03637929944,0.842923361981,0.823980837581,0.946559936733,76800
10,1,ADD_01_S1,5L8,1.39958333333,0.926207682292,0.896073433806,0.932655222559,0.813494850895,0.800151861356,0.960776728775,76800
1,1,ADD_01_S1,5PD,77.2176302083,11.5588606771,11.4602356678,11.5799625379,0.386900490214,0.385246356225,0.9896608586,76800
2,1,ADD_01_S1,5PD,82.2038020833,12.3589322917,11.8645648641,12.4647074165,0.387743498056,0.379909326248,0.95185265627,76800
3,1,ADD_01_S1,5PD,73.2566796875,10.5805696615,11.6905658983,10.3430742602,0.380041400734,0.39947918192,1.13027960587,76800
4,1,ADD_01_S1,5PD,77.227421875,11.3719140625,11.180795656,11.4128058612,0.383734649806,0.380496430311,0.979671063545,76800
5,1,ADD_01_S1,5PD,73.6963671875,11.3866601563,12.0361997636,11.247684307,0.393074743255,0.404130523535,1.07010469311,76800
6,1,ADD_01_S1,5PD,80.6274739583,11.9663769531,12.071346779,11.9439175518,0.385247485607,0.386933504036,1.01066896406,76800
7,1,ADD_01_S1,5PD,75.7822005208,11.217952474,10.9738475177,11.2701813037,0.384745183646,0.380536092819,0.973706386967,76800
8,1,ADD_01_S1,5PD,66.2273958333,9.35183919271,10.667516253,9.07033621017,0.375776551072,0.401340342994,1.17608829549,76800
9,1,ADD_01_S1,5PD,80.5419401042,11.9705989583,11.9607158688,11.9727135496,0.38551998575,0.385360807612,0.998997914656,76800
10,1,ADD_01_S1,5PD,74.035859375,11.069625651,11.202570922,11.0411806082,0.386674387461,0.388989420766,1.0146171247,76800
1,1,ADD_01_S1,5PN,80.91234375,11.6526790365,11.3855459515,11.7098349772,0.379494513477,0.375119412484,0.972306268506,76800
2,1,ADD_01_S1,5PN,76.2499739583,11.059375,11.0399859634,11.0635234889,0.380842530638,0.380508542096,0.99787251091,76800
3,1,ADD_01_S1,5PN,92.070859375,12.5145214844,11.6391843972,12.7018090857,0.368676983714,0.355549584895,0.916340681756,76800
4,1,ADD_01_S1,5PN,81.1240234375,11.6523144531,11.8125184693,11.6180371143,0.378993147056,0.381589582075,1.01673960524,76800
5,1,ADD_01_S1,5PN,88.4123307292,12.491468099,11.9708370272,12.6028626075,0.375880955171,0.367964430477,0.949850633147,76800
6,1,ADD_01_S1,5PN,78.7641015625,11.2537304687,10.9856678487,11.3110852934,0.377993292165,0.373464280186,0.971230219185,76800
7,1,ADD_01_S1,5PN,84.3744921875,11.926484375,11.7172170508,11.971259326,0.375967786724,0.372654741555,0.978778984879,76800
8,1,ADD_01_S1,5PN,100.317265625,13.3507096354,11.9452570922,13.6514210293,0.364807982135,0.34507214833,0.87501931605,76800
9,1,ADD_01_S1,5PN,74.5938151042,10.8796777344,10.606124409,10.9382073533,0.381906109335,0.377074313165,0.969640094249,76800
10,1,ADD_01_S1,5PN,85.5065364583,12.1583268229,12.1037418735,12.1700058485,0.377083256544,0.376235844529,0.994555140251,76800
1,1,ADD_01_S1,5QC,0.484036458333,0.62521484375,0.620955230496,0.626126232929,1.13651612764,1.13263794632,0.991741278098,76800
2,1,ADD_01_S1,5QC,0.488489583333,0.629124348958,0.589317375887,0.637641470663,1.13485556961,1.09836571872,0.924214316351,76800
3,1,ADD_01_S1,5QC,0.3684375,0.480436197917,0.582483747045,0.458602048558,1.14192070439,1.25736102015,1.27012896884,76800
4,1,ADD_01_S1,5QC,0.470546875,0.61373046875,0.57760786052,0.62145928174,1.14205598861,1.10793708824,0.929437981684,76800
5,1,ADD_01_S1,5QC,0.468359375,0.607705078125,0.630115986998,0.60291002782,1.13908681216,1.15990024546,1.04512440981,76800
6,1,ADD_01_S1,5QC,0.457018229167,0.580442708333,0.630688534279,0.569692083966,1.12697146113,1.17473715845,1.10706915548,76800
7,1,ADD_01_S1,5QC,0.464166666667,0.598382161458,0.605570330969,0.596844176783,1.13540903168,1.14220832219,1.01462048978,76800
8,1,ADD_01_S1,5QC,0.304817708333,0.396705729167,0.556442080378,0.3625284522,1.14081215403,1.35110744162,1.53489216363,76800
9,1,ADD_01_S1,5QC,0.489817708333,0.625162760417,0.61925605792,0.62642656171,1.12974208941,1.12439237256,0.988553320965,76800
10,1,ADD_01_S1,5QC,0.476966145833,0.608753255208,0.620955230496,0.60614251391,1.12973574708,1.1410018996,1.02443767966,76800
1,1,ADD_01_S1,5QT,0.2860546875,0.352854817708,0.33761820331,0.356114852049,1.11064046202,1.08639658752,0.948059878341,76800
2,1,ADD_01_S1,5QT,0.2765234375,0.358951822917,0.333444148936,0.364409458776,1.13933675541,1.0981093187,0.915026053537,76800
3,1,ADD_01_S1,5QT,0.38921875,0.321930338542,0.332095892435,0.319755311077,0.90946099209,0.923708362164,1.03859382762,76800
4,1,ADD_01_S1,5QT,0.295377604167,0.34390625,0.332834663121,0.346275132777,1.07902436769,1.06151342979,0.961185576482,76800
5,1,ADD_01_S1,5QT,0.3119921875,0.33509765625,0.350380466903,0.331827737734,1.0363676201,1.05973696645,1.05591072433,76800
6,1,ADD_01_S1,5QT,0.308177083333,0.35109375,0.362533244681,0.348646149469,1.06736111978,1.08461036072,1.03983148884,76800
7,1,ADD_01_S1,5QT,0.3030859375,0.356546223958,0.336380762411,0.360860837127,1.08461355415,1.05349549307,0.932162007628,76800
8,1,ADD_01_S1,5QT,0.445989583333,0.323645833333,0.363345892435,0.315151587001,0.851868682514,0.902605072391,1.15292420353,76800
9,1,ADD_01_S1,5QT,0.273359375,0.355960286458,0.355385638298,0.356083238493,1.14112649059,1.14020502388,0.998040906956,76800
10,1,ADD_01_S1,5QT,0.299908854167,0.355113932292,0.355477984634,0.355036039454,1.08815111634,1.0887087437,1.00124478963,76800
1,1,ADD_01_S1,5TE,18.7664713542,3.95460611979,3.94158170804,3.95739283005,0.459050333177,0.458293773445,0.996004661986,76800
2,1,ADD_01_S1,5TE,17.8092708333,3.85797200521,3.822731974,3.86551198154,0.465432243876,0.463301658968,0.988932900028,76800
3,1,ADD_01_S1,5TE,20.8473958333,3.89050130208,3.93853427896,3.88022414011,0.431993165786,0.434651726049,1.01502751819,76800
4,1,ADD_01_S1,5TE,18.4238541667,3.87181966146,3.84714834515,3.87709834977,0.458423968843,0.456961091162,0.992275149631,76800
5,1,ADD_01_S1,5TE,19.9055729167,4.14048828125,4.17277999409,4.13357912873,0.45607728112,0.457852302809,1.00948351638,76800
6,1,ADD_01_S1,5TE,18.6136588542,3.886796875,3.87400265957,3.88953433232,0.456961958833,0.45620924534,0.996006804049,76800
7,1,ADD_01_S1,5TE,19.3520963542,3.96550455729,3.90229757683,3.97902835736,0.452673652842,0.449051532912,0.980716201636,76800
8,1,ADD_01_S1,5TE,21.7683854167,3.8591796875,3.81826241135,3.86793437026,0.421050697414,0.418812636641,0.987158014031,76800
9,1,ADD_01_S1,5TE,17.5119401042,3.81251302083,3.7317893026,3.82978471168,0.46659334075,0.461627237987,0.974412292998,76800
10,1,ADD_01_S1,5TE,19.2730338542,4.02358723958,4.07385859929,4.012831152,0.456911058126,0.459756558575,1.01520807753,76800
1,1,ADD_01_S1,5SB,347.271432292,43.8849967448,45.0078863771,43.6447426657,0.355486822135,0.360006034103,1.03123271277,76800
2,1,ADD_01_S1,5SB,315.251614583,39.4786621094,40.6147495567,39.2355842185,0.353877176489,0.358932868748,1.03515088065,76800
3,1,ADD_01_S1,5SB,413.2390625,50.4699544271,44.5771091903,51.7307908131,0.349474725542,0.328439412648,0.861713275395,76800
4,1,ADD_01_S1,5SB,338.384596354,42.1933919271,46.3161199764,41.3112907815,0.353115618633,0.36996512973,1.12114918465,76800
5,1,ADD_01_S1,5SB,410.560052083,50.5558789063,46.8559951241,51.3475080615,0.350911408303,0.337826907797,0.912527148699,76800
6,1,ADD_01_S1,5SB,337.093359375,41.7580729167,37.639590721,42.6392656171,0.351961472166,0.334154525829,0.882744816926,76800
7,1,ADD_01_S1,5SB,356.267148437,44.4570768229,47.3309877364,43.8421732739,0.353250319046,0.364489393481,1.07957667702,76800
8,1,ADD_01_S1,5SB,487.45875,59.9761523438,51.3476470154,61.8223120574,0.350768322045,0.324557267465,0.83056820922,76800
9,1,ADD_01_S1,5SB,313.105729167,38.9450813802,38.8140698877,38.9731126707,0.352679974457,0.352086265929,0.99591916652,76800
10,1,ADD_01_S1,5SB,390.890677083,49.0171028646,45.9916149527,49.664437911,0.354116500091,0.343013863865,0.926047225887,76800
1,1,ADD_01_S1,5Z0,1201.54535156,139.63781901,162.492279846,134.747866085,0.340903487916,0.367744581382,1.20589872454,76800
2,1,ADD_01_S1,5Z0,995.864570312,119.192714844,124.653461141,118.024330583,0.345959065219,0.353795276131,1.05616749127,76800
3,1,ADD_01_S1,5Z0,1585.82164063,177.704186198,172.111812943,178.900733434,0.334750827524,0.329441396007,0.962052025384,76800
4,1,ADD_01_S1,5Z0,1076.93410156,118.923730469,118.77218159,118.95615595,0.332307158849,0.33209535574,0.998453427161,76800
5,1,ADD_01_S1,5Z0,1562.68295573,179.886676432,127.076850621,191.185895612,0.339284532549,0.285166026277,0.664676911515,76800
6,1,ADD_01_S1,5Z0,870.979244792,102.937877604,108.427360372,101.763344872,0.34378244961,0.352830028336,1.06548542118,76800
7,1,ADD_01_S1,5Z0,1118.81160156,126.022447917,147.153276448,121.501284301,0.335618177764,0.362665703791,1.21112527571,76800
8,1,ADD_01_S1,5Z0,1061.27589844,123.667587891,109.596114066,126.678328117,0.341360915243,0.321353790599,0.865152829969,76800
9,1,ADD_01_S1,5Z0,1110.0616276,130.496689453,128.346575798,130.956728945,0.342867406189,0.34003106687,0.980068583199,76800
10,1,ADD_01_S1,5Z0,920.209674479,107.880735677,90.1007498522,111.684951157,0.342395897381,0.312910981812,0.806740289706,76800
1,2,ADD_02_S2,5L8,1.3387890625,0.910445963542,0.874704491726,0.918093228376,0.824652556334,0.808303762801,0.952740380486,76800
2,2,ADD_02_S2,5L8,1.31983072917,0.926728515625,0.917737884161,0.928652156045,0.837948148004,0.833873576009,0.988247190497,76800
3,2,ADD_02_S2,5L8,1.67369791667,0.886110026042,0.939291518913,0.874731284775,0.727621104959,0.749137716294,1.07380579072,76800
4,2,ADD_02_S2,5L8,1.41259114583,0.934088541667,0.903294917258,0.940677162367,0.813178303133,0.799662155735,0.960260282054,76800
5,2,ADD_02_S2,5L8,1.39473958333,0.873714192708,0.855718085106,0.877564649722,0.791476695675,0.78328316435,0.975105464169,76800
6,2,ADD_02_S2,5L8,1.42606770833,0.890458984375,0.918938386525,0.884365515933,0.790199748494,0.802736709357,1.03909341779,76800
7,2,ADD_02_S2,5L8,1.4170703125,0.931256510417,0.93594858156,0.930252592312,0.810660404579,0.812700066661,1.00612305657,76800
8,2,ADD_02_S2,5L8,1.85014322917,0.836604817708,0.869403812057,0.82958712696,0.672446140433,0.685501003215,1.04799578465,76800
9,2,ADD_02_S2,5L8,1.47734375,1.03459635417,1.00557771868,1.04080519727,0.836844357547,0.825024871796,0.966153629242,76800
10,2,ADD_02_S2,5L8,1.41651041667,0.934150390625,0.926935579196,0.93569407562,0.812079436834,0.808937353503,0.990639572642,76800
1,2,ADD_02_S2,5PD,77.317265625,11.6174479167,11.6542183806,11.6095804881,0.387629770257,0.388242730439,1.00384491865,76800
2,2,ADD_02_S2,5PD,81.8152864583,12.2015657552,11.9364103132,12.2582985584,0.386180690464,0.38196154553,0.973741197145,76800
3,2,ADD_02_S2,5PD,73.004453125,10.5473111979,11.7868646572,10.2820956626,0.380098542254,0.401813452289,1.14634847253,76800
4,2,ADD_02_S2,5PD,76.97171875,11.3379882813,11.2094045508,11.3655001265,0.383797737066,0.381615213052,0.9862658419,76800
5,2,ADD_02_S2,5PD,73.91140625,11.2492871094,12.3333518026,11.0173400354,0.390127682555,0.408493196022,1.11944913772,76800
6,2,ADD_02_S2,5PD,80.29703125,11.8897135417,12.1931885343,11.8247818665,0.384800786702,0.38968070306,1.03115547263,76800
7,2,ADD_02_S2,5PD,74.6354296875,10.9687597656,10.8006611998,11.0047262266,0.38335951212,0.380410637621,0.981456601224,76800
8,2,ADD_02_S2,5PD,65.5693229167,9.17486653646,10.4656471631,8.89869040845,0.374067113295,0.399514636779,1.17608846726,76800
9,2,ADD_02_S2,5PD,80.1800911458,11.9445963542,12.105367169,11.9101977428,0.385969036945,0.388557870669,1.01638674944,76800
10,2,ADD_02_S2,5PD,73.1521354167,10.8883072917,11.1778959811,10.8263467375,0.385803959409,0.390900771667,1.03247164091,76800
1,2,ADD_02_S2,5PN,81.9279296875,11.9760742188,12.0639036643,11.9572821826,0.382332528691,0.383731931837,1.0089168659,76800
2,2,ADD_02_S2,5PN,75.5076953125,11.1764322917,11.7104018913,11.0621838644,0.38472994319,0.393813221504,1.05859765438,76800
3,2,ADD_02_S2,5PN,93.5286067708,12.9206966146,12.3193705674,13.0493566641,0.371681317625,0.362929296602,0.944059610328,76800
4,2,ADD_02_S2,5PN,80.7363541667,11.6433951823,12.035608747,11.5594769537,0.379756531365,0.386099699536,1.04118973507,76800
5,2,ADD_02_S2,5PN,90.103203125,12.8196972656,12.1268838652,12.9679319992,0.377197468746,0.366863490784,0.935144004916,76800
6,2,ADD_02_S2,5PN,79.0218229167,11.3914648438,11.5623891844,11.3548937785,0.379678727293,0.382516584871,1.01827365451,76800
7,2,ADD_02_S2,5PN,85.848125,12.2059244792,12.3218823877,12.1811140617,0.377068221173,0.378855086506,1.01155627681,76800
8,2,ADD_02_S2,5PN,102.681588542,13.760374349,12.7746010638,13.9712909396,0.366073958175,0.352717805542,0.91434650664,76800
9,2,ADD_02_S2,5PN,74.1968098958,10.8845963542,10.7381427305,10.9159316515,0.383013028907,0.380427558067,0.983712895365,76800
10,2,ADD_02_S2,5PN,86.4135026042,12.3391178385,12.3938386525,12.3274097433,0.377877689721,0.378714657994,1.00538871592,76800
1,2,ADD_02_S2,5QC,0.4812890625,0.616731770833,0.589963800236,0.622459060445,1.1319967101,1.10715821317,0.94779534547,76800
2,2,ADD_02_S2,5QC,0.492877604167,0.631559244792,0.617353723404,0.634598665908,1.13197674783,1.11917369391,0.972825435301,76800
3,2,ADD_02_S2,5QC,0.397864583333,0.540517578125,0.576721335697,0.532771402377,1.16556707356,1.20396917669,1.08249304134,76800
4,2,ADD_02_S2,5QC,0.475130208333,0.605533854167,0.582095892435,0.610548653263,1.12891928667,1.10685554651,0.953398045059,76800
5,2,ADD_02_S2,5QC,0.472734375,0.611559244792,0.60130393026,0.613753477491,1.13739332765,1.12781646251,0.979715720255,76800
6,2,ADD_02_S2,5QC,0.455572916667,0.585113932292,0.638888888889,0.573608213202,1.13329055876,1.18422361901,1.11380707979,76800
7,2,ADD_02_S2,5QC,0.470625,0.620081380208,0.616965868794,0.620747976732,1.14785451943,1.14496727168,0.993907176373,76800
8,2,ADD_02_S2,5QC,0.330494791667,0.438499348958,0.596483451537,0.404696984067,1.15186654988,1.34343571519,1.47390140035,76800
9,2,ADD_02_S2,5QC,0.4894921875,0.632643229167,0.618665041371,0.635634009863,1.13685885762,1.12422931543,0.973303869475,76800
10,2,ADD_02_S2,5QC,0.478697916667,0.615068359375,0.611942228132,0.615737228123,1.13352453421,1.13064025275,0.993836656582,76800
1,2,ADD_02_S2,5QT,0.290729166667,0.356077473958,0.339077275414,0.359714845726,1.10669500161,1.07995346118,0.942627971688,76800
2,2,ADD_02_S2,5QT,0.278828125,0.3653515625,0.352282801418,0.36814776176,1.14468817216,1.12402878075,0.956905998105,76800
3,2,ADD_02_S2,5QT,0.375598958333,0.304768880208,0.327977245863,0.299803205615,0.900789095319,0.934457744637,1.09397511341,76800
4,2,ADD_02_S2,5QT,0.298033854167,0.3549609375,0.349863327423,0.356051624937,1.09133348776,1.0834688046,0.982619662203,76800
5,2,ADD_02_S2,5QT,0.313359375,0.331529947917,0.336473108747,0.330472306525,1.02858464446,1.03622444719,1.01815826047,76800
6,2,ADD_02_S2,5QT,0.313346354167,0.356901041667,0.362570183215,0.355688069044,1.06723874817,1.07568155079,1.01934873494,76800
7,2,ADD_02_S2,5QT,0.304700520833,0.346790364583,0.335198729314,0.349270517198,1.06683415882,1.04885290045,0.959710919784,76800
8,2,ADD_02_S2,5QT,0.4374609375,0.298356119792,0.337987588652,0.289876549064,0.82584365329,0.878983528284,1.16597078909,76800
9,2,ADD_02_S2,5QT,0.278151041667,0.3571875,0.339742169031,0.360920112544,1.13320316987,1.10518347403,0.941322351461,76800
10,2,ADD_02_S2,5QT,0.302591145833,0.341253255208,0.349678634752,0.339450556399,1.06196521968,1.07499499185,1.03013127585,76800
1,2,ADD_02_S2,5TE,18.9248177083,4.01416992188,4.05758717494,4.00488034269,0.460555553788,0.463039539087,1.01316065094,76800
2,2,ADD_02_S2,5TE,18.148203125,3.96248697917,4.06499335106,3.94055465984,0.467269149242,0.473274498585,1.03157897859,76800
3,2,ADD_02_S2,5TE,21.14921875,4.02988932292,4.04107565012,4.02749589024,0.436515223948,0.437120652264,1.00337176257,76800
4,2,ADD_02_S2,5TE,18.531640625,3.92241861979,3.90780141844,3.92554612418,0.460065891013,0.459207855026,0.995479684819,76800
5,2,ADD_02_S2,5TE,19.8986848958,4.14512695312,4.10272606383,4.15419907056,0.456411659848,0.45407132091,0.987609402954,76800
6,2,ADD_02_S2,5TE,18.9228515625,3.96539388021,3.99178117612,3.95974803996,0.457772684633,0.459293259258,1.00808969052,76800
7,2,ADD_02_S2,5TE,19.5323307292,3.99627278646,4.03477763002,3.98803426909,0.452324933633,0.454498827827,1.01172090252,76800
8,2,ADD_02_S2,5TE,22.2619140625,3.99666666667,4.06924128251,3.98113856222,0.423709023695,0.42753873698,1.02213003112,76800
9,2,ADD_02_S2,5TE,17.7217838542,3.85119140625,3.8868572695,3.84356031866,0.466169477085,0.468323098937,1.01126480327,76800
10,2,ADD_02_S2,5TE,19.2660286458,4.07564453125,4.13262780733,4.06345235837,0.459940918903,0.463145070482,1.01702381198,76800
1,2,ADD_02_S2,5SB,354.85171875,45.1311751302,47.5344267139,44.6169741085,0.356627528948,0.365999653042,1.06538884951,76800
2,2,ADD_02_S2,5SB,319.827460938,40.1177246094,42.5171764184,39.6043365895,0.354168776578,0.364606437611,1.07354850705,76800
3,2,ADD_02_S2,5SB,419.346705729,51.4933138021,47.0530622045,52.4433524595,0.350419933466,0.334971091507,0.897216901623,76800
4,2,ADD_02_S2,5SB,340.210221354,41.9026269531,47.9821032801,40.6018588771,0.35095137357,0.375548439614,1.18177109638,76800
5,2,ADD_02_S2,5SB,421.331679688,52.1749674479,48.2709441489,53.0102744057,0.351899812988,0.338478306441,0.910596005966,76800
6,2,ADD_02_S2,5SB,344.968684896,42.1374479167,40.2235150709,42.5469540339,0.349497664413,0.341468127938,0.945391179798,76800
7,2,ADD_02_S2,5SB,367.139817708,46.177483724,51.3462433511,45.0715730905,0.354649529466,0.37397157501,1.13921569251,76800
8,2,ADD_02_S2,5SB,497.330169271,61.0360677083,55.0625369385,62.3141676151,0.350324790012,0.33274053139,0.883627897891,76800
9,2,ADD_02_S2,5SB,316.491627604,39.4673046875,40.0388408688,39.3450184939,0.353132444963,0.355680155443,1.0176343131,76800
10,2,ADD_02_S2,5SB,399.670924479,50.3692252604,47.8983082151,50.8979040212,0.355002456248,0.34618544908,0.941066417885,76800
1,2,ADD_02_S2,5Z0,1212.33946615,140.583795573,163.345356826,135.713719493,0.340530103669,0.367063562529,1.20360238771,76800
2,2,ADD_02_S2,5Z0,1004.03730469,119.927275391,127.71422503,118.261175392,0.345608216588,0.356652039304,1.0799336689,76800
3,2,ADD_02_S2,5Z0,1580.4521875,179.176962891,174.257775561,180.229474899,0.336705650364,0.332051465998,0.966866133629,76800
4,2,ADD_02_S2,5Z0,1075.17666667,119.307675781,118.334995567,119.515790971,0.333115067556,0.331754394249,0.990120172454,76800
5,2,ADD_02_S2,5Z0,1582.13559896,182.83195638,129.709035165,194.198165623,0.33994151216,0.286327633063,0.667921011247,76800
6,2,ADD_02_S2,5Z0,868.334934896,102.07858724,108.350602098,100.736623514,0.342865421798,0.353241749916,1.07558302352,76800
7,2,ADD_02_S2,5Z0,1123.65148438,127.914511719,147.38759604,123.74803996,0.337399235156,0.36217181768,1.19102974147,76800
8,2,ADD_02_S2,5Z0,1067.7852474,124.067369792,110.559138593,126.957598318,0.340868468623,0.321777271658,0.870835145419,76800
9,2,ADD_02_S2,5Z0,1111.44518229,130.885315755,130.411218233,130.98675392,0.343163776593,0.342541702639,0.995606153523,76800
10,2,ADD_02_S2,5Z0,920.523020833,106.228063151,88.1288785461,110.100574576,0.339705285815,0.309415307063,0.800439769594,76800
1,3,ADD_03_S3,5L8,1.31286458333,0.896360677083,0.887891548463,0.898172736469,0.826287973392,0.822375180473,0.98855321745,76800
2,3,ADD_03_S3,5L8,1.27875,0.906936848958,0.890070921986,0.910545491907,0.842162114758,0.83429469723,0.977513951687,76800
3,3,ADD_03_S3,5L8,1.67135416667,0.867900390625,0.915299940898,0.857758756955,0.720610685495,0.740026842624,1.06708317866,76800
4,3,ADD_03_S3,5L8,1.38817708333,0.933014322917,0.894171099291,0.941325240263,0.819826061625,0.802579161087,0.949906643362,76800
5,3,ADD_03_S3,5L8,1.3842578125,0.863492838542,0.843472960993,0.867776302479,0.789806817879,0.780597382917,0.971993540942,76800
6,3,ADD_03_S3,5L8,1.39311197917,0.8738671875,0.873153073286,0.874019979767,0.792008245341,0.791684569187,0.999008138827,76800
7,3,ADD_03_S3,5L8,1.40111979167,0.908463541667,0.955433658392,0.898413789833,0.805222900266,0.825776718527,1.06346726776,76800
8,3,ADD_03_S3,5L8,1.87608072917,0.835904947917,0.869071365248,0.828808643146,0.667502177431,0.6806156941,1.04857903261,76800
9,3,ADD_03_S3,5L8,1.44208333333,0.992744140625,0.963984929078,0.998897477238,0.829704580027,0.817598231343,0.965048917475,76800
10,3,ADD_03_S3,5L8,1.39819010417,0.931927083333,0.92458998227,0.933496933485,0.816409133302,0.813188970963,0.990458510471,76800
1,3,ADD_03_S3,5PD,75.2110026042,10.9995507813,11.1756242612,10.9618780033,0.38242544919,0.385474103311,1.01949905462,76800
2,3,ADD_03_S3,5PD,80.5193359375,11.8908268229,11.3723219563,12.0017664074,0.384287213956,0.375815320766,0.947554015817,76800
3,3,ADD_03_S3,5PD,72.6871223958,9.97938151042,11.0088283097,9.75912051088,0.370529742826,0.3891722017,1.12805537112,76800
4,3,ADD_03_S3,5PD,74.8289322917,10.7562858073,10.9530880615,10.7141778895,0.379137194819,0.38258991282,1.02229850712,76800
5,3,ADD_03_S3,5PD,70.6606770833,10.1553190104,11.2630023641,9.91831847496,0.379103582024,0.399243808994,1.13557579266,76800
6,3,ADD_03_S3,5PD,78.3419140625,11.216468099,11.3182070035,11.1946999874,0.378382440237,0.380094624206,1.01103263297,76800
7,3,ADD_03_S3,5PD,72.3355859375,10.3258919271,10.1702681738,10.3591892704,0.377822472544,0.374964541387,0.98176294576,76800
8,3,ADD_03_S3,5PD,64.2538802083,8.50925130208,9.48627733452,8.30020627845,0.363911680384,0.384236156115,1.14289657585,76800
9,3,ADD_03_S3,5PD,79.016953125,11.5918261719,11.8898862293,11.5280530792,0.383015006812,0.387907976307,1.03138718634,76800
10,3,ADD_03_S3,5PD,70.548828125,10.0299869792,10.2830599882,9.97583933991,0.377055502114,0.381782733053,1.03079647113,76800
1,3,ADD_03_S3,5PN,86.9200911458,12.9290299479,13.1470153664,12.8823896687,0.38567623971,0.388913929902,1.02054166226,76800
2,3,ADD_03_S3,5PN,77.8132942708,11.6222916667,12.3809101655,11.4599772382,0.386472844928,0.398886543258,1.08036079899,76800
3,3,ADD_03_S3,5PN,98.8461067708,14.0800488281,13.4431146572,14.2163276113,0.377417728235,0.368782383685,0.945610921807,76800
4,3,ADD_03_S3,5PN,86.1352864583,12.5959635417,13.1974179965,12.467276018,0.382406394895,0.391429844133,1.05856467583,76800
5,3,ADD_03_S3,5PN,100.3790625,14.4788378906,13.0221631206,14.7905088202,0.379791538929,0.360180335252,0.880440509443,76800
6,3,ADD_03_S3,5PN,83.1253776042,12.1680696615,12.19102763,12.163157562,0.382599174023,0.382959936282,1.0022913514,76800
7,3,ADD_03_S3,5PN,92.5048046875,13.4905957031,13.6840647163,13.4492009674,0.381885719475,0.38461428861,1.01746302621,76800
8,3,ADD_03_S3,5PN,107.606015625,14.9019759115,14.0423315603,15.0859058864,0.372137686236,0.361244576957,0.930824550145,76800
9,3,ADD_03_S3,5PN,76.7187630208,11.4809602865,11.3601507092,11.5068087696,0.386846178881,0.38480548211,0.987254671272,76800
10,3,ADD_03_S3,5PN,93.5731119792,13.7028385417,14.0902593085,13.6199457828,0.382674685282,0.388046665849,1.03453123333,76800
1,3,ADD_03_S3,5QC,0.4846484375,0.62177734375,0.61447251773,0.623340288316,1.13267166983,1.1259985298,0.985773788808,76800
2,3,ADD_03_S3,5QC,0.493841145833,0.630657552083,0.603427895981,0.636483624178,1.13006432412,1.10539897077,0.948065076709,76800
3,3,ADD_03_S3,5QC,0.3775,0.494817708333,0.588855644208,0.474697300202,1.1448909932,1.24895256163,1.24048660895,76800
4,3,ADD_03_S3,5QC,0.469830729167,0.599632161458,0.582834663121,0.603226163379,1.1297224261,1.11378657097,0.966195928663,76800
5,3,ADD_03_S3,5QC,0.466393229167,0.618203125,0.636321660757,0.614326473192,1.15130258443,1.16805215521,1.03580374365,76800
6,3,ADD_03_S3,5QC,0.456927083333,0.588561197917,0.645482417258,0.576382302731,1.13493859021,1.18855356229,1.11988590593,76800
7,3,ADD_03_S3,5QC,0.468307291667,0.606744791667,0.612182328605,0.605581373293,1.13824976299,1.14333878082,1.01090019542,76800
8,3,ADD_03_S3,5QC,0.306106770833,0.392626953125,0.594433362884,0.34944834345,1.13254009701,1.39352614177,1.70106218566,76800
9,3,ADD_03_S3,5QC,0.490729166667,0.618216145833,0.615543735225,0.618787936267,1.12240407825,1.11997549953,0.994757168242,76800
10,3,ADD_03_S3,5QC,0.4801171875,0.634889322917,0.645223847518,0.632678142387,1.14994054056,1.15926194248,1.01982952198,76800
1,3,ADD_03_S3,5QT,0.287161458333,0.359010416667,0.356881648936,0.359465888973,1.11812523655,1.11480532196,0.992810889385,76800
2,3,ADD_03_S3,5QT,0.270833333333,0.355865885417,0.336787086288,0.359947995701,1.14628371102,1.11513297385,0.935654845451,76800
3,3,ADD_03_S3,5QT,0.383971354167,0.332233072917,0.343934692671,0.329729387962,0.930190755054,0.946430178253,1.04308170648,76800
4,3,ADD_03_S3,5QT,0.2951953125,0.365345052083,0.341626034279,0.37041998609,1.1124919742,1.07577327559,0.922266743445,76800
5,3,ADD_03_S3,5QT,0.314375,0.337412109375,0.334496897163,0.338035849772,1.0359918318,1.03150668186,0.989530836411,76800
6,3,ADD_03_S3,5QT,0.306393229167,0.359296875,0.350048020095,0.361275765048,1.08289696881,1.06886838302,0.968921953697,76800
7,3,ADD_03_S3,5QT,0.301002604167,0.350354817708,0.34323286052,0.351878635559,1.07886951194,1.06784766759,0.975429667601,76800
8,3,ADD_03_S3,5QT,0.455520833333,0.31625,0.350251182033,0.308975088518,0.833222799286,0.876870950316,1.13359036067,76800
9,3,ADD_03_S3,5QT,0.271888020833,0.366529947917,0.364878841608,0.366883219525,1.16107345439,1.15845536066,0.994536741363,76800
10,3,ADD_03_S3,5QT,0.296002604167,0.357786458333,0.362182328605,0.356845915529,1.0994213936,1.10615468318,1.01495439024,76800
1,3,ADD_03_S3,5TE,19.45671875,4.04770833333,4.17649231678,4.02015364188,0.456110221417,0.463309326617,1.03888873133,76800
2,3,ADD_03_S3,5TE,18.3078125,3.85502929688,3.98805038416,3.82656803237,0.458876284785,0.466726102491,1.04220030858,76800
3,3,ADD_03_S3,5TE,22.1605859375,4.24920247396,4.26283614066,4.24628540718,0.437888049815,0.438589974316,1.0038976969,76800
4,3,ADD_03_S3,5TE,19.2137890625,3.96079101562,4.12234042553,3.92622581563,0.454029900747,0.463196658109,1.04994990587,76800
5,3,ADD_03_S3,5TE,21.5051822917,4.39923828125,4.19640218676,4.44263720283,0.452290201055,0.441740265844,0.944574583782,76800
6,3,ADD_03_S3,5TE,19.314921875,3.96807617187,4.01150635343,3.9587838265,0.453255958724,0.455729628324,1.01331785953,76800
7,3,ADD_03_S3,5TE,20.4357421875,4.1498828125,4.16478280142,4.14669480273,0.450632706203,0.451440970732,1.00436202796,76800
8,3,ADD_03_S3,5TE,23.2354557292,4.26226888021,4.18596705083,4.27859446131,0.428296794605,0.424445863343,0.97835097219,76800
9,3,ADD_03_S3,5TE,17.9465625,3.80308268229,3.71878693853,3.82111864568,0.460338444468,0.455208130681,0.973219437387,76800
10,3,ADD_03_S3,5TE,20.3312630208,4.21287109375,4.41821808511,4.1689349393,0.455204876569,0.466166858956,1.05979540325,76800
1,3,ADD_03_S3,5SB,384.601210938,51.0647786458,54.3653590426,50.3585846611,0.364380731356,0.375972263164,1.07956487277,76800
2,3,ADD_03_S3,5SB,338.861523438,44.4357421875,47.6686798168,43.7440210862,0.362122149565,0.375064044621,1.08971874631,76800
3,3,ADD_03_S3,5SB,445.159765625,57.3650325521,53.3727652187,58.2192202516,0.358976211309,0.346259660957,0.916755067965,76800
4,3,ADD_03_S3,5SB,363.401757813,46.7833919271,52.8906619385,45.4766770991,0.358799923056,0.381501271125,1.16302828862,76800
5,3,ADD_03_S3,5SB,470.8346875,60.9227473958,54.6792442376,62.2586107423,0.359712487479,0.34078229723,0.878259948073,76800
6,3,ADD_03_S3,5SB,374.731315104,48.4765364583,45.736037234,49.0628951694,0.359671310927,0.349356857795,0.932191976769,76800
7,3,ADD_03_S3,5SB,399.870924479,52.5554817708,58.9511487884,51.1870613619,0.362534296,0.383960212146,1.15168066343,76800
8,3,ADD_03_S3,5SB,520.837851562,65.6746582031,62.6191452423,66.3284174254,0.355097521651,0.346738685309,0.94407717948,76800
9,3,ADD_03_S3,5SB,332.845182292,43.1852864583,43.6034833038,43.0958088328,0.360202534852,0.361942394082,1.01178013558,76800
10,3,ADD_03_S3,5SB,433.940911458,56.7149772135,55.1900487589,57.0412517387,0.36152104405,0.356627714587,0.967546242001,76800
1,3,ADD_03_S3,5Z0,1231.47292969,141.594833984,163.719193262,136.861093987,0.339087101117,0.364617377578,1.19624349399,76800
2,3,ADD_03_S3,5Z0,1015.24514323,119.930442708,126.359504285,118.554877181,0.34369978315,0.35279181158,1.06583134569,76800
3,3,ADD_03_S3,5Z0,1600.41483073,178.861897786,173.215037677,180.07010306,0.334304816395,0.328985315015,0.961931129786,76800
4,3,ADD_03_S3,5Z0,1073.55871094,119.449527995,119.562389184,119.425380153,0.33356411196,0.333721657807,1.00114723546,76800
5,3,ADD_03_S3,5Z0,1628.00643229,185.033225911,131.512983895,196.484446131,0.33712953536,0.284221061795,0.669330252266,76800
6,3,ADD_03_S3,5Z0,884.280911458,103.037877604,108.990340573,101.764285376,0.341352688021,0.35107417158,1.07100777224,76800
7,3,ADD_03_S3,5Z0,1137.25839844,128.280898438,149.290226064,123.785731222,0.335854692155,0.362314830728,1.20603743736,76800
8,3,ADD_03_S3,5Z0,1085.64904948,124.804541016,111.579399379,127.634199545,0.339055243773,0.320588014231,0.874212395874,76800
9,3,ADD_03_S3,5Z0,1114.31717448,129.771217448,129.037566489,129.928189808,0.341259521438,0.340293512801,0.993145264936,76800
10,3,ADD_03_S3,5Z0,934.663476563,107.618098958,89.9932587175,111.389119404,0.339324346923,0.310296840084,0.807917857675,76800
1,4,ADD_04_D0,5L8,1.4863671875,1.47355794271,1.48625886525,1.47084044638,0.995681766458,0.999963560745,1.010482727,76800
2,4,ADD_04_D0,5L8,1.42251302083,1.43362955729,1.44983747045,1.43016170334,1.00389975438,1.00955860459,1.01375772199,76800
3,4,ADD_04_D0,5L8,1.82609375,1.36580403646,1.45423315603,1.34688369373,0.86483381246,0.892391625499,1.07970210256,76800
4,4,ADD_04_D0,5L8,1.4744140625,1.42837890625,1.55815972222,1.40061093197,0.984264863489,1.02800743272,1.11248576365,76800
5,4,ADD_04_D0,5L8,1.63029947917,1.59949869792,1.50326906028,1.62008804375,0.990508599828,0.960250771206,0.927893435224,76800
6,4,ADD_04_D0,5L8,1.56553385417,1.41131510417,1.45685579196,1.40157119373,0.949468941628,0.964666174943,1.03944473066,76800
7,4,ADD_04_D0,5L8,1.52420572917,1.44737630208,1.40881722813,1.45562642261,0.974471033219,0.961403130836,0.967842577085,76800
8,4,ADD_04_D0,5L8,2.00963541667,1.39446614583,1.48127216312,1.37589308295,0.83300066791,0.858536557703,1.07658958495,76800
9,4,ADD_04_D0,5L8,1.25291666667,1.27599283854,1.31194592199,1.26830029717,1.00916696451,1.02328562622,1.03441268989,76800
10,4,ADD_04_D0,5L8,1.50154947917,1.46721679688,1.59145981087,1.44063369373,0.988501474049,1.0295039425,1.10469428683,76800
1,4,ADD_04_D0,5PD,85.6793489583,13.585250651,13.3956117021,13.6258259041,0.398194950936,0.395405946329,0.983104568953,76800
2,4,ADD_04_D0,5PD,85.1852604167,13.6208398437,13.2770390071,13.6943996586,0.399870822071,0.394792040248,0.969523260465,76800
3,4,ADD_04_D0,5PD,86.0254296875,13.0945084635,13.2454750296,13.0622075746,0.390149608156,0.392392180115,1.01403035849,76800
4,4,ADD_04_D0,5PD,84.0573177083,13.2507942708,13.1272532506,13.277227175,0.397039021535,0.395183831983,0.988704424316,76800
5,4,ADD_04_D0,5PD,84.7382291667,13.1595279948,13.1167072991,13.1686899342,0.39407643361,0.393434754941,0.996052558345,76800
6,4,ADD_04_D0,5PD,83.8578645833,13.2819986979,13.5535424054,13.2238990579,0.397978689089,0.402026341645,1.02492784814,76800
7,4,ADD_04_D0,5PD,85.8894401042,13.3751888021,13.073563091,13.439724804,0.394620892751,0.390145945253,0.972755267067,76800
8,4,ADD_04_D0,5PD,86.4905208333,13.103515625,13.6266068262,12.9915947458,0.389233005107,0.396926053766,1.04887868601,76800
9,4,ADD_04_D0,5PD,85.3405598958,13.5251106771,13.2779255319,13.5779985458,0.398100451305,0.394445831135,0.977900055531,76800
10,4,ADD_04_D0,5PD,85.2549609375,13.3498046875,13.0469673463,13.4145999305,0.395710547224,0.391196497576,0.97259459201,76800
1,4,ADD_04_D0,5PN,82.5383463542,12.3465201823,12.2919437057,12.358197395,0.386762539831,0.385906771782,0.99463888727,76800
2,4,ADD_04_D0,5PN,77.437109375,11.7444824219,11.8433252069,11.7233339656,0.389441630309,0.391076987308,1.01023524891,76800
3,4,ADD_04_D0,5PN,89.9479036458,12.7335904948,12.2390846631,12.8393952327,0.376252952474,0.36887476557,0.953244638188,76800
4,4,ADD_04_D0,5PN,85.7800651042,12.6278059896,12.3197953605,12.693708112,0.383681416414,0.378973254414,0.970543457576,76800
5,4,ADD_04_D0,5PN,92.5610416667,13.2890494792,12.58165263,13.4404044954,0.378907186625,0.368684371688,0.936106694875,76800
6,4,ADD_04_D0,5PN,83.1882291667,12.1652278646,11.9714834515,12.206681525,0.38240995044,0.379352582551,0.980732021801,76800
7,4,ADD_04_D0,5PN,86.1512109375,12.5421289062,12.488456708,12.5536126391,0.381553056514,0.380735781096,0.994809786399,76800
8,4,ADD_04_D0,5PN,91.9300651042,13.0776302083,12.4559877364,13.2106371712,0.377168784834,0.368095325363,0.942875621741,76800
9,4,ADD_04_D0,5PN,79.4404036458,11.9658919271,11.6534242021,12.0327476922,0.388107304811,0.383006422675,0.968475738062,76800
10,4,ADD_04_D0,5PN,87.10359375,12.7815071615,12.7585143322,12.7864267198,0.383065462171,0.382720756209,0.997817029868,76800
1,4,ADD_04_D0,5QC,0.4823828125,1.01060546875,1.01220818558,1.01026255058,1.44742113342,1.44856840962,1.00192587065,76800
2,4,ADD_04_D0,5QC,0.487369791667,1.00064778646,0.972222222222,1.00672973571,1.43288493277,1.41238620878,0.965723160581,76800
3,4,ADD_04_D0,5QC,0.3523046875,0.785472005208,0.978095449173,0.744258187911,1.49315930399,1.66621641362,1.3141883624,76800
4,4,ADD_04_D0,5QC,0.4733203125,0.999521484375,0.973238031915,1.00514510622,1.45317693307,1.43394325221,0.968256250655,76800
5,4,ADD_04_D0,5QC,0.466588541667,1.04526041667,1.00973330378,1.05286181715,1.49673604441,1.47108004948,0.959036872016,76800
6,4,ADD_04_D0,5QC,0.454114583333,0.937356770833,1.01089686761,0.921622091553,1.43671205535,1.49200645111,1.09686700967,76800
7,4,ADD_04_D0,5QC,0.461080729167,1.0141015625,1.01494163712,1.01392181968,1.48303786734,1.48365200926,1.00100581467,76800
8,4,ADD_04_D0,5QC,0.2902734375,0.680270182292,0.903091755319,0.632595156803,1.53086561941,1.76385260461,1.42759827609,76800
9,4,ADD_04_D0,5QC,0.492356770833,1.01205403646,0.985039893617,1.01783399722,1.43371191117,1.41444789099,0.967780498891,76800
10,4,ADD_04_D0,5QC,0.4740234375,1.02443033854,1.04454787234,1.02012598002,1.47008114737,1.48444553144,1.02394007485,76800
1,4,ADD_04_D0,5QT,0.288346354167,0.497926432292,0.502733451537,0.496897919828,1.31409075025,1.32041867985,1.01174392461,76800
2,4,ADD_04_D0,5QT,0.277278645833,0.520732421875,0.526521867612,0.519493708902,1.37040551307,1.37800246473,1.01352886202,76800
3,4,ADD_04_D0,5QT,0.409427083333,0.472652994792,0.5078125,0.46513024785,1.07444186793,1.11368766549,1.09176408618,76800
4,4,ADD_04_D0,5QT,0.294440104167,0.492200520833,0.505152925532,0.489429217248,1.29292267806,1.30982403354,1.03212662368,76800
5,4,ADD_04_D0,5QT,0.3135546875,0.486080729167,0.503546099291,0.482343829034,1.24508084858,1.267251953,1.04395675653,76800
6,4,ADD_04_D0,5QT,0.312630208333,0.473837890625,0.51026891253,0.466043089277,1.2311172687,1.27756817623,1.09489642539,76800
7,4,ADD_04_D0,5QT,0.310091145833,0.490455729167,0.474974143026,0.493768177795,1.25763676014,1.23762849804,0.961937533412,76800
8,4,ADD_04_D0,5QT,0.463216145833,0.397936197917,0.471483451537,0.382199987355,0.926861576661,1.00888434417,1.23360404797,76800
9,4,ADD_04_D0,5QT,0.273606770833,0.49513671875,0.496102984634,0.494929975974,1.34523806265,1.34655004785,1.00237004974,76800
10,4,ADD_04_D0,5QT,0.300299479167,0.503072916667,0.516825502364,0.500130405918,1.29430962031,1.31188171297,1.0333814866,76800
1,4,ADD_04_D0,5TE,18.1365625,4.48567708333,4.4374445922,4.49599693349,0.497320675289,0.494639714973,0.986976783536,76800
2,4,ADD_04_D0,5TE,17.7130859375,4.46204427083,4.42000960402,4.47103803111,0.501903035859,0.499533354179,0.98858689487,76800
3,4,ADD_04_D0,5TE,19.2711979167,4.36999348958,4.37850916076,4.36817147193,0.47619632466,0.476660073373,1.0023665941,76800
4,4,ADD_04_D0,5TE,17.7568880208,4.44876627604,4.44357638889,4.44987670713,0.500537208227,0.500245162126,0.99858415892,76800
5,4,ADD_04_D0,5TE,18.7965494792,4.61807291667,4.55627585697,4.63129504932,0.495668507626,0.492340926995,0.983801681485,76800
6,4,ADD_04_D0,5TE,18.0041666667,4.32045247396,4.40109707447,4.30319771118,0.489866909401,0.494417644966,1.02275037539,76800
7,4,ADD_04_D0,5TE,18.453359375,4.50826497396,4.48286052009,4.51370052479,0.494273124784,0.492878521932,0.993167467686,76800
8,4,ADD_04_D0,5TE,19.8825260417,4.35091471354,4.35466533688,4.35011222812,0.467793847069,0.467995430033,1.00104666466,76800
9,4,ADD_04_D0,5TE,17.5524739583,4.38445638021,4.29009677896,4.40464561204,0.499791318662,0.494383964717,0.973993632367,76800
10,4,ADD_04_D0,5TE,18.46375,4.52038085937,4.58979757683,4.50552842059,0.494797569987,0.498582247066,1.01870350121,76800
1,4,ADD_04_D0,5SB,279.735455729,36.9233626302,37.2010010343,36.8639589656,0.363309592741,0.364672954337,1.00914286143,76800
2,4,ADD_04_D0,5SB,275.499244792,36.027985026,34.5590277778,36.3422839213,0.361626110608,0.354177160506,0.950931643497,76800
3,4,ADD_04_D0,5SB,272.57796875,35.5603645833,35.8269983747,35.5033154717,0.361191671016,0.362543260807,1.00911697679,76800
4,4,ADD_04_D0,5SB,255.320338542,32.7406738281,32.8127031619,32.7252623925,0.358097344795,0.358491034651,1.00267196542,76800
5,4,ADD_04_D0,5SB,287.566848958,37.8185123698,35.8727467494,38.2348294449,0.362645933083,0.353193665928,0.93822170179,76800
6,4,ADD_04_D0,5SB,266.904674479,34.2877864583,33.5400229019,34.4477783574,0.358419504007,0.354489672681,0.973648359959,76800
7,4,ADD_04_D0,5SB,268.743020833,34.983046875,36.2003176714,34.7225989504,0.360794757725,0.36701819374,1.04255783742,76800
8,4,ADD_04_D0,5SB,267.756236979,34.7099674479,35.3020279255,34.5832898647,0.360045431988,0.363103160551,1.02078281342,76800
9,4,ADD_04_D0,5SB,263.882161458,34.6429720052,34.2420397459,34.7287556904,0.362328549225,0.36022578559,0.985985217872,76800
10,4,ADD_04_D0,5SB,272.928411458,35.289078776,34.4799608452,35.4621980905,0.359580214277,0.355434032073,0.972301851034,76800
1,4,ADD_04_D0,5Z0,1148.69035156,148.676526693,161.81931516,145.864488493,0.359765667985,0.375330357793,1.10938115803,76800
2,4,ADD_04_D0,5Z0,1029.47795573,134.104690755,120.564568558,137.001742697,0.360922085994,0.342216797211,0.880022152888,76800
3,4,ADD_04_D0,5Z0,999.390846354,126.803610026,105.454805703,131.371411861,0.356203453084,0.324837009956,0.802722633556,76800
4,4,ADD_04_D0,5Z0,841.035039063,107.919964193,123.680056885,104.547926151,0.3582150691,0.383480065891,1.18299866328,76800
5,4,ADD_04_D0,5Z0,1288.8880599,164.16453125,193.356198286,157.918666224,0.356888098412,0.387321360809,1.22440369406,76800
6,4,ADD_04_D0,5Z0,1081.88880208,145.114876302,124.313312648,149.565590225,0.366239055333,0.338974873154,0.831162518469,76800
7,4,ADD_04_D0,5Z0,837.383359375,106.946090495,159.428394651,95.7169480273,0.35737181141,0.436335625603,1.6656234652,76800
8,4,ADD_04_D0,5Z0,1393.77339844,195.475410156,199.248263889,194.668168311,0.374498412335,0.378095220353,1.02352770675,76800
9,4,ADD_04_D0,5Z0,1165.75105469,149.860071615,143.073101359,151.312215478,0.358542018713,0.350328998176,0.945548916242,76800
10,4,ADD_04_D0,5Z0,1353.50135417,182.989749349,184.261820331,182.717576347,0.367691875499,0.368967684969,1.00845153496,76800
1,5,ADD_05_D1,5L8,1.48723958333,1.60375976562,1.64487293144,1.59496317021,1.03843469308,1.05166085527,1.03129210891,76800
2,5,ADD_05_D1,5L8,1.4160546875,1.54593424479,1.57816193853,1.53903878983,1.04485372607,1.05568844867,1.02542050854,76800
3,5,ADD_05_D1,5L8,1.770234375,1.649609375,1.64939790189,1.6496546219,0.965328599676,0.965266722124,0.99984437954,76800
4,5,ADD_05_D1,5L8,1.4880859375,1.57291992188,1.67185653073,1.551751391,1.02810932969,1.0599502868,1.07739973067,76800
5,5,ADD_05_D1,5L8,1.6333984375,1.76573242187,1.60677083333,1.7997439302,1.03971995144,0.99181552468,0.89277747038,76800
6,5,ADD_05_D1,5L8,1.56009114583,1.55894856771,1.53387263593,1.56431382777,0.999633743386,0.99156151841,0.980540227098,76800
7,5,ADD_05_D1,5L8,1.50533854167,1.60403645833,1.54054004137,1.61762218639,1.03226220628,1.01162465401,0.952348486766,76800
8,5,ADD_05_D1,5L8,1.97091145833,1.74749023438,1.65482786643,1.76731632524,0.9416159828,0.916310905999,0.936350693306,76800
9,5,ADD_05_D1,5L8,1.26111979167,1.39985677083,1.424294474,1.39462806651,1.05357056921,1.06272702296,1.02127191342,76800
10,5,ADD_05_D1,5L8,1.49630208333,1.61354492187,1.67730496454,1.59990278832,1.03843876052,1.05875719797,1.04837929953,76800
1,5,ADD_05_D1,5PD,86.2237890625,13.6218196615,13.5231050532,13.642940693,0.397469685607,0.396026875175,0.99121628962,76800
2,5,ADD_05_D1,5PD,84.3121744792,13.6382486979,13.53981974,13.6593086115,0.402192675965,0.400738710261,0.991252202071,76800
3,5,ADD_05_D1,5PD,85.9327604167,13.2529947917,13.4752696513,13.2054367413,0.392715128838,0.39599467947,1.0204334711,76800
4,5,ADD_05_D1,5PD,85.5445052083,13.4131640625,13.0240654551,13.4964158131,0.39597663345,0.390190980103,0.965001792731,76800
5,5,ADD_05_D1,5PD,84.8816927083,13.2709765625,13.0476876478,13.3187515807,0.395407065347,0.392066521817,0.979647947386,76800
6,5,ADD_05_D1,5PD,84.2527864583,13.367874349,13.5332262116,13.3324955741,0.398326353808,0.400782300773,1.01505574379,76800
7,5,ADD_05_D1,5PD,85.90359375,13.5512076823,13.2975768322,13.6054746775,0.39717630778,0.393441881048,0.977369562423,76800
8,5,ADD_05_D1,5PD,86.8135026042,13.2610904948,13.7899120863,13.1479435382,0.390837278022,0.398553942336,1.04882653673,76800
9,5,ADD_05_D1,5PD,85.2617317708,13.4785970052,13.4050310284,13.4943372218,0.397598987306,0.396512458109,0.993381950372,76800
10,5,ADD_05_D1,5PD,85.4321614583,13.383046875,13.1585586584,13.4310784965,0.395791809249,0.39245825027,0.979709757624,76800
1,5,ADD_05_D1,5PN,84.1924088542,12.6543326823,12.7068188534,12.6431027124,0.38768871201,0.388491885147,1.00503959688,76800
2,5,ADD_05_D1,5PN,78.8317317708,12.0502473958,12.2269688239,12.0124359825,0.390973613325,0.393830066534,1.01785922869,76800
3,5,ADD_05_D1,5PN,89.2265364583,12.611188151,12.4751588357,12.6402930577,0.375950775493,0.373917700584,0.986935886596,76800
4,5,ADD_05_D1,5PN,87.205859375,12.8397070313,12.5346298759,12.9049815061,0.383711419323,0.379125437234,0.971301653551,76800
5,5,ADD_05_D1,5PN,93.1621875,13.6839908854,13.0927711288,13.8104885875,0.383253870394,0.374883174922,0.948030987165,76800
6,5,ADD_05_D1,5PN,83.9849479167,12.4377994792,12.1997635934,12.4887297673,0.384831883922,0.381131618291,0.976861844293,76800
7,5,ADD_05_D1,5PN,87.1638802083,12.7921061198,13.0123928783,12.7449734446,0.383091705694,0.386376145882,1.0209823453,76800
8,5,ADD_05_D1,5PN,91.6002083333,12.8574088542,12.8485704787,12.8592999178,0.374652380534,0.374523587568,0.999165628055,76800
9,5,ADD_05_D1,5PN,81.0675520833,12.4001009115,11.9900820035,12.487828781,0.391101138415,0.384580754435,0.960141447631,76800
10,5,ADD_05_D1,5PN,87.3408984375,12.8381477865,13.0447140957,12.7939507461,0.383391392102,0.386463475315,1.01960014968,76800
1,5,ADD_05_D1,5QC,0.484036458333,0.956067708333,0.961159131206,0.954978344714,1.4054172757,1.40915449658,1.0064721745,76800
2,5,ADD_05_D1,5QC,0.488489583333,0.919007161458,0.899841164303,0.92310792868,1.37161363672,1.35723570047,0.974795185205,76800
3,5,ADD_05_D1,5QC,0.3684375,0.75423828125,0.908152334515,0.721306746333,1.43077839038,1.56999199645,1.25903762738,76800
4,5,ADD_05_D1,5QC,0.470546875,0.905302734375,0.887632978723,0.909083364947,1.38706070761,1.3734576351,0.976404379343,76800
5,5,ADD_05_D1,5QC,0.468359375,0.971214192708,0.925531914894,0.980988397825,1.44001793536,1.40574352123,0.94346876777,76800
6,5,ADD_05_D1,5QC,0.457018229167,0.862275390625,0.933381353428,0.84706151998,1.37358719691,1.4291005905,1.10190503454,76800
7,5,ADD_05_D1,5QC,0.464166666667,0.919791666667,0.932956560284,0.916974898837,1.40769238316,1.41773067735,1.01742867931,76800
8,5,ADD_05_D1,5QC,0.304817708333,0.646282552083,0.864029255319,0.599693348508,1.45609972151,1.68362019692,1.44078512371,76800
9,5,ADD_05_D1,5QC,0.489817708333,0.931015625,0.913582299054,0.934745668943,1.3786729155,1.36570404951,0.977359221238,76800
10,5,ADD_05_D1,5QC,0.476966145833,0.960979817708,0.966847665485,0.959724329793,1.41942796098,1.42375495687,1.0074222727,76800
1,5,ADD_05_D1,5QT,0.2860546875,0.455100911458,0.43020463948,0.460427731411,1.26133172209,1.22634597614,0.93435866289,76800
2,5,ADD_05_D1,5QT,0.2765234375,0.467939453125,0.443705673759,0.473124525797,1.30085490271,1.26672259583,0.93782006547,76800
3,5,ADD_05_D1,5QT,0.38921875,0.417913411458,0.458905880615,0.409142640364,1.03620641708,1.08583774634,1.12162809578,76800
4,5,ADD_05_D1,5QT,0.295377604167,0.44189453125,0.436391843972,0.443071889226,1.22312412317,1.21548479598,0.984923337684,76800
5,5,ADD_05_D1,5QT,0.3119921875,0.446455078125,0.493258717494,0.436440945878,1.19623642943,1.25737703818,1.13018432884,76800
6,5,ADD_05_D1,5QT,0.308177083333,0.430172526042,0.464612884161,0.422803648204,1.18146582717,1.22785039487,1.09888570293,76800
7,5,ADD_05_D1,5QT,0.3030859375,0.441741536458,0.406157653664,0.44935508346,1.20726115078,1.15761575138,0.903867940107,76800
8,5,ADD_05_D1,5QT,0.445989583333,0.345348307292,0.371324615839,0.339790402124,0.879966842718,0.912461423238,1.0928048983,76800
9,5,ADD_05_D1,5QT,0.273359375,0.466110026042,0.473552009456,0.464517735205,1.30580171886,1.31618475292,1.0194487176,76800
10,5,ADD_05_D1,5QT,0.299908854167,0.465152994792,0.47876034279,0.462241559181,1.24538395721,1.26346856404,1.03573625798,76800
1,5,ADD_05_D1,5TE,18.127734375,4.59619140625,4.56192745272,4.60352254047,0.503532247087,0.501651855358,0.990964508725,76800
2,5,ADD_05_D1,5TE,17.8743229167,4.59496744792,4.5974623227,4.59443364315,0.507021551317,0.507159178366,1.00065920629,76800
3,5,ADD_05_D1,5TE,19.0003385417,4.50412760417,4.59018543144,4.48571462443,0.486883069888,0.491512362379,1.02328966859,76800
4,5,ADD_05_D1,5TE,18.0315364583,4.58241861979,4.57648123522,4.58368898584,0.504116617199,0.503789922429,0.998427521886,76800
5,5,ADD_05_D1,5TE,18.9336979167,4.74011067708,4.74303708629,4.73948454097,0.500353012838,0.50050744085,1.00074956365,76800
6,5,ADD_05_D1,5TE,17.8658984375,4.46368489583,4.50352763002,4.45516012266,0.499843828213,0.502069668743,1.0108565138,76800
7,5,ADD_05_D1,5TE,18.3550651042,4.58463867188,4.5469858156,4.59269489757,0.499775073923,0.497718559002,0.990047437727,76800
8,5,ADD_05_D1,5TE,19.5534635417,4.48005859375,4.47648862293,4.48082242666,0.478663155035,0.47847240373,0.999032810651,76800
9,5,ADD_05_D1,5TE,17.6423828125,4.54554036458,4.513205526,4.55245874431,0.507591263623,0.505782658604,0.991377578467,76800
10,5,ADD_05_D1,5TE,18.5172526042,4.62195963542,4.72159426714,4.60064175518,0.499602725182,0.504958929953,1.02629035652,76800
1,5,ADD_05_D1,5SB,276.324283854,35.4388183594,35.384751773,35.4503864757,0.358121248426,0.35784796358,0.998148547613,76800
2,5,ADD_05_D1,5SB,276.633125,35.6446940104,34.1133643617,35.9723381386,0.358959419377,0.351164159917,0.948322131029,76800
3,5,ADD_05_D1,5SB,267.198515625,32.443343099,33.4332705378,32.2315376834,0.348454260632,0.353730420792,1.03728437862,76800
4,5,ADD_05_D1,5SB,254.573528646,32.5325,34.0146830674,32.2153713012,0.357480287095,0.36553300203,1.05585258507,76800
5,5,ADD_05_D1,5SB,284.242278646,36.0479166667,36.3716570626,35.9786489947,0.356119493634,0.357715044523,1.01092336925,76800
6,5,ADD_05_D1,5SB,265.690416667,33.3680957031,32.85861776,33.4771038821,0.354386986961,0.351671116478,0.981525100729,76800
7,5,ADD_05_D1,5SB,264.511289062,33.6640983073,34.9178856383,33.395837285,0.356747868685,0.363330505541,1.04557599021,76800
8,5,ADD_05_D1,5SB,263.898398438,32.8227083333,32.8348108747,32.820118867,0.352670253106,0.35273526622,1.00044765248,76800
9,5,ADD_05_D1,5SB,266.446028646,34.7239615885,33.8376182033,34.9136041034,0.361002332373,0.356365183385,0.969181471585,76800
10,5,ADD_05_D1,5SB,266.559388021,33.9793033854,33.0053745567,34.1876857296,0.357034549736,0.351880614316,0.965417045709,76800
1,5,ADD_05_D1,5Z0,1145.0925,145.007421875,156.970541519,142.447786261,0.355856440619,0.370244651226,1.10195142823,76800
2,5,ADD_05_D1,5Z0,1029.09727865,128.760771484,118.194001182,131.021643431,0.353723220312,0.338898387613,0.902095242337,76800
3,5,ADD_05_D1,5Z0,991.805924479,129.144007161,107.926640071,133.683686615,0.360847565667,0.329876197208,0.807328424312,76800
4,5,ADD_05_D1,5Z0,840.525651042,106.170960286,120.379118647,103.130974962,0.355408153527,0.378442666457,1.16724503662,76800
5,5,ADD_05_D1,5Z0,1285.69528646,163.921695964,181.888630319,160.077480874,0.357066571465,0.376126342122,1.13625370243,76800
6,5,ADD_05_D1,5Z0,1075.43919271,135.271735026,120.178985668,138.500987924,0.354658685768,0.334288423624,0.867712118661,76800
7,5,ADD_05_D1,5Z0,842.157018229,108.467434896,157.839539007,97.9037525291,0.358883216625,0.432923704268,1.61219090106,76800
8,5,ADD_05_D1,5Z0,1394.42839844,177.331230469,184.237274675,175.853609478,0.356610810384,0.363488471254,1.04767411498,76800
9,5,ADD_05_D1,5Z0,1168.80700521,145.19452474,137.748282358,146.787726827,0.352455033176,0.343298331875,0.938418254274,76800
10,5,ADD_05_D1,5Z0,1351.51029948,169.491376953,169.203161939,169.553043595,0.354131145413,0.353829922596,0.997936447208,76800
1,6,ADD_06_D2,5L8,1.51548177083,1.551796875,1.59882904846,1.54173384547,1.01191044348,1.02713057376,1.03703311253,76800
2,6,ADD_06_D2,5L8,1.4326953125,1.45507486979,1.49505023641,1.44652171851,1.00778003445,1.02152964158,1.03354841982,76800
3,6,ADD_06_D2,5L8,1.75576822917,1.60352213542,1.59962322695,1.604356348,0.955661051889,0.954498516439,0.997049831817,76800
4,6,ADD_06_D2,5L8,1.50165364583,1.49870442708,1.60614287825,1.47571683738,0.999017527033,1.0342063518,1.08838148184,76800
5,6,ADD_06_D2,5L8,1.63690104167,1.69929036458,1.5911088948,1.72243693096,1.01887893843,0.985913331691,0.923754516756,76800
6,6,ADD_06_D2,5L8,1.59236979167,1.54309244792,1.53047429078,1.54579223571,0.98440544634,0.98037235034,0.990090553842,76800
7,6,ADD_06_D2,5L8,1.52029947917,1.53843098958,1.5013482565,1.54636523141,1.00594546348,0.993747727729,0.970888523619,76800
8,6,ADD_06_D2,5L8,1.96798177083,1.69123697917,1.59805333924,1.71117460167,0.927025535756,0.901125127173,0.933892624215,76800
9,6,ADD_06_D2,5L8,1.2832421875,1.30321940104,1.3099697104,1.30177510116,1.00775382191,1.01036039139,1.00629495005,76800
10,6,ADD_06_D2,5L8,1.51807291667,1.55441731771,1.59112736407,1.54656281614,1.01189976933,1.0237788569,1.02881522009,76800
1,6,ADD_06_D2,5PD,87.28765625,13.8787532552,13.7457705378,13.9072063101,0.398748269322,0.396833318405,0.988391933747,76800
2,6,ADD_06_D2,5PD,86.2793880208,13.838125,13.8230828901,13.8413434181,0.400483932368,0.400266209183,0.998680725748,76800
3,6,ADD_06_D2,5PD,86.6804036458,13.3312434896,13.6049054374,13.2726906297,0.392170451182,0.396175214042,1.02502995187,76800
4,6,ADD_06_D2,5PD,85.9414713542,13.5098795573,13.3847887116,13.536644063,0.396482795,0.39464296703,0.988781905568,76800
5,6,ADD_06_D2,5PD,86.449921875,13.5118066406,13.522052305,13.5096144727,0.395343322933,0.395493183996,1.00092066523,76800
6,6,ADD_06_D2,5PD,84.8750130208,13.4476595052,13.8713061466,13.3570158384,0.398046147696,0.404267428053,1.03850338387,76800
7,6,ADD_06_D2,5PD,87.8690755208,13.696640625,13.5961325355,13.7181453907,0.394810779627,0.39335952073,0.991105732458,76800
8,6,ADD_06_D2,5PD,87.064296875,13.2105436198,13.9998891844,13.0416548116,0.389529448664,0.400998040578,1.07347490688,76800
9,6,ADD_06_D2,5PD,86.5464713542,13.5120703125,13.6136229314,13.4903420587,0.395126598151,0.396608644498,1.00913845418,76800
10,6,ADD_06_D2,5PD,87.4196875,13.5751888021,13.4395685579,13.6042061836,0.39406540912,0.392092051796,0.987898035102,76800
1,6,ADD_06_D2,5PN,85.3011197917,13.1624446615,13.4238327423,13.1065179249,0.392817577427,0.396698812058,1.0242104592,76800
2,6,ADD_06_D2,5PN,80.2557552083,12.4518489583,12.8008458924,12.3771773837,0.393893513539,0.399375336745,1.03422981635,76800
3,6,ADD_06_D2,5PN,89.0183203125,13.2666829427,13.0340757979,13.3164516945,0.386048151627,0.382648859702,0.978794959566,76800
4,6,ADD_06_D2,5PN,87.2057291667,13.2887304687,13.2442745272,13.2982422863,0.390363530836,0.389710025348,0.995941737416,76800
5,6,ADD_06_D2,5PN,92.0698828125,13.9612760417,13.6859670508,14.0201813037,0.389407006878,0.38554843967,0.976161916478,76800
6,6,ADD_06_D2,5PN,85.1120963542,12.9805924479,12.9250886525,12.9924680703,0.390527493042,0.389691669148,0.994813963178,76800
7,6,ADD_06_D2,5PN,87.1615364583,13.1544824219,13.4713356974,13.086688322,0.388485169205,0.39313606889,1.02939226227,76800
8,6,ADD_06_D2,5PN,90.5956119792,13.4461979167,13.4237958038,13.450991085,0.385253123215,0.384932062878,0.997978194988,76800
9,6,ADD_06_D2,5PN,81.83609375,12.625625,12.6429890662,12.6219097749,0.392784188884,0.393054194814,1.00167005561,76800
10,6,ADD_06_D2,5PN,87.5746223958,13.3159342448,13.6674977837,13.240713518,0.389939009562,0.395053004754,1.0322327241,76800
1,6,ADD_06_D2,5QC,0.4812890625,0.880107421875,0.905769799054,0.874616685635,1.35227445949,1.3718477707,1.03561916201,76800
2,6,ADD_06_D2,5QC,0.492877604167,0.899505208333,0.87512928487,0.904720694234,1.35092829749,1.33249800102,0.967292215649,76800
3,6,ADD_06_D2,5QC,0.397864583333,0.812024739583,0.879783540189,0.79752702959,1.42862086856,1.48703186727,1.1031394643,76800
4,6,ADD_06_D2,5QC,0.475130208333,0.873229166667,0.87344858156,0.873182220536,1.35568189114,1.35585220045,1.00030504632,76800
5,6,ADD_06_D2,5QC,0.472734375,0.928990885417,0.910147015366,0.933022730147,1.40183576158,1.38754533927,0.975482146316,76800
6,6,ADD_06_D2,5QC,0.455572916667,0.830543619792,0.897366282506,0.816246206373,1.35021296628,1.40347901951,1.09938187216,76800
7,6,ADD_06_D2,5QC,0.470625,0.88275390625,0.901965130024,0.878643462317,1.36956398583,1.3843865691,1.0265428114,76800
8,6,ADD_06_D2,5QC,0.330494791667,0.678636067708,0.84155215721,0.6437784522,1.43296690038,1.59572558714,1.30720771149,76800
9,6,ADD_06_D2,5QC,0.4894921875,0.8805859375,0.856253693853,0.885792077643,1.34126005429,1.32259947715,0.966653140691,76800
10,6,ADD_06_D2,5QC,0.478697916667,0.904970703125,0.910590277778,0.903768335862,1.37494868897,1.37921107498,1.0075483303,76800
1,6,ADD_06_D2,5QT,0.290729166667,0.432347005208,0.400062795508,0.439254552352,1.21947226047,1.1730587976,0.910776663247,76800
2,6,ADD_06_D2,5QT,0.278828125,0.449811197917,0.438331117021,0.452267482296,1.27012610522,1.25381326993,0.96918556867,76800
3,6,ADD_06_D2,5QT,0.375598958333,0.362913411458,0.432476359338,0.348029685129,0.982967863092,1.07304762246,1.24264215903,76800
4,6,ADD_06_D2,5QT,0.298033854167,0.418294270833,0.405012559102,0.421136033131,1.18469937297,1.16573932102,0.961714332753,76800
5,6,ADD_06_D2,5QT,0.313359375,0.394127604167,0.441710992908,0.383946636318,1.12149432551,1.18726525286,1.15044891952,76800
6,6,ADD_06_D2,5QT,0.313346354167,0.416103515625,0.452330821513,0.408352301467,1.15236051652,1.20147784704,1.10769749524,76800
7,6,ADD_06_D2,5QT,0.304700520833,0.405283203125,0.38984929078,0.408585451442,1.15330109442,1.13112805961,0.954143837975,76800
8,6,ADD_06_D2,5QT,0.4374609375,0.291354166667,0.347443853428,0.279353186646,0.816095488467,0.891194867862,1.24374401308,76800
9,6,ADD_06_D2,5QT,0.278151041667,0.439700520833,0.428671690307,0.442060255438,1.25729776828,1.24142948596,0.969713257488,76800
10,6,ADD_06_D2,5QT,0.302591145833,0.401936848958,0.403221040189,0.401662082701,1.15252619186,1.15436588846,1.00388126625,76800
1,6,ADD_06_D2,5TE,18.1338541667,4.52144856771,4.4947177896,4.5271678996,0.499336988971,0.497858762202,0.992832139051,76800
2,6,ADD_06_D2,5TE,17.6890755208,4.46843098958,4.4662197104,4.46890411608,0.50260286455,0.502478488366,0.999399314549,76800
3,6,ADD_06_D2,5TE,18.8747265625,4.2826171875,4.56628619976,4.22192321067,0.47633697403,0.491859687707,1.08156543165,76800
4,6,ADD_06_D2,5TE,17.7794010417,4.42426106771,4.44462913712,4.41990310445,0.498840619486,0.499987562795,1.00559424767,76800
5,6,ADD_06_D2,5TE,18.9316276042,4.62141276042,4.67497783688,4.6099519474,0.494075595827,0.496930669871,1.01410554605,76800
6,6,ADD_06_D2,5TE,17.8641015625,4.36638020833,4.44558953901,4.34943253667,0.494390577835,0.498854726446,1.02210794202,76800
7,6,ADD_06_D2,5TE,18.2869401042,4.44095703125,4.47682106974,4.43328354198,0.492796669856,0.494782518844,1.00982060528,76800
8,6,ADD_06_D2,5TE,19.413515625,4.09264322917,4.34583702719,4.03846974583,0.459144988924,0.4731345066,1.0761098388,76800
9,6,ADD_06_D2,5TE,17.5745572917,4.46014322917,4.40959293735,4.47095899722,0.5037698893,0.500906945093,0.986274519649,76800
10,6,ADD_06_D2,5TE,18.4623567708,4.49216796875,4.58039671986,4.47329049697,0.493269682847,0.498090178126,1.02394349818,76800
1,6,ADD_06_D2,5SB,264.574179688,34.1595019531,35.1392213357,33.9498806588,0.359320533545,0.364436894873,1.03503224912,76800
2,6,ADD_06_D2,5SB,264.239856771,34.4868782552,33.4251071217,34.7140553869,0.361266572964,0.355661815669,0.962869556702,76800
3,6,ADD_06_D2,5SB,262.035833333,33.1198404948,33.8819629137,32.9567763657,0.355519785929,0.359586963884,1.02807272586,76800
4,6,ADD_06_D2,5SB,247.489557292,31.8040299479,32.958998227,31.556912304,0.358478106931,0.364929155526,1.04443039007,76800
5,6,ADD_06_D2,5SB,270.900716146,34.4264746094,35.2188977541,34.2569273204,0.356484949727,0.360564365523,1.02808104839,76800
6,6,ADD_06_D2,5SB,256.294361979,32.7498502604,32.7316415485,32.7537462064,0.357466322973,0.357366934636,0.999325125811,76800
7,6,ADD_06_D2,5SB,251.60921875,32.1712109375,33.1058843085,31.9712277124,0.357577702382,0.362734882715,1.03548992883,76800
8,6,ADD_06_D2,5SB,258.197955729,32.7633658854,33.4298721927,32.6207598318,0.356219636552,0.359824688746,1.02480360252,76800
9,6,ADD_06_D2,5SB,257.228476563,33.2369791667,33.1873891844,33.2475894664,0.359460562536,0.359192302644,0.998189333936,76800
10,6,ADD_06_D2,5SB,254.219036458,32.6244205729,32.3700502364,32.6788457891,0.358234467717,0.356835170218,0.990550597941,76800
1,6,ADD_06_D2,5Z0,1139.9605599,145.490455729,158.007609338,142.812278705,0.357250083638,0.372300901755,1.10640072948,76800
2,6,ADD_06_D2,5Z0,1022.80420573,130.02547526,123.154384604,131.495617571,0.356547973452,0.346999370263,0.936566456579,76800
3,6,ADD_06_D2,5Z0,993.721210938,127.810566406,107.550421099,132.145438164,0.358633702446,0.328983243157,0.81387918186,76800
4,6,ADD_06_D2,5Z0,837.485065104,105.777763672,122.626108156,102.172882682,0.35539282451,0.382651074371,1.20018252336,76800
5,6,ADD_06_D2,5Z0,1274.47988281,163.400716146,186.104166667,158.54307347,0.358063856971,0.382130371,1.17383978116,76800
6,6,ADD_06_D2,5Z0,1074.54125,138.482916667,124.828771424,141.404365042,0.358993474937,0.340836268568,0.88277876986,76800
7,6,ADD_06_D2,5Z0,841.824726563,108.454944661,160.958554965,97.2212435192,0.358933372517,0.437266486841,1.65559037447,76800
8,6,ADD_06_D2,5Z0,1385.79796875,182.141035156,189.025690751,180.667990484,0.362538338462,0.369326488352,1.04625999461,76800
9,6,ADD_06_D2,5Z0,1179.4243099,148.167871094,143.749852246,149.11315282,0.354439392009,0.349115126154,0.964032008762,76800
10,6,ADD_06_D2,5Z0,1349.90013021,175.69969401,178.218454492,175.160778642,0.360773544257,0.363350294859,1.01745639562,76800
1,7,ADD_07_D3,5L8,1.49263020833,3.05921223958,3.24783909574,3.0188535344,1.43162307809,1.47509890041,1.07585182876,76800
2,7,ADD_07_D3,5L8,1.4045703125,2.50896484375,2.88508421986,2.42849013657,1.3365202571,1.4332023292,1.18801562189,76800
3,7,ADD_07_D3,5L8,1.76184895833,3.94505208333,3.57875295508,4.02342564492,1.4963804777,1.42521873547,0.889479083478,76800
4,7,ADD_07_D3,5L8,1.47356770833,3.02665364583,3.4623411643,2.93343370637,1.43316540023,1.53285078867,1.18030319103,76800
5,7,ADD_07_D3,5L8,1.63920572917,4.02580403646,3.31839169622,4.17716236722,1.5671464522,1.42281060096,0.794412906296,76800
6,7,ADD_07_D3,5L8,1.55809895833,3.02105794271,2.77328974586,3.07407056146,1.39245769292,1.33413600338,0.902155526498,76800
7,7,ADD_07_D3,5L8,1.5065234375,3.2781640625,3.23407949173,3.28759642135,1.4751201525,1.46516791244,0.983721563488,76800
8,7,ADD_07_D3,5L8,1.98696614583,4.61283203125,3.74857786643,4.79774832448,1.52366182516,1.37352963615,0.781320238767,76800
9,7,ADD_07_D3,5L8,1.248359375,2.29583984375,2.34321439125,2.28570355969,1.35612893006,1.37004931356,1.02516110688,76800
10,7,ADD_07_D3,5L8,1.50368489583,3.37450520833,3.59356530733,3.32763498988,1.49805111684,1.54591051883,1.07991571138,76800
1,7,ADD_07_D3,5PD,91.1343098958,18.1004231771,18.0625,18.1085372408,0.445659747238,0.445192639506,0.997457705161,76800
2,7,ADD_07_D3,5PD,89.2407161458,17.3107259115,17.6189051418,17.244787715,0.440429212274,0.444332351759,1.02169452202,76800
3,7,ADD_07_D3,5PD,87.4987109375,18.290452474,17.6070478723,18.4366740959,0.45720544848,0.448582621989,0.955001307763,76800
4,7,ADD_07_D3,5PD,89.9397265625,17.9928417969,17.8832742317,18.016284933,0.447274459188,0.445910538779,0.992617195954,76800
5,7,ADD_07_D3,5PD,89.8370963542,18.3796679687,17.4826573582,18.571592849,0.452314986582,0.441139421871,0.941365530695,76800
6,7,ADD_07_D3,5PD,88.1785807292,17.5298665365,18.0763519504,17.4129402188,0.445869487108,0.452766037083,1.0380987773,76800
7,7,ADD_07_D3,5PD,90.8229166667,18.3806119792,18.2965794917,18.3985916161,0.449865057312,0.448835532666,0.994455438411,76800
8,7,ADD_07_D3,5PD,89.3459635417,19.0909667969,19.3208111702,19.0417891692,0.462249545437,0.465023830919,1.01465313992,76800
9,7,ADD_07_D3,5PD,89.9155078125,17.0494108073,16.9580562943,17.0689570688,0.435449089642,0.434280906441,0.993502779694,76800
10,7,ADD_07_D3,5PD,91.8126432292,18.4747363281,18.4169437057,18.4871016692,0.448577905817,0.447875736133,0.996205031769,76800
1,7,ADD_07_D3,5PN,85.696484375,17.268531901,17.1399231678,17.2960490959,0.448896486026,0.447221766317,0.990973318407,76800
2,7,ADD_07_D3,5PN,84.456953125,16.4074576823,16.4571143617,16.396833112,0.440760778566,0.441427249334,1.00367639588,76800
3,7,ADD_07_D3,5PN,85.9123046875,17.6092545573,16.8959256797,17.7618787936,0.452733676924,0.443469044831,0.951246536247,76800
4,7,ADD_07_D3,5PN,85.5496484375,17.4349414063,17.2658466312,17.4711210167,0.451441137444,0.449246626777,0.988250646007,76800
5,7,ADD_07_D3,5PN,83.9460286458,17.7334700521,17.2951019504,17.8272635306,0.459617742545,0.453901361697,0.970149003557,76800
6,7,ADD_07_D3,5PN,85.1047786458,16.8671940104,17.0243055556,16.8335783384,0.445189022491,0.447257600497,1.01133016482,76800
7,7,ADD_07_D3,5PN,84.6245703125,17.379671224,17.8469636525,17.2796890807,0.453181883403,0.459233891252,1.03282898026,76800
8,7,ADD_07_D3,5PN,87.71015625,17.8981119792,17.6700834811,17.9469010812,0.451729723855,0.448842898561,0.98457574381,76800
9,7,ADD_07_D3,5PN,85.1405598958,16.5328385417,16.2326573582,16.5970654717,0.440661858055,0.436643057988,0.978043822618,76800
10,7,ADD_07_D3,5PN,84.8679036458,17.6479329427,17.7655695922,17.6227633409,0.4560108595,0.457528161636,1.0081035107,76800
1,7,ADD_07_D3,5QC,0.4846484375,1.76228190104,1.82890070922,1.74802810445,1.90688403194,1.94259226756,1.04626504835,76800
2,7,ADD_07_D3,5QC,0.493841145833,1.55093424479,1.67621527778,1.52412904654,1.77216051876,1.84234627895,1.09978566552,76800
3,7,ADD_07_D3,5QC,0.3775,1.65071940104,1.87572030142,1.60257808548,2.09111611951,2.22907951865,1.1704392556,76800
4,7,ADD_07_D3,5QC,0.469830729167,1.74990234375,1.82696143617,1.73341473824,1.92990618192,1.97194129141,1.05396671429,76800
5,7,ADD_07_D3,5QC,0.466393229167,2.16182942708,1.88314494681,2.22145691072,2.1529532209,2.00939703054,0.847707168083,76800
6,7,ADD_07_D3,5QC,0.456927083333,1.57487630208,1.67684323286,1.55305940187,1.8565206049,1.91567918745,1.0797032173,76800
7,7,ADD_07_D3,5QC,0.468307291667,1.87607747396,1.98439346927,1.85290212443,2.00151995572,2.05848845016,1.07096507857,76800
8,7,ADD_07_D3,5QC,0.306106770833,1.48068033854,1.88733747045,1.39367175645,2.19934918583,2.48306628532,1.35421950091,76800
9,7,ADD_07_D3,5QC,0.490729166667,1.51074869792,1.44619902482,1.52455978123,1.75458809658,1.71669481954,0.948601060203,76800
10,7,ADD_07_D3,5QC,0.4801171875,1.97671223958,2.02188608156,1.96704681968,2.02907499534,2.05212926895,1.02787898149,76800
1,7,ADD_07_D3,5QT,0.287161458333,0.558567708333,0.557975029551,0.558694518209,1.3946808486,1.39394072603,0.998712196673,76800
2,7,ADD_07_D3,5QT,0.270833333333,0.56548828125,0.528294917258,0.573446193728,1.44497637724,1.39664862682,0.921263272884,76800
3,7,ADD_07_D3,5QT,0.383971354167,0.403678385417,0.512171247045,0.380465193475,1.02534102746,1.15493670587,1.34617109745,76800
4,7,ADD_07_D3,5QT,0.2951953125,0.571637369792,0.514683067376,0.58382334345,1.39157166684,1.32042947994,0.881573292931,76800
5,7,ADD_07_D3,5QT,0.314375,0.515807291667,0.573396867612,0.503485394537,1.28091330695,1.35052819958,1.13885501711,76800
6,7,ADD_07_D3,5QT,0.306393229167,0.558033854167,0.610630910165,0.546780159332,1.3495553202,1.41172404019,1.11677591029,76800
7,7,ADD_07_D3,5QT,0.301002604167,0.525348307292,0.515052452719,0.527551213961,1.32110866832,1.30809896893,0.976307966104,76800
8,7,ADD_07_D3,5QT,0.455520833333,0.254547526042,0.458832003546,0.210838707638,0.747532911598,1.00362790737,2.17622280408,76800
9,7,ADD_07_D3,5QT,0.271888020833,0.5902734375,0.587765957447,0.590809939302,1.47343704099,1.47030413191,0.994847781573,76800
10,7,ADD_07_D3,5QT,0.296002604167,0.540673828125,0.544529403073,0.539848887203,1.35151200537,1.35632229839,1.00867004819,76800
1,7,ADD_07_D3,5TE,17.6951692708,7.65727864583,7.8660608747,7.61260748609,0.657824228252,0.666731986328,1.03329389951,76800
2,7,ADD_07_D3,5TE,17.4265364583,6.88966471354,7.23747783688,6.81524642767,0.628772449271,0.644448302077,1.06195394601,76800
3,7,ADD_07_D3,5TE,18.2490494792,8.37281901042,8.29584072104,8.38928932726,0.677354043013,0.674233113566,0.988860962761,76800
4,7,ADD_07_D3,5TE,17.4253515625,7.68841471354,7.99028516548,7.62382634674,0.664243978491,0.677158548059,1.04806757159,76800
5,7,ADD_07_D3,5TE,17.8062760417,8.72652018229,7.96928560875,8.88853850531,0.700057959583,0.668995420607,0.89657997251,76800
6,7,ADD_07_D3,5TE,17.6514713542,7.42694986979,7.3373965721,7.44611074229,0.648656523546,0.644733950746,0.985399871967,76800
7,7,ADD_07_D3,5TE,17.7025130208,7.99166015625,8.25705526005,7.93487607486,0.671894432486,0.682959789103,1.04060292589,76800
8,7,ADD_07_D3,5TE,18.6594270833,8.45459960938,8.24314790189,8.49984193222,0.67312755649,0.664656710079,0.969800140711,76800
9,7,ADD_07_D3,5TE,17.4125911458,6.90371419271,6.75535608747,6.93545697395,0.629665212855,0.622862840302,0.974031864496,76800
10,7,ADD_07_D3,5TE,17.6864713542,8.10972005208,8.47214834515,8.03217469651,0.677146025609,0.692111679773,1.05477640431,76800
1,7,ADD_07_D3,5SB,228.698398438,34.4095898437,34.5957446809,34.3697600531,0.387889645346,0.388937465695,1.00657510054,76800
2,7,ADD_07_D3,5SB,232.602018229,34.6763216146,33.5871934102,34.9093520802,0.38610886387,0.379996956489,0.962125946452,76800
3,7,ADD_07_D3,5SB,233.804791667,34.8274316406,34.9731826241,34.7962466806,0.38595264404,0.386759396701,1.00508491462,76800
4,7,ADD_07_D3,5SB,220.406536458,33.660797526,33.8861554374,33.6125798242,0.39079587036,0.392101870727,1.00813908407,76800
5,7,ADD_07_D3,5SB,229.390065104,34.7916731771,34.7757092199,34.7950888341,0.389448786725,0.389359428316,0.999443035932,76800
6,7,ADD_07_D3,5SB,222.666783854,33.3656608073,32.9811059397,33.4479403768,0.387099087065,0.38486187301,0.986042954159,76800
7,7,ADD_07_D3,5SB,218.658684896,33.0219466146,33.2478206265,32.9736184876,0.388613577108,0.389940393444,1.00831580371,76800
8,7,ADD_07_D3,5SB,235.648138021,34.4375455729,32.9508348109,34.7556430197,0.382282211029,0.373939380929,0.948071505746,76800
9,7,ADD_07_D3,5SB,229.656002604,34.4744498698,34.4802194149,34.4732154148,0.387444742193,0.387477161657,1.00020317223,76800
10,7,ADD_07_D3,5SB,218.319205729,32.6904720052,32.7068742612,32.6869625695,0.386958707963,0.38705577294,1.00060916311,76800
1,7,ADD_07_D3,5Z0,1129.33360677,154.771777344,167.706800384,152.004192748,0.370198588817,0.385357850273,1.10330377967,76800
2,7,ADD_07_D3,5Z0,1010.55057292,137.174804688,132.187278369,138.241938543,0.368432683193,0.361672763141,0.956202435829,76800
3,7,ADD_07_D3,5Z0,977.852291667,140.046451823,118.23915854,144.712352207,0.378442084641,0.347731501823,0.817063344885,76800
4,7,ADD_07_D3,5Z0,829.102630208,115.343671875,132.282302748,111.71947316,0.372986179506,0.399435561087,1.1840577028,76800
5,7,ADD_07_D3,5Z0,1231.31123698,171.05984375,190.877844267,166.819573533,0.372726365145,0.393725768475,1.1442173135,76800
6,7,ADD_07_D3,5Z0,1069.49528646,145.735332031,133.638316342,148.323616117,0.369141599715,0.353489127385,0.900991493064,76800
7,7,ADD_07_D3,5Z0,827.304192708,116.721774089,166.779698582,106.011353218,0.375615345976,0.448992389454,1.57322488128,76800
8,7,ADD_07_D3,5Z0,1370.26351563,192.261809896,193.371878694,192.024298969,0.374579897037,0.375659703238,1.00701775625,76800
9,7,ADD_07_D3,5Z0,1170.17783854,156.127145182,150.230865839,157.388716332,0.365269386198,0.35830564521,0.954521196569,76800
10,7,ADD_07_D3,5Z0,1341.83451823,182.456891276,181.784149675,182.600831437,0.368748833918,0.368068394361,0.995527502503,76800
1,8,ADD_08_X0_ACC1,5L8,1.55696614583,0.760260416667,0.743812795508,0.763779558675,0.698781831837,0.691181710682,0.97385795032,76800
2,8,ADD_08_X0_ACC1,5L8,1.53669270833,0.754798177083,0.775801566194,0.750304280475,0.700844881748,0.710529004151,1.03398259397,76800
3,8,ADD_08_X0_ACC1,5L8,1.88016927083,0.828359375,0.789856678487,0.836597432979,0.663759760981,0.648150219007,0.944129933167,76800
4,8,ADD_08_X0_ACC1,5L8,1.63544270833,0.782005208333,0.76588356974,0.785454602934,0.691491992562,0.684327053036,0.975083177154,76800
5,8,ADD_08_X0_ACC1,5L8,1.64421875,0.7646875,0.737182328605,0.770572521497,0.681965174402,0.669587996785,0.956668331713,76800
6,8,ADD_08_X0_ACC1,5L8,1.56821614583,0.742197265625,0.737607121749,0.743179375316,0.687949745861,0.685819122388,0.992502141807,76800
7,8,ADD_08_X0_ACC1,5L8,1.66649739583,0.786217447917,0.814808658392,0.780100056904,0.686861255089,0.699238766432,1.04449249962,76800
8,8,ADD_08_X0_ACC1,5L8,2.004140625,0.85509765625,0.780289598109,0.871103629236,0.653196369565,0.62397014847,0.895748303554,76800
9,8,ADD_08_X0_ACC1,5L8,1.69079427083,0.807688802083,0.788120567376,0.811875632271,0.691156898502,0.682733081475,0.970740512522,76800
10,8,ADD_08_X0_ACC1,5L8,1.64467447917,0.790738932292,0.769762115839,0.795227143399,0.693388419786,0.684129456087,0.967977668051,76800
1,8,ADD_08_X0_ACC1,5PD,62.1207161458,16.1678841146,17.839668292,15.8101882587,0.510162305879,0.535889392447,1.12836533,76800
2,8,ADD_08_X0_ACC1,5PD,73.2857942708,19.1867513021,20.1286015071,18.9852325177,0.511671024097,0.524079173462,1.06022412358,76800
3,8,ADD_08_X0_ACC1,5PD,59.9684505208,15.5137858073,16.644632831,15.2718291603,0.508624741009,0.526836305914,1.08989124068,76800
4,8,ADD_08_X0_ACC1,5PD,64.8753645833,17.5525716146,18.7345966312,17.2996648963,0.520152237586,0.537380951157,1.08294563759,76800
5,8,ADD_08_X0_ACC1,5PD,64.1715755208,16.7352897135,17.1927083333,16.6374201758,0.510675786563,0.517607781569,1.03337585706,76800
6,8,ADD_08_X0_ACC1,5PD,71.7173958333,18.657281901,18.4737736407,18.6965454287,0.510049036047,0.507534481604,0.988084869001,76800
7,8,ADD_08_X0_ACC1,5PD,65.3114973958,17.3357226562,18.6849512411,17.0470409712,0.515200356309,0.534873601502,1.09608179348,76800
8,8,ADD_08_X0_ACC1,5PD,62.4414322917,17.2514420573,18.0100288121,17.0891344208,0.525625315361,0.537057487274,1.05388771418,76800
9,8,ADD_08_X0_ACC1,5PD,68.946484375,18.0817480469,18.8272200059,17.9222464593,0.512111046224,0.522561050041,1.05049442595,76800
10,8,ADD_08_X0_ACC1,5PD,58.60875,15.5218652344,13.5763704196,15.9381243677,0.514624816048,0.481294179903,0.851817322188,76800
1,8,ADD_08_X0_ACC1,5PN,112.360286458,29.4737858073,29.2086473109,29.5305149848,0.5121669412,0.509858076817,0.989100505896,76800
2,8,ADD_08_X0_ACC1,5PN,95.6494401042,24.8748339844,25.8746490839,24.6609129995,0.509963249009,0.520110975174,1.04921699713,76800
3,8,ADD_08_X0_ACC1,5PN,121.708463542,31.7855208333,28.9034242021,32.402175803,0.511039272388,0.487320025759,0.89202109074,76800
4,8,ADD_08_X0_ACC1,5PN,105.705794271,27.3890755208,27.8528553487,27.2898449355,0.50902520775,0.513316784282,1.0206307663,76800
5,8,ADD_08_X0_ACC1,5PN,124.30078125,32.5661132812,30.4978760343,33.0086344525,0.511853922165,0.495333690969,0.92393631364,76800
6,8,ADD_08_X0_ACC1,5PN,103.358294271,26.3292220052,26.2991097813,26.3356648331,0.504715156216,0.504426457148,0.998611956372,76800
7,8,ADD_08_X0_ACC1,5PN,114.609401042,29.6333658854,29.2901337175,29.7068040276,0.508487604166,0.505534216615,0.985973909893,76800
8,8,ADD_08_X0_ACC1,5PN,123.261054688,31.0058463542,28.861794474,31.4645888657,0.501543787834,0.483892315308,0.917278614292,76800
9,8,ADD_08_X0_ACC1,5PN,95.0654166667,24.6618066406,23.7958222518,24.8470931335,0.509332238719,0.500309880894,0.957690387519,76800
10,8,ADD_08_X0_ACC1,5PN,113.869244792,28.761389974,31.6679779846,28.1394948154,0.50257596497,0.527359710193,1.12539255564,76800
1,8,ADD_08_X0_ACC1,5QC,0.419557291667,0.431142578125,0.436816637116,0.429928553364,1.01371254381,1.02036123057,1.01602146147,76800
2,8,ADD_08_X0_ACC1,5QC,0.434505208333,0.434436848958,0.427545065012,0.435911418816,0.999921333436,0.991958391361,0.980807215768,76800
3,8,ADD_08_X0_ACC1,5QC,0.298880208333,0.322184244792,0.388907358156,0.307908131007,1.03825389944,1.14070803696,1.26306296909,76800
4,8,ADD_08_X0_ACC1,5QC,0.405950520833,0.424134114583,0.397754137116,0.429778388973,1.02215098474,0.989853222523,0.92548659337,76800
5,8,ADD_08_X0_ACC1,5QC,0.377109375,0.397568359375,0.41574320331,0.393679659838,1.02676780407,1.04997489314,1.05604440798,76800
6,8,ADD_08_X0_ACC1,5QC,0.40125,0.396884765625,0.432236258865,0.389320940819,0.99454558026,1.03789417628,1.11023120913,76800
7,8,ADD_08_X0_ACC1,5QC,0.389817708333,0.414889322917,0.41315750591,0.415259863429,1.03165704262,1.02950163701,0.994937248443,76800
8,8,ADD_08_X0_ACC1,5QC,0.2433984375,0.275791015625,0.388482565012,0.251679470157,1.06446445554,1.26335927563,1.54356080283,76800
9,8,ADD_08_X0_ACC1,5QC,0.434505208333,0.429222005208,0.42109929078,0.430959945625,0.993901843764,0.984452489754,0.977119324091,76800
10,8,ADD_08_X0_ACC1,5QC,0.402955729167,0.424690755208,0.434083185579,0.422681145675,1.0266153089,1.03790550237,1.02697551102,76800
1,8,ADD_08_X0_ACC1,5QT,0.356458333333,0.347688802083,0.344618055556,0.348345820688,0.98762247796,0.983251522945,0.989298665545,76800
2,8,ADD_08_X0_ACC1,5QT,0.345625,0.345384114583,0.352818410165,0.343793468639,0.999651461262,1.01035278986,1.02625105579,76800
3,8,ADD_08_X0_ACC1,5QT,0.4136328125,0.376015625,0.358691637116,0.379722274911,0.953444580527,0.931221799604,0.944615738433,76800
4,8,ADD_08_X0_ACC1,5QT,0.367447916667,0.354794921875,0.355736554374,0.354593449671,0.982631773344,0.983934871051,1.00322370507,76800
5,8,ADD_08_X0_ACC1,5QT,0.377109375,0.350690104167,0.336510047281,0.353724076884,0.964335358429,0.944637872199,0.951334865991,76800
6,8,ADD_08_X0_ACC1,5QT,0.357955729167,0.341865234375,0.346021719858,0.34097591047,0.977266046224,0.983189023369,1.01479814037,76800
7,8,ADD_08_X0_ACC1,5QT,0.374817708333,0.359368489583,0.350565159574,0.361252054881,0.979174165728,0.96710655197,0.970417067078,76800
8,8,ADD_08_X0_ACC1,5QT,0.427747395833,0.375188802083,0.350195774232,0.380536323976,0.936550600927,0.904819108092,0.920268978719,76800
9,8,ADD_08_X0_ACC1,5QT,0.348958333333,0.343421223958,0.344211731678,0.343252086495,0.992034506802,0.993175612992,1.00279574465,76800
10,8,ADD_08_X0_ACC1,5QT,0.3590625,0.348776041667,0.351765661939,0.34813638088,0.985571864555,0.989786888036,1.01042488305,76800
1,8,ADD_08_X0_ACC1,5TE,24.4896354167,6.66787109375,6.64511303191,6.67274042109,0.521798033174,0.520906799542,0.995859663731,76800
2,8,ADD_08_X0_ACC1,5TE,22.4740104167,6.16382161458,6.56486406619,6.07801435255,0.523702614204,0.540471229012,1.0801001257,76800
3,8,ADD_08_X0_ACC1,5TE,27.1822265625,7.37694986979,7.03147163121,7.45086858245,0.520949831768,0.508604970893,0.943711669773,76800
4,8,ADD_08_X0_ACC1,5TE,23.6513802083,6.41142903646,6.6691230792,6.3562926783,0.520653958962,0.531014183567,1.04921585848,76800
5,8,ADD_08_X0_ACC1,5TE,28.3876171875,7.64763020833,7.05577718676,7.77426340415,0.519037779185,0.498549125599,0.907581441477,76800
6,8,ADD_08_X0_ACC1,5TE,24.0926692708,6.42029622396,6.3203679078,6.44167694107,0.516220293833,0.512187199147,0.981168097317,76800
7,8,ADD_08_X0_ACC1,5TE,25.817109375,6.99157877604,7.19237588652,6.94861611659,0.520395844965,0.527815793056,1.03508033338,76800
8,8,ADD_08_X0_ACC1,5TE,28.2206119792,7.6202734375,6.86284722222,7.78233276429,0.519639389619,0.493138547604,0.881849624024,76800
9,8,ADD_08_X0_ACC1,5TE,21.7483333333,5.93579427083,5.83139406028,5.95813179691,0.522427981324,0.517813304333,0.978728611425,76800
10,8,ADD_08_X0_ACC1,5TE,25.4829817708,6.86043294271,7.26898640662,6.77301862038,0.518860536124,0.534086753388,1.07322699287,76800
1,8,ADD_08_X0_ACC1,5SB,529.980664062,132.143473307,125.573563091,133.549174886,0.499335963698,0.486764722807,0.940279587635,76800
2,8,ADD_08_X0_ACC1,5SB,427.200052083,107.392503255,109.951167258,106.845050107,0.501384996957,0.507322674904,1.02907123116,76800
3,8,ADD_08_X0_ACC1,5SB,599.666901042,142.757633464,131.730681147,145.116966205,0.487915517822,0.468692959239,0.907755203209,76800
4,8,ADD_08_X0_ACC1,5SB,528.681875,124.725634766,121.950003694,125.319510306,0.485714032528,0.480279111036,0.973112673326,76800
5,8,ADD_08_X0_ACC1,5SB,567.286002604,141.616263021,121.939660904,145.826279559,0.499638080376,0.463629922718,0.836198120622,76800
6,8,ADD_08_X0_ACC1,5SB,450.239153646,111.302910156,119.648419031,109.517300518,0.497200584073,0.515503778086,1.09250701455,76800
7,8,ADD_08_X0_ACC1,5SB,522.684752604,129.864322917,121.894983747,131.569447079,0.498453915781,0.482917563983,0.926468769561,76800
8,8,ADD_08_X0_ACC1,5SB,504.002994792,128.991272786,122.74697104,130.327306999,0.505898749043,0.493501905072,0.941836165163,76800
9,8,ADD_08_X0_ACC1,5SB,461.530065104,112.063261719,106.967327866,113.15359051,0.492755670649,0.481421603249,0.945328622668,76800
10,8,ADD_08_X0_ACC1,5SB,472.765507813,122.838610026,131.233137559,121.042512329,0.509735117768,0.5268644119,1.08419046361,76800
1,8,ADD_08_X0_ACC1,5Z0,991.035716146,214.842926432,164.810819297,225.547823407,0.465603114254,0.40780092446,0.730713410608,76800
2,8,ADD_08_X0_ACC1,5Z0,657.870247396,142.642545573,206.277168292,129.027246933,0.465644435536,0.55995800511,1.59871014219,76800
3,8,ADD_08_X0_ACC1,5Z0,1371.55143229,292.153606771,250.391936318,301.088956595,0.461529618678,0.427271691829,0.831621123372,76800
4,8,ADD_08_X0_ACC1,5Z0,1606.84695313,350.416852214,290.967531028,363.13666145,0.466987477838,0.425534726917,0.801261789064,76800
5,8,ADD_08_X0_ACC1,5Z0,1004.92816406,190.507226562,113.683362884,206.944502403,0.435399793082,0.336341879768,0.549342270823,76800
6,8,ADD_08_X0_ACC1,5Z0,676.191510417,142.937454427,199.071919326,130.926893652,0.459767390049,0.54258795041,1.52048149752,76800
7,8,ADD_08_X0_ACC1,5Z0,1252.28477865,287.733466797,231.172466017,299.835289422,0.479339963298,0.429651667851,0.770998191914,76800
8,8,ADD_08_X0_ACC1,5Z0,713.155442708,136.238326823,75.2625960402,149.284727491,0.437076594039,0.324860940045,0.504154693551,76800
9,8,ADD_08_X0_ACC1,5Z0,1476.52367187,364.432529297,310.288877807,376.017134547,0.49680774834,0.458419303892,0.82519877234,76800
10,8,ADD_08_X0_ACC1,5Z0,782.36171875,177.645100911,147.360778664,184.124751043,0.476510880316,0.433997430035,0.800331176712,76800
1,9,ADD_09_X0_ACC2,5L8,1.50890625,0.754680989583,0.737403959811,0.758377592312,0.707213555499,0.699071511233,0.972344076731,76800
2,9,ADD_09_X0_ACC2,5L8,1.49186197917,0.747802734375,0.752622635934,0.746771465604,0.70799338747,0.710271379542,1.0078352891,76800
3,9,ADD_09_X0_ACC2,5L8,1.67752604167,0.79708984375,0.765920508274,0.803758851796,0.689317020824,0.675705126314,0.952923263691,76800
4,9,ADD_09_X0_ACC2,5L8,1.56490885417,0.765166015625,0.777205230496,0.762590098634,0.69925134845,0.704730931221,1.01916512146,76800
5,9,ADD_09_X0_ACC2,5L8,1.57264322917,0.757509765625,0.732398788416,0.762882524026,0.694031230011,0.682430932523,0.960041376423,76800
6,9,ADD_09_X0_ACC2,5L8,1.48290364583,0.733404947917,0.738530585106,0.732308263784,0.703259247033,0.705712445368,1.00849686072,76800
7,9,ADD_09_X0_ACC2,5L8,1.57946614583,0.774153645833,0.772384751773,0.774532119373,0.700097329185,0.699297031828,0.997227529308,76800
8,9,ADD_09_X0_ACC2,5L8,1.74291666667,0.826295572917,0.797706117021,0.832412588518,0.688540358819,0.67652390924,0.958306166946,76800
9,9,ADD_09_X0_ACC2,5L8,1.65182291667,0.807835286458,0.798869680851,0.809753572332,0.699325985722,0.695434490411,0.98655900776,76800
10,9,ADD_09_X0_ACC2,5L8,1.59765625,0.79328125,0.789117907801,0.794172040971,0.704647512846,0.702795995464,0.993635971918,76800
1,9,ADD_09_X0_ACC2,5PD,60.8267578125,16.0044205729,15.2668624409,16.1622289138,0.512947176481,0.500988275246,0.94460129988,76800
2,9,ADD_09_X0_ACC2,5PD,70.666171875,18.56015625,17.0171210106,18.8903049127,0.51248957014,0.490723957316,0.900838874186,76800
3,9,ADD_09_X0_ACC2,5PD,44.7280598958,11.900234375,13.6152112884,11.5332969777,0.515807588386,0.551724363437,1.18051337052,76800
4,9,ADD_09_X0_ACC2,5PD,58.1454947917,15.2283040365,14.2092198582,15.446347844,0.511761645643,0.494341512244,0.919908058636,76800
5,9,ADD_09_X0_ACC2,5PD,45.8942447917,12.3013151042,14.8028405733,11.7660873483,0.517722044769,0.56792817813,1.25809371758,76800
6,9,ADD_09_X0_ACC2,5PD,61.1145052083,16.058453776,17.1404033688,15.8269592501,0.512601311466,0.529588284387,1.08298777408,76800
7,9,ADD_09_X0_ACC2,5PD,53.4778776042,14.1406575521,13.5162529551,14.2742555008,0.514218528246,0.502737260202,0.946897227275,76800
8,9,ADD_09_X0_ACC2,5PD,41.8078125,11.1585481771,13.9894725177,10.5528420587,0.516624650026,0.57845815411,1.32565923378,76800
9,9,ADD_09_X0_ACC2,5PD,67.5587109375,17.549000651,18.2286495272,17.4035826062,0.50966583012,0.519441411923,1.047407878,76800
10,9,ADD_09_X0_ACC2,5PD,55.3966276042,14.71078125,13.3538711584,15.0011064745,0.515319059315,0.49097788126,0.890192412215,76800
1,9,ADD_09_X0_ACC2,5PN,97.2411979167,25.2197005208,24.5842383274,25.3556643589,0.509266152393,0.502809215196,0.969575791013,76800
2,9,ADD_09_X0_ACC2,5PN,87.3781770833,22.8272753906,23.5325059102,22.6763838834,0.511123146989,0.518958462423,1.03775390429,76800
3,9,ADD_09_X0_ACC2,5PN,103.536666667,26.584280599,25.6166149527,26.7913228692,0.506716873873,0.497409162317,0.956153418692,76800
4,9,ADD_09_X0_ACC2,5PN,92.247265625,23.9795670573,24.4300014775,23.8831918627,0.50985175437,0.514618027387,1.02289516485,76800
5,9,ADD_09_X0_ACC2,5PN,104.556367188,27.0112207031,25.9888815012,27.2299609573,0.508272792808,0.498561285929,0.95442228294,76800
6,9,ADD_09_X0_ACC2,5PN,90.4180859375,23.3744563802,23.0122820626,23.451947395,0.508443974615,0.504489567409,0.981252502191,76800
7,9,ADD_09_X0_ACC2,5PN,97.394140625,25.213125,24.9918919917,25.2604601353,0.508799790169,0.506562635519,0.989368042302,76800
8,9,ADD_09_X0_ACC2,5PN,103.920690104,26.4179492187,24.7564457742,26.7734454034,0.504195005714,0.488082387118,0.92466417382,76800
9,9,ADD_09_X0_ACC2,5PN,86.305390625,22.4545214844,21.9326241135,22.566186931,0.510073711274,0.50411118856,0.97192424137,76800
10,9,ADD_09_X0_ACC2,5PN,97.140859375,25.1372265625,27.1761414007,24.7009792299,0.508695281328,0.528923576816,1.10020502215,76800
1,9,ADD_09_X0_ACC2,5QC,0.452643229167,0.438151041667,0.443280880615,0.437053458523,0.983861372618,0.989604099601,1.01424865075,76800
2,9,ADD_09_X0_ACC2,5QC,0.455533854167,0.432552083333,0.434212470449,0.432196825999,0.974448463009,0.976316922367,1.00466371877,76800
3,9,ADD_09_X0_ACC2,5QC,0.452708333333,0.449000651042,0.417996453901,0.455634325999,0.995896579821,0.960897479588,0.917394564124,76800
4,9,ADD_09_X0_ACC2,5QC,0.456705729167,0.445725911458,0.438035608747,0.447371332828,0.987906200008,0.979346731977,0.979132046699,76800
5,9,ADD_09_X0_ACC2,5QC,0.446145833333,0.438824869792,0.438257239953,0.438946320182,0.991761387168,0.991119746777,0.998430149203,76800
6,9,ADD_09_X0_ACC2,5QC,0.458046875,0.4368359375,0.436908983452,0.436820308548,0.976571886148,0.97665353195,1.00020300087,76800
7,9,ADD_09_X0_ACC2,5QC,0.455403645833,0.461178385417,0.46629358747,0.460083933991,1.00632027012,1.01188572669,1.013496784,76800
8,9,ADD_09_X0_ACC2,5QC,0.458880208333,0.435201822917,0.453882239953,0.431204950683,0.973858119439,0.994539258878,1.05259051231,76800
9,9,ADD_09_X0_ACC2,5QC,0.458763020833,0.437555338542,0.437075206856,0.437658067779,0.976612529052,0.976076561048,0.998668227624,76800
10,9,ADD_09_X0_ACC2,5QC,0.448346354167,0.446897786458,0.437573877069,0.448892735205,0.998383236935,0.987913390868,0.974784938027,76800
1,9,ADD_09_X0_ACC2,5QT,0.346276041667,0.35033203125,0.352449024823,0.349879078149,1.00583953411,1.00887401069,1.0073452425,76800
2,9,ADD_09_X0_ACC2,5QT,0.336354166667,0.338889973958,0.347148345154,0.337123008346,1.0037624713,1.01591914264,1.02973791927,76800
3,9,ADD_09_X0_ACC2,5QT,0.405260416667,0.38375,0.348274970449,0.391340256702,0.973099167332,0.927030533562,0.889954367034,76800
4,9,ADD_09_X0_ACC2,5QT,0.351119791667,0.349671223958,0.365266696217,0.346334408194,0.9979350853,1.0199464793,1.05466476207,76800
5,9,ADD_09_X0_ACC2,5QT,0.369869791667,0.355260416667,0.337082594563,0.359149753414,0.980051683607,0.954649023586,0.938557221207,76800
6,9,ADD_09_X0_ACC2,5QT,0.350130208333,0.343199869792,0.339058806147,0.344085894031,0.990053734112,0.984062592531,0.985390020419,76800
7,9,ADD_09_X0_ACC2,5QT,0.359231770833,0.357373046875,0.348921394799,0.35918136697,0.99740956301,0.985544935107,0.971435121319,76800
8,9,ADD_09_X0_ACC2,5QT,0.424361979167,0.389866536458,0.374445921986,0.393165939555,0.95849476846,0.939347576964,0.95238647175,76800
9,9,ADD_09_X0_ACC2,5QT,0.335208333333,0.336442057292,0.343269799054,0.334981189934,1.00183854449,1.01195312187,1.02474350611,76800
10,9,ADD_09_X0_ACC2,5QT,0.3537890625,0.355283203125,0.3606678487,0.354131101416,1.00210940158,1.00967479171,1.01845855181,76800
1,9,ADD_09_X0_ACC2,5TE,22.3075260417,6.14222981771,6.2695035461,6.11499826125,0.524731730386,0.530140363894,1.02526661141,76800
2,9,ADD_09_X0_ACC2,5TE,21.165625,5.82223632813,5.97316415485,5.78994372787,0.52448052453,0.531234995123,1.03164459545,76800
3,9,ADD_09_X0_ACC2,5TE,24.8450390625,6.75817057292,6.6600177305,6.7791714087,0.521548538238,0.517747309493,0.982423563143,76800
4,9,ADD_09_X0_ACC2,5TE,22.029140625,6.04368164062,6.38116873522,5.9714727175,0.523783739528,0.538209472013,1.06860887374,76800
5,9,ADD_09_X0_ACC2,5TE,24.809921875,6.76866210937,6.3659500591,6.85482659965,0.522322481642,0.506546029192,0.928681413973,76800
6,9,ADD_09_X0_ACC2,5TE,21.8219140625,5.98476236979,5.77822104019,6.0289540655,0.523693320827,0.514577336988,0.958411853434,76800
7,9,ADD_09_X0_ACC2,5TE,23.3259375,6.356015625,6.38875960402,6.34900970536,0.522002910243,0.523345771579,1.00626080294,76800
8,9,ADD_09_X0_ACC2,5TE,25.3617578125,6.86595703125,6.51049054374,6.9420128351,0.520308433261,0.506660655559,0.937839024269,76800
9,9,ADD_09_X0_ACC2,5TE,20.6820572917,5.64727864583,5.66101507092,5.64433959282,0.522543849237,0.523178980361,1.00295437187,76800
10,9,ADD_09_X0_ACC2,5TE,23.3165104167,6.31994140625,6.49344341017,6.28281882271,0.520624676658,0.52772267249,1.03352389961,76800
1,9,ADD_09_X0_ACC2,5SB,486.631210937,124.554511719,116.730644208,126.228510685,0.505917557927,0.489770317605,0.924756567072,76800
2,9,ADD_09_X0_ACC2,5SB,396.425195313,99.6696354167,104.412954344,98.6547523078,0.501419027695,0.51321172245,1.05836720382,76800
3,9,ADD_09_X0_ACC2,5SB,529.189830729,132.698723958,122.615451389,134.856146466,0.500757691186,0.481356516617,0.909231463322,76800
4,9,ADD_09_X0_ACC2,5SB,453.140625,111.631767578,116.365857713,110.618859067,0.496337856767,0.506752952633,1.05195315423,76800
5,9,ADD_09_X0_ACC2,5SB,521.325052083,132.27241862,132.749482861,132.170345694,0.503709741211,0.504617283481,1.00438174814,76800
6,9,ADD_09_X0_ACC2,5SB,441.915546875,108.396992188,107.778701241,108.529282056,0.49526652545,0.493852017923,0.993084070946,76800
7,9,ADD_09_X0_ACC2,5SB,481.824752604,120.604973958,117.514498375,121.266213802,0.500308701224,0.493856952351,0.969062154164,76800
8,9,ADD_09_X0_ACC2,5SB,552.626536458,134.696162109,126.343528369,136.483296187,0.49369842655,0.478146116622,0.925706895262,76800
9,9,ADD_09_X0_ACC2,5SB,405.482890625,101.315820312,96.9384604019,102.25240263,0.49986458176,0.488947006996,0.948031126001,76800
10,9,ADD_09_X0_ACC2,5SB,521.118645833,127.254283854,145.210383422,123.412386982,0.49416035381,0.527874313633,1.1766272979,76800
1,9,ADD_09_X0_ACC2,5Z0,965.656419271,209.034886068,164.482417258,218.567356633,0.465262521587,0.412713261431,0.752547954973,76800
2,9,ADD_09_X0_ACC2,5Z0,680.251783854,147.771673177,206.403424202,135.226791698,0.466080304171,0.550837634101,1.52635007908,76800
3,9,ADD_09_X0_ACC2,5Z0,1300.19472656,274.994501953,239.582446809,282.571284617,0.459894065384,0.429262843282,0.847865511647,76800
4,9,ADD_09_X0_ACC2,5Z0,1520.20571615,338.105878906,281.10485003,350.301850183,0.471601502996,0.430014389729,0.802464645512,76800
5,9,ADD_09_X0_ACC2,5Z0,966.734661458,181.233196615,114.702349291,195.468173053,0.432977402058,0.344455014468,0.586808315131,76800
6,9,ADD_09_X0_ACC2,5Z0,674.551744792,140.952711589,197.2265625,128.912327706,0.457118799568,0.54072327982,1.52992786655,76800
7,9,ADD_09_X0_ACC2,5Z0,1202.82803385,284.36453776,242.702293883,293.27861422,0.486223502244,0.449195265106,0.827548556613,76800
8,9,ADD_09_X0_ACC2,5Z0,729.537148438,127.769410807,75.1172429078,139.034897414,0.4184944862,0.320882560143,0.540276177456,76800
9,9,ADD_09_X0_ACC2,5Z0,1408.47032552,352.258942057,303.893450798,362.607248988,0.500100354611,0.464501177899,0.838078807431,76800
10,9,ADD_09_X0_ACC2,5Z0,781.429869792,169.594046224,134.041408097,177.200908099,0.465865228936,0.414166041139,0.756437478423,76800
1,10,ADD_10_X0_ACC3,5L8,1.53153645833,0.765068359375,0.758754432624,0.766419290592,0.706783579085,0.703861078741,0.989999132247,76800
2,10,ADD_10_X0_ACC3,5L8,1.494921875,0.751461588542,0.753121306147,0.751106474456,0.708996587166,0.709779118903,1.00268248478,76800
3,10,ADD_10_X0_ACC3,5L8,1.84046875,0.837903645833,0.769429669031,0.852554375316,0.674734343735,0.646576982943,0.902499232081,76800
4,10,ADD_10_X0_ACC3,5L8,1.595,0.787431640625,0.788139036643,0.787280285787,0.702629026572,0.70294456215,1.00109078161,76800
5,10,ADD_10_X0_ACC3,5L8,1.60885416667,0.768587239583,0.745105644208,0.773611374557,0.691175356375,0.680535189406,0.963152389833,76800
6,10,ADD_10_X0_ACC3,5L8,1.54897135417,0.755185546875,0.752955082742,0.755662778199,0.698240670635,0.697208770304,0.996416793924,76800
7,10,ADD_10_X0_ACC3,5L8,1.630625,0.792431640625,0.809766548463,0.788722654274,0.697114081992,0.704697722328,1.02668098104,76800
8,10,ADD_10_X0_ACC3,5L8,1.97692708333,0.856927083333,0.794344710402,0.870317242033,0.658379968677,0.63388310758,0.912707082012,76800
9,10,ADD_10_X0_ACC3,5L8,1.6528125,0.806966145833,0.784629875887,0.811745226353,0.698740414793,0.689002227397,0.966596230459,76800
10,10,ADD_10_X0_ACC3,5L8,1.63479166667,0.798489583333,0.794621749409,0.799317147193,0.698881299455,0.697186575886,0.994125738699,76800
1,10,ADD_10_X0_ACC3,5PD,71.4743880208,18.8306184896,19.7610261525,18.6315479578,0.513283223295,0.525810826099,1.06062181185,76800
2,10,ADD_10_X0_ACC3,5PD,76.7192708333,20.0162923177,20.0170656028,20.0161268652,0.510786704354,0.510796570816,1.00004689907,76800
3,10,ADD_10_X0_ACC3,5PD,65.7825130208,17.2774804687,18.0379912825,17.1147611596,0.512489503859,0.523647285022,1.05394350025,76800
4,10,ADD_10_X0_ACC3,5PD,72.7873697917,18.9513509115,18.6932070035,19.006583523,0.510260644818,0.506773497287,0.983512212014,76800
5,10,ADD_10_X0_ACC3,5PD,70.5775911458,18.4522460937,18.6158392435,18.4172436141,0.511318143322,0.51357975314,1.01078313528,76800
6,10,ADD_10_X0_ACC3,5PD,75.83421875,19.7754101563,20.180795656,19.6886736533,0.5106580017,0.515865559171,1.02499518309,76800
7,10,ADD_10_X0_ACC3,5PD,70.3940625,18.4366015625,18.8426787825,18.3497170587,0.511767167674,0.517372460382,1.02686481335,76800
8,10,ADD_10_X0_ACC3,5PD,60.9215104167,16.1850553385,17.2548204787,15.9561678048,0.515432457528,0.532193898946,1.08138875762,76800
9,10,ADD_10_X0_ACC3,5PD,75.4601692708,19.611328125,19.6373190012,19.6057671029,0.509793877645,0.510131580485,1.0016093172,76800
10,10,ADD_10_X0_ACC3,5PD,67.1373828125,17.4391178385,16.9736443558,17.5387107992,0.509659416263,0.502811666056,0.967781757173,76800
1,10,ADD_10_X0_ACC3,5PN,92.0417578125,24.1542089844,23.6204011525,24.2684227997,0.51227593853,0.506583665886,0.973297743633,76800
2,10,ADD_10_X0_ACC3,5PN,83.262890625,22.0447981771,22.2688571217,21.9968584029,0.514549690732,0.517157970343,1.0123653439,76800
3,10,ADD_10_X0_ACC3,5PN,96.9770833333,25.5617317708,24.6611628251,25.7544179944,0.513405571748,0.504280548119,0.957550771692,76800
4,10,ADD_10_X0_ACC3,5PN,87.0293229167,22.6169270833,23.1424719267,22.5044812215,0.509781412804,0.515670242354,1.02834949621,76800
5,10,ADD_10_X0_ACC3,5PN,96.2118619792,25.576640625,24.5567929965,25.7948477807,0.515593508561,0.505209507443,0.952003795688,76800
6,10,ADD_10_X0_ACC3,5PN,86.1826041667,22.7753222656,22.7832816194,22.7736192779,0.514070235337,0.514160054252,1.00042427782,76800
7,10,ADD_10_X0_ACC3,5PN,90.6190494792,23.6549479167,23.5080710697,23.6863737671,0.51091805105,0.509329400712,0.992472351442,76800
8,10,ADD_10_X0_ACC3,5PN,93.79484375,24.9526790365,23.7557070035,25.2087838265,0.515785475249,0.503262415735,0.942358313159,76800
9,10,ADD_10_X0_ACC3,5PN,82.699296875,21.5281901042,21.6027075946,21.5122463012,0.510214564023,0.51109682735,1.00420510681,76800
10,10,ADD_10_X0_ACC3,5PN,90.1025130208,24.0822167969,25.6146941489,23.7543271055,0.51698718609,0.533182805291,1.07831697506,76800
1,10,ADD_10_X0_ACC3,5QC,0.411484375,0.412685546875,0.426954048463,0.409632650481,1.00145849592,1.01862397461,1.04228519861,76800
2,10,ADD_10_X0_ACC3,5QC,0.434361979167,0.436705729167,0.420526743499,0.440167393778,1.00269429299,0.983945193063,0.955379134034,76800
3,10,ADD_10_X0_ACC3,5QC,0.314973958333,0.343115234375,0.390421838061,0.332993487607,1.04371680573,1.11334490679,1.17246088164,76800
4,10,ADD_10_X0_ACC3,5QC,0.408776041667,0.417643229167,0.395408540189,0.422400575367,1.01078783286,0.983513454858,0.936098488609,76800
5,10,ADD_10_X0_ACC3,5QC,0.374010416667,0.3924609375,0.415004432624,0.387637518968,1.02436886394,1.05337866675,1.0705992385,76800
6,10,ADD_10_X0_ACC3,5QC,0.401666666667,0.392607421875,0.408023049645,0.389309085736,0.988658618325,1.00788145129,1.04806968189,76800
7,10,ADD_10_X0_ACC3,5QC,0.387734375,0.409654947917,0.398862293144,0.411964150228,1.02787889649,1.01424841599,0.968196608668,76800
8,10,ADD_10_X0_ACC3,5QC,0.263697916667,0.304664713542,0.398585254137,0.284569423369,1.07487442367,1.22943978958,1.40066086306,76800
9,10,ADD_10_X0_ACC3,5QC,0.439375,0.427132161458,0.431257387707,0.426249525797,0.985969465604,0.990719252735,1.01174866271,76800
10,10,ADD_10_X0_ACC3,5QC,0.3890625,0.419287109375,0.423407949173,0.418405412241,1.03811643999,1.04320537754,1.01195619556,76800
1,10,ADD_10_X0_ACC3,5QT,0.347734375,0.357428385417,0.357805112293,0.357347780728,1.01384300091,1.01437715171,1.00127979405,76800
2,10,ADD_10_X0_ACC3,5QT,0.3358984375,0.345192057292,0.341884604019,0.345899721801,1.01373958485,1.00887132908,0.98839224917,76800
3,10,ADD_10_X0_ACC3,5QT,0.395247395833,0.375693359375,0.348238031915,0.381567716237,0.974949791543,0.938649798529,0.912650670105,76800
4,10,ADD_10_X0_ACC3,5QT,0.351536458333,0.355494791667,0.368369533097,0.352740104957,1.00561428656,1.02366219671,1.04430862247,76800
5,10,ADD_10_X0_ACC3,5QT,0.370598958333,0.367255859375,0.352504432624,0.370412082701,0.995479382176,0.975281966827,0.951654789586,76800
6,10,ADD_10_X0_ACC3,5QT,0.348450520833,0.347262369792,0.34284500591,0.348207511381,0.99829363777,0.991923900658,0.984599684681,76800
7,10,ADD_10_X0_ACC3,5QT,0.361861979167,0.366468098958,0.361295803783,0.36757476606,1.00634434515,0.999217385285,0.982917863635,76800
8,10,ADD_10_X0_ACC3,5QT,0.410481770833,0.380598958333,0.374131944444,0.381982644158,0.962912578803,0.954696780331,0.979447496282,76800
9,10,ADD_10_X0_ACC3,5QT,0.332916666667,0.345299479167,0.342180112293,0.345966900607,1.01842767596,1.01381710297,0.98905447802,76800
10,10,ADD_10_X0_ACC3,5QT,0.359674479167,0.368639322917,0.359929078014,0.370502971674,1.01238573747,1.00035386693,0.971460704854,76800
1,10,ADD_10_X0_ACC3,5TE,20.9841927083,5.90919596354,5.88558289007,5.91424822964,0.530662090156,0.529600769287,0.995153172735,76800
2,10,ADD_10_X0_ACC3,5TE,20.135546875,5.6528515625,5.74475472813,5.63318791098,0.529848947596,0.534138682581,1.01980527171,76800
3,10,ADD_10_X0_ACC3,5TE,22.7226302083,6.26226236979,6.01695478723,6.31474851416,0.524972228278,0.514587311907,0.952841553981,76800
4,10,ADD_10_X0_ACC3,5TE,20.5115364583,5.76084309896,5.96134382388,5.71794385432,0.529961019481,0.539104539401,1.04256774389,76800
5,10,ADD_10_X0_ACC3,5TE,22.1035416667,6.18379231771,5.93022310875,6.23804612418,0.528927946925,0.517969971734,0.950653937258,76800
6,10,ADD_10_X0_ACC3,5TE,20.6927213542,5.75400065104,5.62573877069,5.78144363303,0.527322313207,0.521411944996,0.973068169089,76800
7,10,ADD_10_X0_ACC3,5TE,21.2555989583,5.96675455729,5.9386266253,5.97277282499,0.529824958823,0.528574657236,0.994283023866,76800
8,10,ADD_10_X0_ACC3,5TE,23.2776822917,6.2941796875,6.01339021868,6.35425755564,0.519995637758,0.50826455617,0.946356071661,76800
9,10,ADD_10_X0_ACC3,5TE,19.9000130208,5.54702473958,5.549294474,5.54653910597,0.527962857976,0.528070862984,1.00049677249,76800
10,10,ADD_10_X0_ACC3,5TE,21.1375,5.91680338542,6.08207742317,5.88144126201,0.529074412893,0.536412836202,1.03411343448,76800
1,10,ADD_10_X0_ACC3,5SB,416.69859375,105.635566406,101.291888298,106.564942147,0.503493728345,0.493033371856,0.950517930728,76800
2,10,ADD_10_X0_ACC3,5SB,362.534375,91.6854166667,93.2563718972,91.3492942274,0.502892936256,0.507182968982,1.02087676414,76800
3,10,ADD_10_X0_ACC3,5SB,446.211080729,112.179697266,107.994015957,113.075267925,0.501403032653,0.49195986121,0.955063100352,76800
4,10,ADD_10_X0_ACC3,5SB,391.021627604,99.065139974,101.190621306,98.610370827,0.503338370959,0.508709375428,1.02616611678,76800
5,10,ADD_10_X0_ACC3,5SB,434.663268229,110.939088542,98.8047244385,113.535363714,0.505202889886,0.476773803654,0.87025505716,76800
6,10,ADD_10_X0_ACC3,5SB,394.222799479,97.2823990885,97.2177711288,97.2962269221,0.496759598374,0.496594563931,0.999193639921,76800
7,10,ADD_10_X0_ACC3,5SB,409.486263021,101.884462891,98.6238733747,102.582100405,0.498809035314,0.490762487399,0.961414057478,76800
8,10,ADD_10_X0_ACC3,5SB,431.154648437,104.663499349,101.904513889,105.253813385,0.492698328721,0.486161064685,0.96817882993,76800
9,10,ADD_10_X0_ACC3,5SB,365.078841146,92.6101302083,91.7495752069,92.7942550266,0.503658207788,0.501312691336,0.988741977406,76800
10,10,ADD_10_X0_ACC3,5SB,402.246106771,100.560764974,103.919196956,99.8421930324,0.499998106333,0.508278765367,1.04083447889,76800
1,10,ADD_10_X0_ACC3,5Z0,970.420625,212.547871094,169.762762264,221.702196352,0.468002712848,0.418255063578,0.765724314225,76800
2,10,ADD_10_X0_ACC3,5Z0,717.410611979,157.840869141,214.554391992,145.70641281,0.469057228989,0.546870889817,1.47251166132,76800
3,10,ADD_10_X0_ACC3,5Z0,1317.84794271,276.793655599,242.93977172,284.037051088,0.458295311433,0.429355131763,0.855310146299,76800
4,10,ADD_10_X0_ACC3,5Z0,1512.67632813,343.981526693,281.183085845,357.417915402,0.476864018805,0.431143249903,0.786706747838,76800
5,10,ADD_10_X0_ACC3,5Z0,972.238776042,181.848645833,127.640403369,193.447071004,0.432482527646,0.362332770633,0.659820811482,76800
6,10,ADD_10_X0_ACC3,5Z0,672.569166667,143.100566406,200.922724586,130.728905855,0.461266802646,0.546570329737,1.53694183603,76800
7,10,ADD_10_X0_ACC3,5Z0,1210.96779948,284.087558594,260.391474586,289.157585673,0.484350563929,0.463710663393,0.900517529154,76800
8,10,ADD_10_X0_ACC3,5Z0,776.786796875,130.941722005,73.5817819149,143.214486122,0.410570844905,0.307775632731,0.513787284426,76800
9,10,ADD_10_X0_ACC3,5Z0,1401.48947917,346.025989583,304.592217051,354.891182189,0.496889064258,0.466191638727,0.858269329692,76800
10,10,ADD_10_X0_ACC3,5Z0,792.914375,167.824039714,129.493166371,176.025334313,0.46005943287,0.404119939684,0.735650733892,76800
1,11,ADD_11_X1_ACC1,5L8,1.694375,0.964111328125,0.943317819149,0.968560318665,0.754325562733,0.746146750023,0.973938123388,76800
2,11,ADD_11_X1_ACC1,5L8,1.63139322917,0.986813151042,0.959238327423,0.992713075367,0.777746627448,0.766803230419,0.966279533558,76800
3,11,ADD_11_X1_ACC1,5L8,2.11114583333,0.755013020833,0.877142434988,0.728882144664,0.598023297713,0.644578690507,1.2034077682,76800
4,11,ADD_11_X1_ACC1,5L8,1.7296484375,0.9383984375,0.8802268026,0.950844872281,0.736571173977,0.713375803696,0.925731239932,76800
5,11,ADD_11_X1_ACC1,5L8,1.8140625,0.877578125,0.943650265957,0.863441293627,0.695531449005,0.721239345239,1.09289452905,76800
6,11,ADD_11_X1_ACC1,5L8,1.784921875,0.932470703125,0.996176861702,0.918840098634,0.722783104113,0.747065393659,1.0841678146,76800
7,11,ADD_11_X1_ACC1,5L8,1.77171875,0.911728515625,0.913600768322,0.911327927415,0.71735706263,0.718093238406,1.00249398799,76800
8,11,ADD_11_X1_ACC1,5L8,2.42819010417,0.611002604167,0.840831855792,0.561828211937,0.501626172893,0.588454971222,1.4965995618,76800
9,11,ADD_11_X1_ACC1,5L8,1.61169270833,0.9909375,0.988475177305,0.991464339909,0.784119061277,0.783144249516,0.996985103261,76800
10,11,ADD_11_X1_ACC1,5L8,1.7590625,0.929729817708,0.915170656028,0.932844903895,0.727005580686,0.7212908253,0.981053390769,76800
1,11,ADD_11_X1_ACC1,5PD,52.7951953125,14.1731217448,13.5149046986,14.3139542236,0.518126205559,0.505951972471,0.944176884143,76800
2,11,ADD_11_X1_ACC1,5PD,65.4954427083,17.4885514323,15.5186170213,17.910039675,0.516739164013,0.486766819339,0.866475859511,76800
3,11,ADD_11_X1_ACC1,5PD,31.5634114583,8.28594401042,10.3963504728,7.83440029084,0.512364497012,0.573916204788,1.32701292848,76800
4,11,ADD_11_X1_ACC1,5PD,51.1377734375,13.4141601563,11.4549165189,13.8333609952,0.512166108125,0.473287524434,0.828064598538,76800
5,11,ADD_11_X1_ACC1,5PD,33.1754166667,8.66684895833,12.9183843085,7.75718813227,0.511119465462,0.624016261166,1.66534369004,76800
6,11,ADD_11_X1_ACC1,5PD,51.6309375,14.000406901,15.7888223995,13.617756544,0.520733267129,0.552993293465,1.1594290402,76800
7,11,ADD_11_X1_ACC1,5PD,45.1632291667,11.9618457031,11.1878324468,12.1274540023,0.514643633792,0.497714718094,0.922521119825,76800
8,11,ADD_11_X1_ACC1,5PD,21.69234375,5.80789388021,10.2705193558,4.8530680956,0.51743535225,0.688086383559,2.1162940955,76800
9,11,ADD_11_X1_ACC1,5PD,65.9338802083,17.5950878906,18.1870936761,17.4684220094,0.516584537814,0.525203164893,1.04114118988,76800
10,11,ADD_11_X1_ACC1,5PD,43.100546875,11.4811230469,10.3777334515,11.7172048875,0.516120126899,0.490693003368,0.885683364865,76800
1,11,ADD_11_X1_ACC1,5PN,111.992708333,29.3375585937,30.2703531324,29.1379773647,0.511819833635,0.519892880337,1.03886253852,76800
2,11,ADD_11_X1_ACC1,5PN,93.8937239583,24.4318880208,27.1533687943,23.8495985078,0.510105765896,0.537766292646,1.13852519511,76800
3,11,ADD_11_X1_ACC1,5PN,162.191002604,41.1036490885,36.255393026,42.1409846042,0.503415763359,0.472795059266,0.860335689034,76800
4,11,ADD_11_X1_ACC1,5PN,121.2303125,30.6708072917,34.2533429374,29.9042860078,0.502987267197,0.53155213762,1.14543256202,76800
5,11,ADD_11_X1_ACC1,5PN,147.274179688,38.5960253906,30.0953752955,40.4148291287,0.511926940879,0.452050106102,0.7446616983,76800
6,11,ADD_11_X1_ACC1,5PN,114.735546875,27.8228190104,26.6327016844,28.0774571636,0.492438013075,0.481790927092,0.948543934345,76800
7,11,ADD_11_X1_ACC1,5PN,126.242877604,32.9940494792,32.7355755024,33.0493527124,0.51122768905,0.509221283842,0.990505798622,76800
8,11,ADD_11_X1_ACC1,5PN,186.109986979,47.4647005208,35.8784352837,49.9437041603,0.505010645629,0.439068123061,0.718377539009,76800
9,11,ADD_11_X1_ACC1,5PN,93.4597395833,24.0501334635,23.4982823582,24.1682078275,0.507278507144,0.501424760491,0.972280713815,76800
10,11,ADD_11_X1_ACC1,5PN,128.544140625,33.4313183594,34.8524120863,33.1272603692,0.509977022579,0.520703237113,1.05207649826,76800
1,11,ADD_11_X1_ACC1,5QC,0.420286458333,0.660826822917,0.662677304965,0.660430892767,1.25392376294,1.25567818725,1.00340143416,76800
2,11,ADD_11_X1_ACC1,5QC,0.440130208333,0.668196614583,0.663656176123,0.669168089277,1.23214422762,1.22795084274,0.991763036458,76800
3,11,ADD_11_X1_ACC1,5QC,0.313463541667,0.52982421875,0.612330082742,0.512171219019,1.3000869086,1.39765273911,1.19555738394,76800
4,11,ADD_11_X1_ACC1,5QC,0.411549479167,0.643017578125,0.62331929669,0.647232233182,1.24997231595,1.23067749192,0.963053545132,76800
5,11,ADD_11_X1_ACC1,5QC,0.383684895833,0.678043619792,0.672041223404,0.679327895802,1.32935650583,1.32345934645,0.989273703548,76800
6,11,ADD_11_X1_ACC1,5QC,0.404440104167,0.618395182292,0.671413268322,0.607051403642,1.23653365731,1.28845083984,1.1060237474,76800
7,11,ADD_11_X1_ACC1,5QC,0.397096354167,0.663356119792,0.668181146572,0.662323754426,1.29248472801,1.29717675855,1.00884369933,76800
8,11,ADD_11_X1_ACC1,5QC,0.229739583333,0.415341796875,0.571568410165,0.381915465352,1.34457460411,1.57730686821,1.49658356893,76800
9,11,ADD_11_X1_ACC1,5QC,0.440390625,0.668792317708,0.671690307329,0.668172262266,1.2323288201,1.23499587807,1.00526517675,76800
10,11,ADD_11_X1_ACC1,5QC,0.406341145833,0.661123046875,0.655234190307,0.662383029843,1.27554489232,1.26985132078,0.989207393283,76800
1,11,ADD_11_X1_ACC1,5QT,0.398580729167,0.500869140625,0.483506944444,0.504583965604,1.12099580865,1.10139527591,0.958228912138,76800
2,11,ADD_11_X1_ACC1,5QT,0.368294270833,0.472360026042,0.485483156028,0.469552193981,1.13250228623,1.14812613174,1.0339279898,76800
3,11,ADD_11_X1_ACC1,5QT,0.514557291667,0.5041796875,0.524841164303,0.499758946636,0.989864624735,1.00994349601,1.05018863161,76800
4,11,ADD_11_X1_ACC1,5QT,0.417239583333,0.513264973958,0.522735667849,0.51123861912,1.10911878932,1.11930466978,1.02248861549,76800
5,11,ADD_11_X1_ACC1,5QT,0.449401041667,0.52724609375,0.497303486998,0.533652630248,1.08315260378,1.05194664984,0.93188613493,76800
6,11,ADD_11_X1_ACC1,5QT,0.4172265625,0.487805989583,0.489952718676,0.487346674254,1.08127855421,1.08365517934,1.00534741398,76800
7,11,ADD_11_X1_ACC1,5QT,0.4283203125,0.508818359375,0.506741282506,0.509262771877,1.0899260968,1.08769919664,0.995048745931,76800
8,11,ADD_11_X1_ACC1,5QT,0.603645833333,0.507913411458,0.487644060284,0.512250252908,0.917283827592,0.898794416267,0.951964508585,76800
9,11,ADD_11_X1_ACC1,5QT,0.366041666667,0.485950520833,0.484411938534,0.486279716743,1.15220767531,1.15038220987,0.996159045617,76800
10,11,ADD_11_X1_ACC1,5QT,0.4208203125,0.5033984375,0.518690898345,0.500126454224,1.09372360267,1.11021212578,1.03711950041,76800
1,11,ADD_11_X1_ACC1,5TE,26.2956510417,7.60846354167,7.68022310875,7.59310982549,0.537906160363,0.540436850395,1.01147267526,76800
2,11,ADD_11_X1_ACC1,5TE,22.995,6.76677083333,7.31817006501,6.6487931525,0.542467878846,0.564136944424,1.10067645318,76800
3,11,ADD_11_X1_ACC1,5TE,37.2514713542,10.0716210938,8.86402925532,10.3299981032,0.519969624463,0.487802334953,0.858086242299,76800
4,11,ADD_11_X1_ACC1,5TE,27.3963802083,7.79840169271,8.43594858156,7.66199181209,0.5335267617,0.554907212442,1.10101247671,76800
5,11,ADD_11_X1_ACC1,5TE,32.795078125,9.2983984375,7.63013445626,9.65534111027,0.532475636057,0.482349419965,0.790250118471,76800
6,11,ADD_11_X1_ACC1,5TE,26.7629427083,7.37051106771,6.92798832742,7.46519347496,0.524785551127,0.508787744284,0.928038683881,76800
7,11,ADD_11_X1_ACC1,5TE,29.1519270833,8.30111328125,8.25735076832,8.31047673242,0.53362299466,0.532214536422,0.993607350599,76800
8,11,ADD_11_X1_ACC1,5TE,43.6348177083,11.3652897135,8.86360446217,11.9005516566,0.510356525892,0.450701082058,0.74480618361,76800
9,11,ADD_11_X1_ACC1,5TE,22.69875,6.65797851563,6.52672502955,6.68606158321,0.541589484985,0.536224542458,0.976168847434,76800
10,11,ADD_11_X1_ACC1,5TE,29.4476171875,8.3525390625,8.60496084515,8.29853075999,0.532579172233,0.540566800964,1.03692582386,76800
1,11,ADD_11_X1_ACC1,5SB,529.150221354,127.860882161,131.618628103,127.056872787,0.49156319368,0.498734244114,1.0359032551,76800
2,11,ADD_11_X1_ACC1,5SB,437.759088542,105.908261719,114.269171099,104.11935698,0.491866601461,0.510912999415,1.09748248946,76800
3,11,ADD_11_X1_ACC1,5SB,721.792565104,168.090953776,152.941747931,171.332286134,0.482576277016,0.460316796901,0.892661572329,76800
4,11,ADD_11_X1_ACC1,5SB,555.684830729,125.695214844,142.646849143,122.068233909,0.475603565304,0.506660235761,1.1685828866,76800
5,11,ADD_11_X1_ACC1,5SB,689.811106771,165.789658203,132.189937943,172.978672705,0.49024551218,0.437758016581,0.76419789721,76800
6,11,ADD_11_X1_ACC1,5SB,546.642513021,121.929960937,116.855681147,123.015656614,0.472284307075,0.462352503444,0.949925272631,76800
7,11,ADD_11_X1_ACC1,5SB,593.403164062,140.836061198,142.728132388,140.431232613,0.487171648863,0.490433200569,1.01635604653,76800
8,11,ADD_11_X1_ACC1,5SB,805.925703125,194.320830078,158.716755319,201.938697363,0.491034690438,0.443776075162,0.785965034891,76800
9,11,ADD_11_X1_ACC1,5SB,431.459622396,100.610732422,97.0170286643,101.379643241,0.482894296292,0.474191653175,0.956967548541,76800
10,11,ADD_11_X1_ACC1,5SB,604.273971354,144.96811849,150.626200502,143.757512171,0.489800593794,0.499267523403,1.0477796828,76800
1,11,ADD_11_X1_ACC1,5Z0,218.23984375,55.2245996094,56.6796136229,54.9132840162,0.503036231936,0.50961994836,1.0321657981,76800
2,11,ADD_11_X1_ACC1,5Z0,259.805703125,67.346702474,64.8416814421,67.8826781424,0.509136025391,0.499577412143,0.955202169633,76800
3,11,ADD_11_X1_ACC1,5Z0,138.857604167,33.1504134115,50.9836546986,29.3348033637,0.488606950438,0.605941430957,1.73799203855,76800
4,11,ADD_11_X1_ACC1,5Z0,205.421197917,51.3685481771,56.8543513593,50.1948027314,0.500064491122,0.526089005559,1.13267406715,76800
5,11,ADD_11_X1_ACC1,5Z0,135.375351562,31.6192903646,49.6075834811,27.7705053427,0.483288276954,0.605346780816,1.786340683,76800
6,11,ADD_11_X1_ACC1,5Z0,200.960026042,50.5144303385,66.4914856678,47.0959708523,0.501363704564,0.575212319961,1.41182959953,76800
7,11,ADD_11_X1_ACC1,5Z0,186.746445312,45.6115332031,47.8156397754,45.1399413569,0.494209584399,0.506009666707,1.05927562904,76800
8,11,ADD_11_X1_ACC1,5Z0,106.240234375,24.5167578125,36.3551455378,21.9838099077,0.480382312434,0.58497651887,1.65372361253,76800
9,11,ADD_11_X1_ACC1,5Z0,243.405182292,63.0974414062,70.5217937352,61.5089229262,0.509144391651,0.538265772823,1.14652948516,76800
10,11,ADD_11_X1_ACC1,5Z0,214.297356771,53.5457291667,48.4623965721,54.6333617855,0.49986647597,0.475547646214,0.887047675418,76800
1,12,ADD_12_X1_ACC2,5L8,1.6248828125,1.03944661458,1.02853501773,1.04178126581,0.799815971173,0.795606859342,0.987285000689,76800
2,12,ADD_12_X1_ACC2,5L8,1.55037760417,1.04401041667,1.04988549054,1.04275338265,0.820604081738,0.822909780013,1.00683968809,76800
3,12,ADD_12_X1_ACC2,5L8,2.14842447917,0.938118489583,1.0587876773,0.912300044259,0.66079812465,0.702011769035,1.16056957792,76800
4,12,ADD_12_X1_ACC2,5L8,1.66537760417,1.03870768229,1.03134234634,1.0402835736,0.789751231568,0.786946240583,0.991405009664,76800
5,12,ADD_12_X1_ACC2,5L8,1.7984375,1.026796875,1.02384382388,1.02742871143,0.755604601964,0.754517266334,0.996510816259,76800
6,12,ADD_12_X1_ACC2,5L8,1.71805989583,0.988199869792,1.04185135934,0.976720567779,0.758408594653,0.778724307466,1.06668313713,76800
7,12,ADD_12_X1_ACC2,5L8,1.771953125,1.04475260417,1.04142656619,1.04546424507,0.767857475483,0.766634238997,0.996137908212,76800
8,12,ADD_12_X1_ACC2,5L8,2.556640625,0.884567057292,1.02186761229,0.855190155539,0.588207473241,0.632211620906,1.19490104706,76800
9,12,ADD_12_X1_ACC2,5L8,1.53473958333,1.05510742188,1.06595375296,1.05278673495,0.829145965356,0.833396810991,1.01250682362,76800
10,12,ADD_12_X1_ACC2,5L8,1.72380208333,1.04029947917,1.01682550236,1.04532198407,0.776846994577,0.768032352086,0.97273903913,76800
1,12,ADD_12_X1_ACC2,5PD,60.7489192708,14.7812955729,14.5424239066,14.8324046851,0.493272577734,0.489270602124,0.980449510065,76800
2,12,ADD_12_X1_ACC2,5PD,68.0778385417,16.6919889323,15.4814937943,16.9509871333,0.495166396853,0.476873898604,0.91330927648,76800
3,12,ADD_12_X1_ACC2,5PD,42.3223697917,9.69572916667,11.7821919326,9.24930845346,0.478635877326,0.527628271312,1.27384571419,76800
4,12,ADD_12_X1_ACC2,5PD,59.783359375,13.8850292969,12.6829196217,14.1422333397,0.481929201732,0.460595257886,0.896811650405,76800
5,12,ADD_12_X1_ACC2,5PD,43.0701171875,10.1349479167,13.5557587175,9.40302936899,0.485090460232,0.56101424443,1.44163738999,76800
6,12,ADD_12_X1_ACC2,5PD,59.0314192708,14.1048632812,15.4840240839,13.8097772825,0.488813090619,0.512153690603,1.1212363362,76800
7,12,ADD_12_X1_ACC2,5PD,52.781015625,12.8328125,12.5720670804,12.8886017324,0.493085297306,0.488050175659,0.975440729831,76800
8,12,ADD_12_X1_ACC2,5PD,30.4163151042,7.16818033854,11.2829676418,6.28777819929,0.485457440796,0.609057607218,1.79442837903,76800
9,12,ADD_12_X1_ACC2,5PD,69.5555208333,16.8747851562,16.9139701537,16.8664011128,0.492553401561,0.49312494994,1.00282034327,76800
10,12,ADD_12_X1_ACC2,5PD,52.6713151042,12.6092643229,11.8469821217,12.7723626391,0.489280371377,0.474260315115,0.927548211439,76800
1,12,ADD_12_X1_ACC2,5PN,110.27546875,31.0581184896,31.8171357861,30.8957187342,0.530698811452,0.537144439686,1.02982345417,76800
2,12,ADD_12_X1_ACC2,5PN,94.804375,26.5832128906,28.8345707742,26.101511128,0.529528750545,0.551496239877,1.10470886658,76800
3,12,ADD_12_X1_ACC2,5PN,152.818203125,40.8958691406,36.1733894799,41.9062934686,0.517311552175,0.486527124579,0.863197063872,76800
4,12,ADD_12_X1_ACC2,5PN,118.312903646,32.4454036458,34.6201979905,31.9800834598,0.523673423857,0.540939527238,1.08255496062,76800
5,12,ADD_12_X1_ACC2,5PN,136.784075521,38.0889388021,30.7652556147,39.6559180577,0.52769340526,0.474255628838,0.775804901804,76800
6,12,ADD_12_X1_ACC2,5PN,115.280091146,30.1778483073,28.9318114657,30.4444510306,0.511642933149,0.500968775136,0.950314769566,76800
7,12,ADD_12_X1_ACC2,5PN,121.675039063,34.1167057292,34.0369015957,34.1337806651,0.529520523693,0.528900846815,0.99716178321,76800
8,12,ADD_12_X1_ACC2,5PN,177.159427083,47.1791829427,37.0930851064,49.3372099456,0.516051534926,0.457577166249,0.751827781653,76800
9,12,ADD_12_X1_ACC2,5PN,95.3028776042,26.549749349,25.5810431442,26.7570142577,0.527809503476,0.51809108355,0.95604998741,76800
10,12,ADD_12_X1_ACC2,5PN,121.809296875,33.9594954427,34.873060727,33.7640285154,0.528007870717,0.535062870203,1.03284656068,76800
1,12,ADD_12_X1_ACC2,5QC,0.415546875,0.637805989583,0.624593676123,0.640632903389,1.23889438993,1.22599523165,0.974963466313,76800
2,12,ADD_12_X1_ACC2,5QC,0.437864583333,0.675257161458,0.637226654846,0.683394189428,1.24183727086,1.20636035818,0.932443770671,76800
3,12,ADD_12_X1_ACC2,5QC,0.333385416667,0.509557291667,0.546413268322,0.501671566768,1.2362981264,1.28022799288,1.08918524492,76800
4,12,ADD_12_X1_ACC2,5QC,0.4075,0.623470052083,0.588301566194,0.630994720536,1.23692677951,1.20153436281,0.932339918301,76800
5,12,ADD_12_X1_ACC2,5QC,0.368268229167,0.5478125,0.61679964539,0.533051972686,1.21964613016,1.29416583602,1.15710976977,76800
6,12,ADD_12_X1_ACC2,5QC,0.401497395833,0.623229166667,0.662474143026,0.614832290086,1.24589808568,1.28452659283,1.07748755833,76800
7,12,ADD_12_X1_ACC2,5QC,0.381770833333,0.590745442708,0.575022163121,0.594109604198,1.24393823515,1.22727226304,0.967872188997,76800
8,12,ADD_12_X1_ACC2,5QC,0.280924479167,0.414928385417,0.550531914894,0.385914580172,1.21532317872,1.39989820957,1.42656417554,76800
9,12,ADD_12_X1_ACC2,5QC,0.439947916667,0.670393880208,0.659925384161,0.672633725341,1.23442408815,1.2247481277,0.981106595309,76800
10,12,ADD_12_X1_ACC2,5QC,0.387174479167,0.60490234375,0.578032653664,0.610651397319,1.24994030461,1.22186387545,0.946583691122,76800
1,12,ADD_12_X1_ACC2,5QT,0.374401041667,0.313763020833,0.313257239953,0.313871237987,0.915445205832,0.914707066862,0.998043790062,76800
2,12,ADD_12_X1_ACC2,5QT,0.353294270833,0.308665364583,0.31798537234,0.306671250632,0.934707338855,0.948713922217,1.03689332366,76800
3,12,ADD_12_X1_ACC2,5QT,0.506953125,0.352353515625,0.326167257683,0.357956341679,0.833691554999,0.802114336742,0.911192845899,76800
4,12,ADD_12_X1_ACC2,5QT,0.384127604167,0.316136067708,0.338689420804,0.31131053996,0.907192110585,0.93899451826,1.08794716956,76800
5,12,ADD_12_X1_ACC2,5QT,0.416002604167,0.332672526042,0.319167405437,0.335562089024,0.894253077239,0.875913544339,0.951142622711,76800
6,12,ADD_12_X1_ACC2,5QT,0.4034765625,0.321878255208,0.309027777778,0.324627750379,0.893175215003,0.875164319999,0.951945042947,76800
7,12,ADD_12_X1_ACC2,5QT,0.410247395833,0.326634114583,0.320921985816,0.327856284775,0.892293756935,0.884457194473,0.978849577445,76800
8,12,ADD_12_X1_ACC2,5QT,0.605950520833,0.398304036458,0.327053782506,0.413548779717,0.81075338813,0.734667801976,0.79084692918,76800
9,12,ADD_12_X1_ACC2,5QT,0.349752604167,0.31044921875,0.317080378251,0.309030412241,0.942138621165,0.952147442876,1.02604910614,76800
10,12,ADD_12_X1_ACC2,5QT,0.399830729167,0.326227213542,0.325428486998,0.326398109509,0.903279198072,0.902172737309,0.997029325586,76800
1,12,ADD_12_X1_ACC2,5TE,23.266640625,6.75772460937,6.81968454492,6.74446762772,0.538931295748,0.541396323405,1.01115238761,76800
2,12,ADD_12_X1_ACC2,5TE,21.3661197917,6.24452148438,6.56785608747,6.17534063606,0.540613333243,0.55443288876,1.06356174898,76800
3,12,ADD_12_X1_ACC2,5TE,32.5502864583,8.79271809896,7.65347960993,9.03647018842,0.519737636719,0.484899858399,0.846954557515,76800
4,12,ADD_12_X1_ACC2,5TE,24.0019140625,6.88621744792,7.39969341017,6.77635385053,0.535633126074,0.555244064669,1.09198745718,76800
5,12,ADD_12_X1_ACC2,5TE,27.3880208333,7.92035481771,6.66049793144,8.18991448533,0.537764332512,0.493143171762,0.813256102169,76800
6,12,ADD_12_X1_ACC2,5TE,24.4338932292,6.59350260417,6.17532875296,6.68297530981,0.519471535272,0.502728730579,0.924038839989,76800
7,12,ADD_12_X1_ACC2,5TE,25.409296875,7.36237304687,7.34857047872,7.3653262519,0.538285381772,0.537780571292,0.997725046712,76800
8,12,ADD_12_X1_ACC2,5TE,39.4550911458,10.3506673177,7.82858673168,10.8902930577,0.512191833322,0.445440968863,0.718859142745,76800
9,12,ADD_12_X1_ACC2,5TE,20.9652994792,6.13510742188,5.99390514184,6.16531913885,0.540954266528,0.534692875722,0.972197060178,76800
10,12,ADD_12_X1_ACC2,5TE,25.2812109375,7.30140625,7.2982232565,7.30208728503,0.537408239225,0.537291086902,0.999470832328,76800
1,12,ADD_12_X1_ACC2,5SB,460.451302083,115.567779948,118.995659722,114.834348919,0.500987087642,0.508362735352,1.03623750944,76800
2,12,ADD_12_X1_ACC2,5SB,380.517786458,96.6927864583,104.370585845,95.0500403073,0.504091711951,0.523722918974,1.09805935387,76800
3,12,ADD_12_X1_ACC2,5SB,646.473463542,152.509746094,137.114731087,155.803671915,0.48570597683,0.460539310901,0.880048136238,76800
4,12,ADD_12_X1_ACC2,5SB,492.888854167,115.867698568,129.205433658,113.013949482,0.484849209306,0.511995201006,1.1432697844,76800
5,12,ADD_12_X1_ACC2,5SB,616.271601562,149.367776693,119.440879876,155.770951884,0.492314220561,0.440240932067,0.766772485057,76800
6,12,ADD_12_X1_ACC2,5SB,482.118723958,111.51742513,105.271313534,112.853846579,0.480943840913,0.467280891446,0.932811035911,76800
7,12,ADD_12_X1_ACC2,5SB,528.109648438,128.740901693,130.136487884,128.442301309,0.493737623441,0.49640653469,1.01319025397,76800
8,12,ADD_12_X1_ACC2,5SB,743.147408854,180.201738281,144.612921099,187.816341047,0.492427166208,0.441129463183,0.769969856154,76800
9,12,ADD_12_X1_ACC2,5SB,379.021927083,92.9801920573,89.3264258274,93.7619538758,0.495293982662,0.485464872923,0.952693732745,76800
10,12,ADD_12_X1_ACC2,5SB,529.720130208,129.924755859,134.697602689,128.903554944,0.495247983778,0.504262525544,1.04494870407,76800
1,12,ADD_12_X1_ACC2,5Z0,161.9121875,36.2960742188,35.9180518617,36.3769560888,0.473467373208,0.470995346689,0.987384754625,76800
2,12,ADD_12_X1_ACC2,5Z0,177.536276042,40.8989941406,38.4879210993,41.4148686457,0.479968527352,0.465606113232,0.929326166131,76800
3,12,ADD_12_X1_ACC2,5Z0,130.389388021,27.8089713542,36.8163231383,25.8817534459,0.461818513326,0.531372510249,1.4224817965,76800
4,12,ADD_12_X1_ACC2,5Z0,167.280872396,37.1121875,38.5699800532,36.800277409,0.47101543006,0.480177233096,1.04808938326,76800
5,12,ADD_12_X1_ACC2,5Z0,130.836848958,27.313264974,35.6087285757,25.5383630501,0.45690064475,0.521690821085,1.39432306236,76800
6,12,ADD_12_X1_ACC2,5Z0,154.008046875,34.0563313802,39.1676640071,32.9627078591,0.47024828995,0.504303670036,1.18824169951,76800
7,12,ADD_12_X1_ACC2,5Z0,147.01859375,31.7623925781,31.2282432033,31.8766794702,0.464804658858,0.460879768744,0.979657973239,76800
8,12,ADD_12_X1_ACC2,5Z0,99.3531380208,20.796796875,27.8108747045,19.2960609509,0.457517205291,0.529074134192,1.44127212156,76800
9,12,ADD_12_X1_ACC2,5Z0,178.484856771,40.9208528646,43.0551122931,40.4642055513,0.478819303715,0.491147203497,1.06402959619,76800
10,12,ADD_12_X1_ACC2,5Z0,157.128320312,34.7351041667,32.756981383,35.1583443981,0.470172331998,0.456588220508,0.931698632111,76800
1,13,ADD_13_X1_ACC3,5L8,3.52462239583,1.253515625,1.24693410165,1.25492381133,0.596360098311,0.594792457928,0.993633310959,76800
2,13,ADD_13_X1_ACC3,5L8,3.56342447917,1.27162109375,1.23939864066,1.27851542742,0.597372302136,0.589755131233,0.969404525033,76800
3,13,ADD_13_X1_ACC3,5L8,3.65125,1.30686197917,1.21518543144,1.3264771434,0.598265661637,0.576899937792,0.916099789196,76800
4,13,ADD_13_X1_ACC3,5L8,3.51733072917,1.25713867187,1.24008200355,1.26078812595,0.597840028573,0.593770475888,0.983576842154,76800
5,13,ADD_13_X1_ACC3,5L8,3.5126171875,1.24456054688,1.23708998227,1.24615895296,0.595240679454,0.593451502904,0.992722460751,76800
6,13,ADD_13_X1_ACC3,5L8,3.55334635417,1.27255533854,1.25072030142,1.27722717501,0.598438558167,0.593282214159,0.979246547432,76800
7,13,ADD_13_X1_ACC3,5L8,3.50485677083,1.25187174479,1.22912972813,1.2567376391,0.597647051523,0.592193619694,0.978032080755,76800
8,13,ADD_13_X1_ACC3,5L8,3.65278645833,1.36438476563,1.2578125,1.3871870258,0.611161922984,0.586807709695,0.906736061258,76800
9,13,ADD_13_X1_ACC3,5L8,3.527109375,1.24807617187,1.22164967494,1.2537303996,0.594854953281,0.588523593717,0.974411783693,76800
10,13,ADD_13_X1_ACC3,5L8,3.49727864583,1.23537434896,1.21230422577,1.24031044512,0.594338921278,0.588763246586,0.97741999234,76800
1,13,ADD_13_X1_ACC3,5PD,67.2899609375,16.9872558594,16.4223736702,17.1081183612,0.502442625062,0.494018061012,0.959917001013,76800
2,13,ADD_13_X1_ACC3,5PD,68.0998567708,17.568186849,17.1645242317,17.6545547231,0.507914219733,0.502045161404,0.972243395595,76800
3,13,ADD_13_X1_ACC3,5PD,57.0645963542,13.9209049479,15.3919178487,13.6061662241,0.493912888674,0.51935341726,1.13124575984,76800
4,13,ADD_13_X1_ACC3,5PD,66.7993619792,16.6978971354,16.2579602541,16.7920262709,0.499970906669,0.493340615757,0.968195260768,76800
5,13,ADD_13_X1_ACC3,5PD,64.4844791667,15.74359375,17.630873227,15.3397904021,0.494110791506,0.522888768158,1.14935554951,76800
6,13,ADD_13_X1_ACC3,5PD,66.2572526042,16.9158105469,17.6242242908,16.7642379552,0.505277191558,0.51574888025,1.05129886237,76800
7,13,ADD_13_X1_ACC3,5PD,66.2240104167,16.3425813802,16.2200797872,16.368791888,0.496766829917,0.494901482101,0.990914900639,76800
8,13,ADD_13_X1_ACC3,5PD,47.2411067708,11.481468099,15.1143062943,10.7041840541,0.492990646904,0.565632138605,1.41199985145,76800
9,13,ADD_13_X1_ACC3,5PD,69.2133463542,17.7735514323,17.627142435,17.8048771813,0.506748164196,0.504656688192,0.990017637048,76800
10,13,ADD_13_X1_ACC3,5PD,66.307109375,16.2774414062,16.0478723404,16.326560129,0.495465047432,0.49195874248,0.982930403811,76800
1,13,ADD_13_X1_ACC3,5PN,82.1059765625,21.2481380208,21.0359781324,21.2935318665,0.508713255203,0.506167165894,0.987904602407,76800
2,13,ADD_13_X1_ACC3,5PN,77.9585286458,20.3442285156,20.901688091,20.2249541603,0.510844586873,0.517796206527,1.03346034435,76800
3,13,ADD_13_X1_ACC3,5PN,94.917421875,23.5059440104,22.236240396,23.7776104894,0.497640688108,0.484013765764,0.935175568038,76800
4,13,ADD_13_X1_ACC3,5PN,84.6163932292,21.2814713542,21.9064162234,21.1477578085,0.501503040752,0.508813250553,1.03587417738,76800
5,13,ADD_13_X1_ACC3,5PN,89.9876822917,22.7136230469,21.2212248818,23.0329373735,0.502402363501,0.485616786376,0.921342533852,76800
6,13,ADD_13_X1_ACC3,5PN,85.9619401042,21.0237434896,20.5729536052,21.1201947395,0.494540564475,0.489209879574,0.974089200358,76800
7,13,ADD_13_X1_ACC3,5PN,86.444375,22.2823665365,22.2683584515,22.285363714,0.507705990375,0.507546377465,0.999236931349,76800
8,13,ADD_13_X1_ACC3,5PN,106.002239583,25.9653222656,23.0737293144,26.5840090731,0.494924938831,0.466553418847,0.867955215144,76800
9,13,ADD_13_X1_ACC3,5PN,77.4192708333,19.8913574219,19.4446291371,19.9869396497,0.506882937327,0.501158722908,0.972866755886,76800
10,13,ADD_13_X1_ACC3,5PN,85.6307421875,21.7767122396,21.7721815898,21.7776816199,0.504291098262,0.504238636596,0.999747446485,76800
1,13,ADD_13_X1_ACC3,5QC,8.12611979167,2.45099283854,2.49481013593,2.44161766566,0.54919858681,0.554085952488,1.02178574927,76800
2,13,ADD_13_X1_ACC3,5QC,7.54942708333,2.28812174479,2.3513962766,2.2745834914,0.550531998879,0.558092152322,1.03377004427,76800
3,13,ADD_13_X1_ACC3,5QC,9.88651041667,2.86851888021,2.60856235225,2.92413932094,0.538650840949,0.513663961587,0.892078682286,76800
4,13,ADD_13_X1_ACC3,5QC,8.21635416667,2.47125651042,2.53547946217,2.45751533257,0.54842764387,0.555508198483,1.03172477851,76800
5,13,ADD_13_X1_ACC3,5QC,9.08654947917,2.69994466146,2.4283946513,2.75804564997,0.545102198391,0.516963803456,0.880476598102,76800
6,13,ADD_13_X1_ACC3,5QC,8.44649739583,2.48903645833,2.35907949173,2.5168421219,0.542846825858,0.528485360316,0.937317232255,76800
7,13,ADD_13_X1_ACC3,5QC,8.66109375,2.59784505208,2.61450945626,2.59427952706,0.547671639719,0.549425407167,1.0077978988,76800
8,13,ADD_13_X1_ACC3,5QC,10.8620182292,3.14700846354,2.68399083924,3.24607596737,0.538261964109,0.497090256912,0.826841659351,76800
9,13,ADD_13_X1_ACC3,5QC,7.41260416667,2.24302734375,2.16432106974,2.25986738113,0.5500876304,0.540350352314,0.957720390058,76800
10,13,ADD_13_X1_ACC3,5QC,8.6317578125,2.57035807292,2.59061022459,2.56602491148,0.545691502465,0.547837068029,1.00958108902,76800
1,13,ADD_13_X1_ACC3,5QT,6.86524739583,2.09435221354,2.08091385934,2.09722749115,0.552327623403,0.550552774141,0.992221334176,76800
2,13,ADD_13_X1_ACC3,5QT,6.51075520833,1.99839518229,1.99944592199,1.99817036545,0.554019439413,0.554165069698,1.00063836225,76800
3,13,ADD_13_X1_ACC3,5QT,7.6225390625,2.22784830729,2.08580821513,2.258239283,0.540621084036,0.523103176798,0.92364357968,76800
4,13,ADD_13_X1_ACC3,5QT,6.85986979167,2.07283854167,2.05594341017,2.07645343323,0.549698815833,0.547454011058,0.990122570177,76800
5,13,ADD_13_X1_ACC3,5QT,7.34399739583,2.18286132812,2.06831781915,2.20736911988,0.545188663124,0.530691803063,0.937005868444,76800
6,13,ADD_13_X1_ACC3,5QT,6.972890625,2.07492838542,2.0469304078,2.080918848,0.54550047045,0.54180762453,0.983666619083,76800
7,13,ADD_13_X1_ACC3,5QT,7.0332421875,2.11875976563,2.12625591017,2.11715588644,0.54886188448,0.549831960319,1.00429823037,76800
8,13,ADD_13_X1_ACC3,5QT,7.81819010417,2.23770182292,2.12771498227,2.26123466743,0.534992870682,0.521679309847,0.940952751574,76800
9,13,ADD_13_X1_ACC3,5QT,6.42346354167,1.96943033854,1.9036643026,1.98350167552,0.553714224261,0.544390516873,0.959749278811,76800
10,13,ADD_13_X1_ACC3,5QT,7.06104166667,2.11040690104,2.09956781915,2.11272603692,0.546699544511,0.545293808636,0.99377192426,76800
1,13,ADD_13_X1_ACC3,5TE,10.581640625,3.08466145833,3.07734929078,3.0862259737,0.539917307835,0.539276993119,0.997123774152,76800
2,13,ADD_13_X1_ACC3,5TE,10.3632682292,3.03981445312,3.08937278369,3.02921092564,0.541595650956,0.545992640225,1.0198605708,76800
3,13,ADD_13_X1_ACC3,5TE,12.2951432292,3.49657226562,3.18251329787,3.56376849393,0.533278970717,0.50876627755,0.893019090127,76800
4,13,ADD_13_X1_ACC3,5TE,10.7980338542,3.13001953125,3.1405695922,3.12776223445,0.538395202564,0.539301798169,1.00409473508,76800
5,13,ADD_13_X1_ACC3,5TE,10.8679296875,3.12027018229,3.05428117612,3.1343892261,0.535824651879,0.530128432894,0.974442213714,76800
6,13,ADD_13_X1_ACC3,5TE,10.7471223958,3.07483723958,3.04731826241,3.08072521497,0.534890603467,0.532491659461,0.989156140119,76800
7,13,ADD_13_X1_ACC3,5TE,10.6368619792,3.05795247396,3.03071439125,3.06378034901,0.536177522581,0.533784235731,0.989207464637,76800
8,13,ADD_13_X1_ACC3,5TE,13.0707552083,3.57888020833,3.15981456856,3.66854372155,0.523266871957,0.491677639563,0.861326675759,76800
9,13,ADD_13_X1_ACC3,5TE,10.3559375,3.03536783854,3.04031841017,3.03430861153,0.541390902637,0.541832216944,1.00198061549,76800
10,13,ADD_13_X1_ACC3,5TE,10.689453125,3.06026692708,2.99843011229,3.07349756576,0.535059292333,0.529625908245,0.975575886475,76800
1,13,ADD_13_X1_ACC3,5SB,344.393151042,87.1936490885,90.3438977541,86.5196201631,0.503170502824,0.512179461038,1.04420127578,76800
2,13,ADD_13_X1_ACC3,5SB,302.133411458,76.3472721354,80.4878841608,75.4613445245,0.502686688568,0.516138051858,1.06661078818,76800
3,13,ADD_13_X1_ACC3,5SB,464.719309896,112.069824219,101.518930999,114.327299096,0.491076312546,0.467388646631,0.887967544075,76800
4,13,ADD_13_X1_ACC3,5SB,376.682851562,89.067796224,96.0263002364,87.5789509041,0.486264347578,0.504902095873,1.09645410507,76800
5,13,ADD_13_X1_ACC3,5SB,423.112630208,105.774322917,86.3298980496,109.934662683,0.499990936999,0.451702630049,0.785283694355,76800
6,13,ADD_13_X1_ACC3,5SB,362.174583333,84.3383268229,80.5632203014,85.1460506765,0.482562428943,0.471638689819,0.946176829827,76800
7,13,ADD_13_X1_ACC3,5SB,375.20984375,94.516546224,94.8122598995,94.4532751644,0.501899554147,0.502684086908,1.00380065947,76800
8,13,ADD_13_X1_ACC3,5SB,539.225885417,134.454176432,108.455470597,140.016873735,0.499346238007,0.448477196359,0.774588574245,76800
9,13,ADD_13_X1_ACC3,5SB,303.19640625,73.9216178385,73.0074800532,74.1172072585,0.493768870995,0.490706323494,0.985027401243,76800
10,13,ADD_13_X1_ACC3,5SB,376.374973958,93.9707714844,95.8427526596,93.5702413695,0.49967316581,0.504625589747,1.02428668834,76800
1,13,ADD_13_X1_ACC3,5Z0,180.967526042,44.8100195312,44.6165410757,44.8514162873,0.497607871782,0.496532436502,0.994763259868,76800
2,13,ADD_13_X1_ACC3,5Z0,179.268776042,44.7368815104,44.6512817671,44.7551964782,0.499551798623,0.499073647499,0.997678153169,76800
3,13,ADD_13_X1_ACC3,5Z0,165.781341146,40.2980013021,43.0015514184,39.7195482423,0.493030661628,0.509300658699,1.08262941855,76800
4,13,ADD_13_X1_ACC3,5Z0,179.904309896,43.892516276,42.4933695331,44.1918784775,0.493940293636,0.486003952433,0.961565133619,76800
5,13,ADD_13_X1_ACC3,5Z0,175.064609375,42.555530599,45.3246527778,41.9630477049,0.49303622033,0.508824557211,1.08010869698,76800
6,13,ADD_13_X1_ACC3,5Z0,173.5690625,42.8397395833,45.394355792,42.2931525038,0.496806480432,0.511404764446,1.07332636856,76800
7,13,ADD_13_X1_ACC3,5Z0,175.046145833,42.5619108073,41.917313091,42.6998292868,0.493099182115,0.489350956785,0.981674020509,76800
8,13,ADD_13_X1_ACC3,5Z0,132.098645833,32.0789388021,39.2063571217,30.5539524848,0.492788782974,0.54478991939,1.28318446333,76800
9,13,ADD_13_X1_ACC3,5Z0,181.367239583,45.1380598958,44.6886266253,45.2342208839,0.498875323839,0.496385495138,0.987938462342,76800
10,13,ADD_13_X1_ACC3,5Z0,179.926692708,43.9326790365,43.7124519799,43.9797989378,0.494135487881,0.492895423243,0.99392114188,76800
1,14,ADD_14_X2_ACC1,5L8,1.54234375,0.778779296875,0.760158096927,0.782763498988,0.710585939681,0.702039218248,0.97112103197,76800
2,14,ADD_14_X2_ACC1,5L8,1.54625,0.769876302083,0.779070626478,0.767909079413,0.705619573675,0.709820534312,1.01453498515,76800
3,14,ADD_14_X2_ACC1,5L8,1.62174479167,0.764293619792,0.835734338061,0.749008124684,0.686497343746,0.717865145152,1.11578808095,76800
4,14,ADD_14_X2_ACC1,5L8,1.56505208333,0.794625651042,0.775321365248,0.798756006576,0.712552540168,0.70384410639,0.970661076555,76800
5,14,ADD_14_X2_ACC1,5L8,1.54548177083,0.809270833333,0.766326832151,0.818459155286,0.723627396337,0.704166033938,0.936304306942,76800
6,14,ADD_14_X2_ACC1,5L8,1.53190104167,0.752138671875,0.768930998818,0.748545776429,0.700702397886,0.708481197625,1.02723310054,76800
7,14,ADD_14_X2_ACC1,5L8,1.59161458333,0.800462239583,0.812703161939,0.797843165149,0.70917182002,0.714573686768,1.01862521036,76800
8,14,ADD_14_X2_ACC1,5L8,1.62196614583,0.724508463542,0.740229757683,0.721144726859,0.668345208662,0.675557589484,1.02646491073,76800
9,14,ADD_14_X2_ACC1,5L8,1.73533854167,0.841630859375,0.804853723404,0.849499715478,0.696415966117,0.681030202437,0.947444370773,76800
10,14,ADD_14_X2_ACC1,5L8,1.645078125,0.826422526042,0.82877142435,0.825919954476,0.708774051442,0.709780592784,1.00345247727,76800
1,14,ADD_14_X2_ACC1,5PD,70.1576822917,18.1374869792,18.4934064716,18.0613342501,0.508453147543,0.513417704853,1.02392249739,76800
2,14,ADD_14_X2_ACC1,5PD,65.7423046875,17.0648697917,17.6781176123,16.933658953,0.509482213562,0.518555860765,1.04396324866,76800
3,14,ADD_14_X2_ACC1,5PD,75.7994401042,19.6990625,19.3794880319,19.7674388278,0.509788201765,0.505636190864,0.980374250846,76800
4,14,ADD_14_X2_ACC1,5PD,77.7745442708,19.9534472656,18.8829971927,20.182481348,0.506512574293,0.492738760611,0.935613261178,76800
5,14,ADD_14_X2_ACC1,5PD,72.3230859375,18.6705761719,17.8765514184,18.8404661419,0.508089694036,0.497168262344,0.948838063974,76800
6,14,ADD_14_X2_ACC1,5PD,67.4634895833,17.3205143229,17.0692412825,17.3742768399,0.50669426787,0.503005470075,0.982443265972,76800
7,14,ADD_14_X2_ACC1,5PD,65.9407161458,17.1494335938,16.0736739066,17.3796037241,0.509974030145,0.493720030274,0.924858481344,76800
8,14,ADD_14_X2_ACC1,5PD,57.843671875,15.2174869792,15.6337359634,15.1284261191,0.512912806185,0.519880418094,1.03340134924,76800
9,14,ADD_14_X2_ACC1,5PD,72.9185546875,18.6524121094,18.7180666371,18.6383646308,0.505764654351,0.506653991624,1.00427623388,76800
10,14,ADD_14_X2_ACC1,5PD,61.802421875,15.9235546875,16.1017841312,15.8854206184,0.507594917314,0.510427721277,1.01362025709,76800
1,14,ADD_14_X2_ACC1,5PN,108.3690625,27.0998632812,27.5331708038,27.007152567,0.500070104174,0.504052132342,1.01947699727,76800
2,14,ADD_14_X2_ACC1,5PN,94.2991276042,23.9959342448,24.0298278664,23.988682347,0.504446361786,0.504802494637,1.00171520548,76800
3,14,ADD_14_X2_ACC1,5PN,121.647239583,29.4533203125,28.3356050532,29.69246728,0.492057664616,0.482630891498,0.954302813101,76800
4,14,ADD_14_X2_ACC1,5PN,101.144713542,25.2479199219,25.4094082447,25.2133677921,0.499621602112,0.501216871177,1.00777525851,76800
5,14,ADD_14_X2_ACC1,5PN,120.476653646,29.3492903646,24.8889258274,30.3036323976,0.493568408613,0.454518566909,0.821318233434,76800
6,14,ADD_14_X2_ACC1,5PN,98.0154947917,24.519391276,24.6569518322,24.4899587443,0.500158292546,0.501559343294,1.00681883908,76800
7,14,ADD_14_X2_ACC1,5PN,104.028268229,25.9019824219,25.8759419326,25.9075540592,0.498988822904,0.498737931286,0.998779810457,76800
8,14,ADD_14_X2_ACC1,5PN,104.765065104,25.3053059896,24.7590684102,25.4221792805,0.49147061099,0.48613725713,0.973916049329,76800
9,14,ADD_14_X2_ACC1,5PN,95.2756640625,24.0769824219,23.4107749704,24.2195245321,0.502701331593,0.495697699071,0.966607537625,76800
10,14,ADD_14_X2_ACC1,5PN,100.083880208,24.9779980469,25.125831117,24.9463676024,0.499570455587,0.501046636362,1.00719397379,76800
1,14,ADD_14_X2_ACC1,5QC,0.427265625,0.455315755208,0.455803043735,0.455211494689,1.03230341091,1.03285565964,1.00129950375,76800
2,14,ADD_14_X2_ACC1,5QC,0.435182291667,0.444228515625,0.443853427896,0.4443087696,1.01034014373,1.00991350946,0.998975168314,76800
3,14,ADD_14_X2_ACC1,5QC,0.392591145833,0.40783203125,0.444980053191,0.399883820182,1.01922581712,1.06463323968,1.11277333749,76800
4,14,ADD_14_X2_ACC1,5QC,0.4276171875,0.452659505208,0.443225472813,0.454678015933,1.02886464982,1.01808673662,0.97481175091,76800
5,14,ADD_14_X2_ACC1,5QC,0.411614583333,0.477936197917,0.455138150118,0.482814080678,1.07755534519,1.05154107923,0.942677871943,76800
6,14,ADD_14_X2_ACC1,5QC,0.427109375,0.442724609375,0.471501920804,0.436567400101,1.01811603991,1.05068415057,1.08002091016,76800
7,14,ADD_14_X2_ACC1,5QC,0.419270833333,0.455657552083,0.461546985816,0.454397445625,1.04249015069,1.04920568167,1.01573411175,76800
8,14,ADD_14_X2_ACC1,5QC,0.374140625,0.383509114583,0.437813977541,0.371890016439,1.01244260196,1.08175118002,1.17726735913,76800
9,14,ADD_14_X2_ACC1,5QC,0.435729166667,0.435061848958,0.429853723404,0.436176182347,0.999233958323,0.993235035953,0.985504804711,76800
10,14,ADD_14_X2_ACC1,5QC,0.417018229167,0.467102864583,0.485464686761,0.463174159079,1.05834861417,1.0789499576,1.04812558569,76800
1,14,ADD_14_X2_ACC1,5QT,0.378541666667,0.346832682292,0.344747340426,0.347278863177,0.957201041183,0.954319102785,0.992710403597,76800
2,14,ADD_14_X2_ACC1,5QT,0.3698046875,0.3451953125,0.344562647754,0.345330677795,0.966153739023,0.9652679626,0.997775957681,76800
3,14,ADD_14_X2_ACC1,5QT,0.425208333333,0.327513020833,0.343251329787,0.324145643652,0.877633923275,0.898473413495,1.05894167177,76800
4,14,ADD_14_X2_ACC1,5QT,0.373346354167,0.348522135417,0.337710549645,0.350835388214,0.966182630741,0.951078483195,0.962589752884,76800
5,14,ADD_14_X2_ACC1,5QT,0.398125,0.360172526042,0.348792109929,0.36260748609,0.951142452496,0.93599515614,0.961899914668,76800
6,14,ADD_14_X2_ACC1,5QT,0.383984375,0.341233723958,0.347037529551,0.339991938543,0.942690643516,0.950673625097,1.02072281783,76800
7,14,ADD_14_X2_ACC1,5QT,0.383203125,0.348287760417,0.347850177305,0.348381385938,0.953354861002,0.952755782957,0.998475209481,76800
8,14,ADD_14_X2_ACC1,5QT,0.459192708333,0.328756510417,0.35117464539,0.323959914011,0.846135057667,0.874508599949,1.08400647796,76800
9,14,ADD_14_X2_ACC1,5QT,0.360703125,0.332008463542,0.32954713357,0.332535091047,0.959399803051,0.955836953635,0.99101461001,76800
10,14,ADD_14_X2_ACC1,5QT,0.394427083333,0.362926432292,0.372525118203,0.36087269221,0.959237029825,0.971839208502,1.03228957536,76800
1,14,ADD_14_X2_ACC1,5TE,23.6278255208,6.40724934896,6.5702016844,6.37238397825,0.520743592939,0.527323921428,1.03104296709,76800
2,14,ADD_14_X2_ACC1,5TE,22.4032161458,6.12080078125,6.25696291371,6.09166745701,0.522695712468,0.528477626606,1.02713468157,76800
3,14,ADD_14_X2_ACC1,5TE,25.3230208333,6.64424804688,6.73298980496,6.62526081184,0.512230179478,0.515639551861,1.01626033996,76800
4,14,ADD_14_X2_ACC1,5TE,23.8659114583,6.44562825521,6.48939864066,6.43626311963,0.519689107997,0.521450651262,1.00825564773,76800
5,14,ADD_14_X2_ACC1,5TE,25.2892447917,6.84369140625,6.30912012411,6.9580685698,0.52020830219,0.499478119585,0.906734399183,76800
6,14,ADD_14_X2_ACC1,5TE,22.9776692708,6.18969075521,6.13857491135,6.20062752908,0.51901688731,0.516869365956,0.989992526168,76800
7,14,ADD_14_X2_ACC1,5TE,24.4427864583,6.55495768229,6.3164893617,6.60598049444,0.517856687891,0.508349648626,0.956177416361,76800
8,14,ADD_14_X2_ACC1,5TE,24.384609375,6.30310221354,6.34803486998,6.29348839782,0.508416074952,0.510225018857,1.00866712842,76800
9,14,ADD_14_X2_ACC1,5TE,22.1239583333,6.02056315104,5.90979609929,6.04426292994,0.521659525666,0.516838470494,0.977752981263,76800
10,14,ADD_14_X2_ACC1,5TE,23.7417057292,6.41285481771,6.5301233747,6.38776397319,0.519720377335,0.524450778482,1.02228626513,76800
1,14,ADD_14_X2_ACC1,5SB,478.584257813,116.628255208,123.404569297,115.178391344,0.49365402761,0.507792656191,1.07142119157,76800
2,14,ADD_14_X2_ACC1,5SB,453.529414062,111.31492513,110.897514037,111.404234636,0.495420496059,0.494490754448,0.995451514022,76800
3,14,ADD_14_X2_ACC1,5SB,524.354934896,123.892874349,117.676030585,125.223033637,0.486083058214,0.473730476839,0.939731510789,76800
4,14,ADD_14_X2_ACC1,5SB,429.890169271,101.959319661,109.645353132,100.314811741,0.487006443764,0.505029048063,1.09301259933,76800
5,14,ADD_14_X2_ACC1,5SB,567.044622396,134.989508464,120.222406915,138.149085578,0.487911876829,0.460451711085,0.870236718629,76800
6,14,ADD_14_X2_ACC1,5SB,445.007838542,106.930898438,104.68927305,107.41051783,0.490193758791,0.485028503766,0.974665006413,76800
7,14,ADD_14_X2_ACC1,5SB,471.130664062,113.361204427,129.582927009,109.890395802,0.490525444401,0.524448933903,1.17920156774,76800
8,14,ADD_14_X2_ACC1,5SB,558.730247396,132.2303125,129.507184545,132.812954445,0.486479361818,0.481444067469,0.975109582392,76800
9,14,ADD_14_X2_ACC1,5SB,437.695078125,106.068033854,105.34121971,106.223543405,0.492273466287,0.490583954656,0.991693708695,76800
10,14,ADD_14_X2_ACC1,5SB,485.50125,116.020013021,109.321217494,117.453290971,0.488845113953,0.47452276645,0.930763340815,76800
1,14,ADD_14_X2_ACC1,5Z0,345.397174479,88.9919856771,83.6055149232,90.1444779021,0.507593507366,0.491992035969,0.927461302887,76800
2,14,ADD_14_X2_ACC1,5Z0,292.752747396,73.6294433594,90.6665743203,69.9841695119,0.501505001816,0.55651018082,1.29552975984,76800
3,14,ADD_14_X2_ACC1,5Z0,549.089414063,138.982727865,101.973810579,146.901176024,0.503105285853,0.430945935228,0.694166060062,76800
4,14,ADD_14_X2_ACC1,5Z0,672.229361979,165.706005859,108.195737293,178.010934339,0.496489862912,0.401186523941,0.607803884043,76800
5,14,ADD_14_X2_ACC1,5Z0,355.744830729,91.7069824219,72.2029403073,95.8800779274,0.507728921541,0.450513845695,0.753054668583,76800
6,14,ADD_14_X2_ACC1,5Z0,367.808203125,82.9968359375,79.2202090721,83.8048850847,0.47502893327,0.464095424379,0.945293451474,76800
7,14,ADD_14_X2_ACC1,5Z0,418.972994792,106.895179036,134.112514775,101.071743013,0.505110089947,0.56577224369,1.32690414528,76800
8,14,ADD_14_X2_ACC1,5Z0,346.518645833,88.2714550781,56.8251883865,94.999715478,0.504715728075,0.404955347076,0.598161669228,76800
9,14,ADD_14_X2_ACC1,5Z0,846.536223958,203.542513021,183.17665854,207.900002371,0.490348434134,0.465170636991,0.881080598611,76800
10,14,ADD_14_X2_ACC1,5Z0,414.012604167,99.5037923177,72.9184581856,105.192004932,0.490244844261,0.419673896468,0.693193919375,76800
1,15,ADD_15_X2_ACC2,5L8,1.72653645833,0.84720703125,0.857657358156,0.844971073596,0.700497998867,0.704805090601,1.01501386847,76800
2,15,ADD_15_X2_ACC2,5L8,1.67592447917,0.823450520833,0.819647606383,0.824264194487,0.700957250066,0.699336773048,0.994399140305,76800
3,15,ADD_15_X2_ACC2,5L8,1.75263020833,0.817268880208,0.866707299054,0.806691009105,0.682868901005,0.703219784184,1.07439811436,76800
4,15,ADD_15_X2_ACC2,5L8,1.64256510417,0.830055338542,0.868332594563,0.821865515933,0.710873340609,0.72707925852,1.05653854278,76800
5,15,ADD_15_X2_ACC2,5L8,1.82489583333,0.952454427083,0.926252216312,0.958060666414,0.722442126999,0.712435563097,0.966799127427,76800
6,15,ADD_15_X2_ACC2,5L8,1.7278515625,0.835774739583,0.843122044917,0.83420270612,0.695490825515,0.698541170198,1.0106920521,76800
7,15,ADD_15_X2_ACC2,5L8,1.6959765625,0.844990234375,0.848238031915,0.844295333839,0.705855692938,0.707210902547,1.00466980915,76800
8,15,ADD_15_X2_ACC2,5L8,1.80786458333,0.810777994792,0.850029550827,0.80237971042,0.66968107812,0.685699864367,1.0593856497,76800
9,15,ADD_15_X2_ACC2,5L8,1.48740885417,0.734215494792,0.754728132388,0.729826599646,0.702581308429,0.71232811853,1.03411979332,76800
10,15,ADD_15_X2_ACC2,5L8,1.7167578125,0.858935546875,0.90844784279,0.848341868993,0.70733601595,0.727437160381,1.07085112263,76800
1,15,ADD_15_X2_ACC2,5PD,79.3304947917,20.4223307292,20.9770057624,20.303652156,0.507379096809,0.514223200711,1.03316416186,76800
2,15,ADD_15_X2_ACC2,5PD,82.6582291667,21.1257324219,21.2759493203,21.0935919322,0.505548514857,0.50734271086,1.00864515578,76800
3,15,ADD_15_X2_ACC2,5PD,79.7344010417,20.9250553385,20.0793624409,21.1060002529,0.512283584314,0.501824766739,0.951358011954,76800
4,15,ADD_15_X2_ACC2,5PD,78.3982291667,20.0407128906,20.2546357861,19.9949418311,0.505595798817,0.508287105654,1.01298798252,76800
5,15,ADD_15_X2_ACC2,5PD,82.6572916667,21.3363509115,19.9896018026,21.6245020865,0.508065244766,0.491769382242,0.924395933957,76800
6,15,ADD_15_X2_ACC2,5PD,85.55671875,21.4938997396,21.0593048168,21.5868859067,0.501222489487,0.496129390495,0.975560111256,76800
7,15,ADD_15_X2_ACC2,5PD,79.77140625,20.3124186198,21.4719821217,20.0643177795,0.504611559672,0.518814904991,1.07015759807,76800
8,15,ADD_15_X2_ACC2,5PD,90.19734375,24.001389974,23.0467641844,24.2056422294,0.515847491153,0.505484804896,0.952123639852,76800
9,15,ADD_15_X2_ACC2,5PD,78.6940494792,20.0387760417,20.4333259456,19.9543579287,0.504620220168,0.509563819629,1.02400317859,76800
10,15,ADD_15_X2_ACC2,5PD,79.2205208333,20.3285611979,19.8704565603,20.4265775164,0.506564176773,0.500823935148,0.972774638546,76800
1,15,ADD_15_X2_ACC2,5PN,104.425950521,26.6760514323,27.2871601655,26.5452982739,0.505424807686,0.511181292215,1.0279470166,76800
2,15,ADD_15_X2_ACC2,5PN,97.7910416667,24.9318001302,25.2058584515,24.8731624621,0.504925474415,0.507693040863,1.01337570122,76800
3,15,ADD_15_X2_ACC2,5PN,116.234348958,28.818499349,28.9451093381,28.7914098065,0.497930165517,0.49902275957,1.00533838157,76800
4,15,ADD_15_X2_ACC2,5PN,97.9551432292,24.7586816406,24.4944592199,24.8152148141,0.502747750147,0.500057915121,0.987074236646,76800
5,15,ADD_15_X2_ACC2,5PN,111.962825521,28.4575976563,24.9271572104,29.2129726227,0.504152810378,0.471845102219,0.853290677823,76800
6,15,ADD_15_X2_ACC2,5PN,97.7051692708,24.6997916667,25.1209552305,24.6096792805,0.502791438974,0.50705994389,1.02077540078,76800
7,15,ADD_15_X2_ACC2,5PN,101.385625,25.842203776,26.4401226359,25.7142727301,0.504866532081,0.510673757865,1.02822751059,76800
8,15,ADD_15_X2_ACC2,5PN,106.97,26.3947981771,25.2915189125,26.6308564112,0.496738904163,0.486246466304,0.949707306516,76800
9,15,ADD_15_X2_ACC2,5PN,97.5506901042,24.8054134115,24.1273825355,24.9504852681,0.504264112884,0.497324588465,0.967010552148,76800
10,15,ADD_15_X2_ACC2,5PN,96.7702604167,24.5849707031,24.4646498227,24.6107146244,0.504038711471,0.502803795097,0.994064991449,76800
1,15,ADD_15_X2_ACC2,5QC,0.4287890625,0.452750651042,0.447104018913,0.453958807537,1.02756118829,1.0211332959,0.984899976581,76800
2,15,ADD_15_X2_ACC2,5QC,0.434596354167,0.436429036458,0.432457890071,0.437278705109,1.00210626969,0.997536678362,0.988975417777,76800
3,15,ADD_15_X2_ACC2,5QC,0.398763020833,0.435065104167,0.464982269504,0.428664011128,1.04452703876,1.07984334915,1.08472430023,76800
4,15,ADD_15_X2_ACC2,5QC,0.4298046875,0.453304036458,0.438977541371,0.456369341173,1.02697345765,1.01061462097,0.961890954904,76800
5,15,ADD_15_X2_ACC2,5QC,0.415130208333,0.479606119792,0.449578900709,0.48603075999,1.07485576299,1.04066462465,0.925000921171,76800
6,15,ADD_15_X2_ACC2,5QC,0.424192708333,0.43439453125,0.445386377069,0.432042709914,1.0119535426,1.02467670991,1.03088506494,76800
7,15,ADD_15_X2_ACC2,5QC,0.4237109375,0.46482421875,0.481198286052,0.461320814365,1.04739268532,1.06568094025,1.04308817436,76800
8,15,ADD_15_X2_ACC2,5QC,0.377981770833,0.409934895833,0.445367907801,0.402353629236,1.04141065555,1.08548551403,1.10690664987,76800
9,15,ADD_15_X2_ACC2,5QC,0.436979166667,0.434482421875,0.430038416076,0.435433263784,0.99713908398,0.992026470571,0.987610391402,76800
10,15,ADD_15_X2_ACC2,5QC,0.421536458333,0.461240234375,0.454898049645,0.462597211684,1.04603452977,1.03881800006,0.983356661377,76800
1,15,ADD_15_X2_ACC2,5QT,0.369361979167,0.340514322917,0.339612884161,0.340707195245,0.96015555255,0.958883807209,0.996788118652,76800
2,15,ADD_15_X2_ACC2,5QT,0.35890625,0.341393229167,0.34155215721,0.341359224836,0.975297118625,0.975524106179,1.00056518869,76800
3,15,ADD_15_X2_ACC2,5QT,0.421145833333,0.333961588542,0.344341016548,0.331740800455,0.890496065484,0.904228360942,1.03798211156,76800
4,15,ADD_15_X2_ACC2,5QT,0.3708203125,0.343489583333,0.330082742317,0.346358118361,0.962443021379,0.943473381068,0.953009976719,76800
5,15,ADD_15_X2_ACC2,5QT,0.389427083333,0.362047526042,0.348071808511,0.365037778199,0.964205747937,0.945412519099,0.953522701751,76800
6,15,ADD_15_X2_ACC2,5QT,0.3762109375,0.335882161458,0.345338356974,0.3338589087,0.944882402732,0.958090867359,1.03438413046,76800
7,15,ADD_15_X2_ACC2,5QT,0.378059895833,0.346842447917,0.35859929078,0.344326947395,0.957824223427,0.973922519653,1.04144997507,76800
8,15,ADD_15_X2_ACC2,5QT,0.451731770833,0.3305859375,0.342678782506,0.327998545776,0.855464259308,0.870970187123,1.04475701773,76800
9,15,ADD_15_X2_ACC2,5QT,0.3553515625,0.334599609375,0.331098552009,0.335348697521,0.970361595958,0.965271594144,0.987326190486,76800
10,15,ADD_15_X2_ACC2,5QT,0.383723958333,0.3571484375,0.351137706856,0.358434496712,0.964750293395,0.956597576765,0.979642612739,76800
1,15,ADD_15_X2_ACC2,5TE,21.5269921875,5.93026367188,5.99085771277,5.91729893778,0.524862234602,0.527536879242,1.01243114059,76800
2,15,ADD_15_X2_ACC2,5TE,21.2002864583,5.80864908854,5.81434692671,5.80742997597,0.523439757128,0.523696421281,1.00119105194,76800
3,15,ADD_15_X2_ACC2,5TE,22.8219921875,6.02471028646,6.13597074468,6.00090493804,0.51379669651,0.518519225863,1.02250757311,76800
4,15,ADD_15_X2_ACC2,5TE,21.3926953125,5.86723307292,5.92556885343,5.85475151745,0.523701620175,0.526298668845,1.01209570308,76800
5,15,ADD_15_X2_ACC2,5TE,22.4079166667,6.20502929687,6.17418365839,6.21162904654,0.526224637748,0.524915058314,0.993971728211,76800
6,15,ADD_15_X2_ACC2,5TE,21.0220703125,5.74118815104,5.79931294326,5.72875173875,0.522592470055,0.525231216841,1.01231702956,76800
7,15,ADD_15_X2_ACC2,5TE,21.855703125,5.98430013021,5.9725177305,5.98682109889,0.523268138803,0.522752757561,0.997610857556,76800
8,15,ADD_15_X2_ACC2,5TE,23.4598828125,6.06927408854,5.9115876182,6.10301277188,0.508634080361,0.50198315779,0.968634318683,76800
9,15,ADD_15_X2_ACC2,5TE,21.0296354167,5.7616796875,5.69719636525,5.77547657436,0.523430088295,0.520492795477,0.986446103953,76800
10,15,ADD_15_X2_ACC2,5TE,21.8185677083,5.99786132813,6.08157875296,5.97994910218,0.52430631842,0.527952740603,1.01699506953,76800
1,15,ADD_15_X2_ACC2,5SB,413.609726562,102.808567708,96.2125073877,104.219864378,0.498562125052,0.482303479254,0.923168610534,76800
2,15,ADD_15_X2_ACC2,5SB,346.893268229,86.742828776,87.805241578,86.5155143526,0.500056243874,0.503109230112,1.01490746758,76800
3,15,ADD_15_X2_ACC2,5SB,429.505768229,101.674039714,95.9227799941,102.904582385,0.486542227687,0.472581131761,0.932152658035,76800
4,15,ADD_15_X2_ACC2,5SB,457.718658854,111.038349609,104.034869976,112.536817938,0.492535105906,0.476749400915,0.924451853918,76800
5,15,ADD_15_X2_ACC2,5SB,423.107135417,102.48172526,97.0188940603,103.650555608,0.492150623102,0.478853851764,0.936019044866,76800
6,15,ADD_15_X2_ACC2,5SB,348.961692708,85.1613541667,87.4698396868,84.6674293437,0.494006202644,0.500656994415,1.0330990366,76800
7,15,ADD_15_X2_ACC2,5SB,398.924609375,98.4559928385,87.9102208924,100.712371965,0.49679322413,0.469433708261,0.872884027822,76800
8,15,ADD_15_X2_ACC2,5SB,365.715273438,84.8393522135,89.7378841608,83.7912596421,0.481645073857,0.495354786278,1.07096950856,76800
9,15,ADD_15_X2_ACC2,5SB,394.510638021,97.2263183594,92.0814494681,98.3271173179,0.496435192379,0.483121888496,0.936480718441,76800
10,15,ADD_15_X2_ACC2,5SB,392.696614583,95.7881119792,94.6117390662,96.0398093703,0.493886582746,0.490844505697,0.985130433792,76800
1,15,ADD_15_X2_ACC2,5Z0,681.7365625,175.026845703,195.271756797,170.695233466,0.50669199115,0.535194231131,1.14397896667,76800
2,15,ADD_15_X2_ACC2,5Z0,535.452460937,134.982304688,162.692006501,129.05352175,0.502085824533,0.551217057268,1.2606553025,76800
3,15,ADD_15_X2_ACC2,5Z0,729.565182292,181.600794271,180.429170361,181.851475563,0.498915299538,0.497303283018,0.99217875358,76800
4,15,ADD_15_X2_ACC2,5Z0,840.421054688,201.18797526,208.178579344,199.692261792,0.489274461867,0.497702197424,1.04249697748,76800
5,15,ADD_15_X2_ACC2,5Z0,848.839401042,217.129684245,189.059267878,223.135645865,0.505762744613,0.471939383382,0.847284023785,76800
6,15,ADD_15_X2_ACC2,5Z0,583.782916667,146.644677734,151.599678635,145.584503035,0.501195844743,0.509592994868,1.04131741686,76800
7,15,ADD_15_X2_ACC2,5Z0,676.687539063,165.0746875,138.250646424,170.813973982,0.493908104243,0.45200110416,0.80936379619,76800
8,15,ADD_15_X2_ACC2,5Z0,492.463424479,127.284104818,154.572196365,121.445529843,0.508393624781,0.560245915049,1.2727697476,76800
9,15,ADD_15_X2_ACC2,5Z0,357.894778646,87.0121451823,102.040226064,83.7967287873,0.493074174911,0.533959139872,1.21771133003,76800
10,15,ADD_15_X2_ACC2,5Z0,554.565351563,139.399772135,150.371804817,137.052190029,0.501365753956,0.520723095382,1.09718644251,76800
1,16,ADD_16_X2_ACC3,5L8,1.74111979167,0.900227864583,0.918698286052,0.896275923116,0.719054650761,0.726393797079,1.02501725457,76800
2,16,ADD_16_X2_ACC3,5L8,1.68165364583,0.8455078125,0.853908096927,0.843710483055,0.709072325948,0.712586005922,1.01208662696,76800
3,16,ADD_16_X2_ACC3,5L8,1.9184765625,0.913824869792,0.962802895981,0.903345504552,0.690165486774,0.708419398697,1.06581910369,76800
4,16,ADD_16_X2_ACC3,5L8,1.70455729167,0.878929036458,0.915318410165,0.871143146181,0.718077145757,0.732791287872,1.05070953514,76800
5,16,ADD_16_X2_ACC3,5L8,1.83579427083,1.03296223958,0.90650856974,1.06001833586,0.750119089671,0.702706469576,0.855181970981,76800
6,16,ADD_16_X2_ACC3,5L8,1.77622395833,0.872119140625,0.91483820922,0.862978945372,0.700711180696,0.717667510435,1.06009331297,76800
7,16,ADD_16_X2_ACC3,5L8,1.73885416667,0.91248046875,0.903682771868,0.914362828781,0.724402947112,0.720902316793,0.988319672915,76800
8,16,ADD_16_X2_ACC3,5L8,2.09638020833,0.96603515625,0.924220596927,0.974981822205,0.678830645909,0.663976633363,0.94793623417,76800
9,16,ADD_16_X2_ACC3,5L8,1.504140625,0.751227213542,0.757276891253,0.749932821194,0.706710323466,0.709550207756,1.00979297058,76800
10,16,ADD_16_X2_ACC3,5L8,1.73626302083,0.935006510417,0.996158392435,0.921922420334,0.733836923161,0.757454310208,1.08052301415,76800
1,16,ADD_16_X2_ACC3,5PD,83.2094661458,21.317906901,20.9129358747,21.4045547231,0.506157775494,0.501327046155,0.977032045061,76800
2,16,ADD_16_X2_ACC3,5PD,84.5312890625,21.5491015625,21.740322104,21.508187911,0.504900543397,0.50713576691,1.01079282895,76800
3,16,ADD_16_X2_ACC3,5PD,81.1233984375,21.0366959635,20.8366393322,21.0795001897,0.509232012186,0.506804858102,0.988478813286,76800
4,16,ADD_16_X2_ACC3,5PD,85.87140625,21.757718099,21.6061982861,21.7901373609,0.503364270244,0.501608504572,0.99155860875,76800
5,16,ADD_16_X2_ACC3,5PD,81.4427213542,20.4174479167,20.4324024823,20.4142482296,0.500696539406,0.500879871053,1.00088929322,76800
6,16,ADD_16_X2_ACC3,5PD,83.15109375,21.1582291667,22.1765292553,20.9403531234,0.504435537746,0.516431596741,1.05903320372,76800
7,16,ADD_16_X2_ACC3,5PD,84.5980729167,21.3876009115,20.941304669,21.4830906993,0.502806404303,0.49753270319,0.974780815394,76800
8,16,ADD_16_X2_ACC3,5PD,84.4403125,22.003766276,21.8181146572,22.0434883978,0.510473963122,0.508315899253,0.989775949407,76800
9,16,ADD_16_X2_ACC3,5PD,85.2768880208,21.7014583333,21.7280585106,21.6957669449,0.504462383997,0.504771457222,1.00148838093,76800
10,16,ADD_16_X2_ACC3,5PD,82.9709505208,21.1383658854,20.9999630615,21.1679786292,0.504745752187,0.503090634605,0.992062748611,76800
1,16,ADD_16_X2_ACC3,5PN,94.9701432292,24.0255175781,24.3235261525,23.9617555008,0.502970865901,0.506080636359,1.01509783587,76800
2,16,ADD_16_X2_ACC3,5PN,89.4841927083,22.849781901,23.6069739953,22.6877726669,0.505321605562,0.513625998568,1.0405152741,76800
3,16,ADD_16_X2_ACC3,5PN,96.5767447917,23.3206054687,23.8175605792,23.2142766818,0.491398276993,0.496606452067,1.02598762415,76800
4,16,ADD_16_X2_ACC3,5PN,94.9352213542,23.8074739583,23.6545508274,23.840193475,0.500775387062,0.499164474633,0.992213039389,76800
5,16,ADD_16_X2_ACC3,5PN,100.938398437,25.1961914063,25.1969377955,25.1960317084,0.499619343782,0.499626743864,1.0000359615,76800
6,16,ADD_16_X2_ACC3,5PN,94.1975260417,23.5889290365,23.4020944149,23.6289042742,0.500419660029,0.498433949143,0.990401168982,76800
7,16,ADD_16_X2_ACC3,5PN,96.5417578125,24.2304817708,24.3697547281,24.2006828528,0.500983501207,0.502421224977,1.006986244,76800
8,16,ADD_16_X2_ACC3,5PN,95.822421875,22.6821875,23.61290263,22.4830511823,0.486529184343,0.496410679952,1.05025347487,76800
9,16,ADD_16_X2_ACC3,5PN,91.3177734375,23.154514974,22.5011450946,23.2943103503,0.503547202078,0.496391862315,0.965950258076,76800
10,16,ADD_16_X2_ACC3,5PN,98.5051302083,24.6481542969,24.9709109043,24.5790971168,0.500221987328,0.503486427601,1.01594093492,76800
1,16,ADD_16_X2_ACC3,5QC,0.429401041667,0.470003255208,0.481826241135,0.467473602681,1.04621004641,1.05928708559,1.03070256453,76800
2,16,ADD_16_X2_ACC3,5QC,0.445794270833,0.45111328125,0.463874113475,0.448382966616,1.00594807821,1.02007669883,1.03454891914,76800
3,16,ADD_16_X2_ACC3,5QC,0.332526041667,0.407594401042,0.455304373522,0.397386349267,1.10713676699,1.17014068496,1.14574739259,76800
4,16,ADD_16_X2_ACC3,5QC,0.4195703125,0.46876953125,0.438460401891,0.475254489125,1.05700565877,1.02226340257,0.922580242635,76800
5,16,ADD_16_X2_ACC3,5QC,0.403111979167,0.517005208333,0.479499113475,0.525030032878,1.13249060287,1.09063907208,0.913279400125,76800
6,16,ADD_16_X2_ACC3,5QC,0.405677083333,0.429768880208,0.452755614657,0.424850625948,1.02926509462,1.05643233328,1.06568188206,76800
7,16,ADD_16_X2_ACC3,5QC,0.417161458333,0.499977213542,0.517231826241,0.496285407183,1.09477032639,1.11350079511,1.04220639728,76800
8,16,ADD_16_X2_ACC3,5QC,0.275442708333,0.367158203125,0.476266991726,0.343813227112,1.15454530058,1.3149510967,1.38524918231,76800
9,16,ADD_16_X2_ACC3,5QC,0.443580729167,0.447470703125,0.443982712766,0.448216995448,1.00437517077,1.0004530095,0.990553051924,76800
10,16,ADD_16_X2_ACC3,5QC,0.422122395833,0.499264322917,0.522994237589,0.49418705741,1.08754207798,1.11308736943,1.05829205712,76800
1,16,ADD_16_X2_ACC3,5QT,0.363138020833,0.349993489583,0.359282653664,0.348005974962,0.981734655116,0.994677430404,1.03240369279,76800
2,16,ADD_16_X2_ACC3,5QT,0.3526953125,0.338082682292,0.338079934988,0.338083270106,0.979065210334,0.97906123232,0.999990135214,76800
3,16,ADD_16_X2_ACC3,5QT,0.436484375,0.357301432292,0.354646867612,0.357869404401,0.904759241262,0.901392029041,0.990995215714,76800
4,16,ADD_16_X2_ACC3,5QT,0.364518229167,0.34017578125,0.333444148936,0.341616084977,0.966033238505,0.956427213334,0.976078596994,76800
5,16,ADD_16_X2_ACC3,5QT,0.3884765625,0.362314453125,0.344433362884,0.366140300961,0.965740441476,0.941608119742,0.940714152414,76800
6,16,ADD_16_X2_ACC3,5QT,0.3813671875,0.345657552083,0.350306589835,0.344662841426,0.952031598226,0.958412549133,1.01637469355,76800
7,16,ADD_16_X2_ACC3,5QT,0.373841145833,0.361276041667,0.36770463948,0.359900575367,0.983050959418,0.9917586687,1.02168394453,76800
8,16,ADD_16_X2_ACC3,5QT,0.493854166667,0.3715625,0.368074024823,0.372308896055,0.86739432619,0.863312887181,0.988625382638,76800
9,16,ADD_16_X2_ACC3,5QT,0.345221354167,0.333577473958,0.337267287234,0.332787999494,0.982990978165,0.988412624589,1.01345988361,76800
10,16,ADD_16_X2_ACC3,5QT,0.375833333333,0.362750651042,0.370881353428,0.361011001517,0.982440940886,0.993390155101,1.02734086182,76800
1,16,ADD_16_X2_ACC3,5TE,20.7372786458,5.82897135417,5.89684914303,5.81444818538,0.530176017895,0.533254006484,1.01417175887,76800
2,16,ADD_16_X2_ACC3,5TE,20.2218619792,5.68274088542,5.67553191489,5.68428332069,0.530112879785,0.52977652969,0.998460420549,76800
3,16,ADD_16_X2_ACC3,5TE,20.7621223958,5.62396484375,5.83806146572,5.57815661356,0.520457684366,0.530271709959,1.04659332288,76800
4,16,ADD_16_X2_ACC3,5TE,20.2344401042,5.65904947917,5.79831560284,5.62925202327,0.528842256559,0.535309966566,1.03003304504,76800
5,16,ADD_16_X2_ACC3,5TE,21.42859375,6.09456054687,5.9542516253,6.12458112038,0.533303412007,0.527128813863,0.972189200903,76800
6,16,ADD_16_X2_ACC3,5TE,20.4474348958,5.67427083333,5.67484855201,5.67414722433,0.526787684657,0.526814501084,1.00012360054,76800
7,16,ADD_16_X2_ACC3,5TE,20.9368619792,5.87584960937,5.85392656619,5.88054027567,0.529760460314,0.52877125743,0.995474274772,76800
8,16,ADD_16_X2_ACC3,5TE,20.7556380208,5.48282877604,5.698009013,5.43678869499,0.513965890349,0.523954436399,1.04804680348,76800
9,16,ADD_16_X2_ACC3,5TE,20.0745703125,5.60383138021,5.50594710402,5.62477475341,0.528347188005,0.523712437919,0.978874238595,76800
10,16,ADD_16_X2_ACC3,5TE,21.5551953125,6.03403971354,6.10922724586,6.01795254805,0.529088230621,0.53237439408,1.01516706838,76800
1,16,ADD_16_X2_ACC3,5SB,298.617447917,73.6486490885,74.0042109929,73.5725728692,0.496620682936,0.497818035418,1.0058668347,76800
2,16,ADD_16_X2_ACC3,5SB,302.734401042,75.4322135417,73.1888667258,75.9122012519,0.499168922284,0.491690281089,0.964125206736,76800
3,16,ADD_16_X2_ACC3,5SB,300.701471354,69.056344401,74.2702977246,67.9407640996,0.479218985843,0.496981023174,1.09316253223,76800
4,16,ADD_16_X2_ACC3,5SB,285.557070313,68.6444108073,67.967364805,68.7892719398,0.490293495881,0.487869599854,0.988051812271,76800
5,16,ADD_16_X2_ACC3,5SB,309.547929688,74.4150227865,74.2072805851,74.4594714213,0.49030504018,0.489620176884,0.996613045575,76800
6,16,ADD_16_X2_ACC3,5SB,290.191484375,70.5629492188,70.9640772754,70.4771236406,0.493112520859,0.494512128983,1.00690938576,76800
7,16,ADD_16_X2_ACC3,5SB,290.10875,71.0167578125,71.2539339539,70.9660114757,0.494766181319,0.495591683104,1.00405718839,76800
8,16,ADD_16_X2_ACC3,5SB,282.521171875,63.2132584635,66.9060283688,62.4231513973,0.473019003979,0.486639240524,1.07181433284,76800
9,16,ADD_16_X2_ACC3,5SB,295.499101563,73.4743815104,72.2833185579,73.7292219904,0.498643184101,0.494585020907,0.980389004611,76800
10,16,ADD_16_X2_ACC3,5SB,290.977408854,70.4246907552,69.7143727837,70.5766707764,0.491963449757,0.489476139515,0.987782110104,76800
1,16,ADD_16_X2_ACC3,5Z0,1188.72015625,310.861653646,342.356438387,304.123012298,0.511380028553,0.536660259653,1.12571697814,76800
2,16,ADD_16_X2_ACC3,5Z0,1015.93714844,264.173284505,246.201222665,268.018596674,0.509930545433,0.492279422258,0.918597536591,76800
3,16,ADD_16_X2_ACC3,5Z0,1109.31102865,285.338655599,232.72152039,296.596646592,0.507170097672,0.458027556479,0.784639755925,76800
4,16,ADD_16_X2_ACC3,5Z0,987.685494792,250.900296224,251.781730201,250.711704129,0.50401243229,0.50489697527,1.00426795421,76800
5,16,ADD_16_X2_ACC3,5Z0,1393.201875,360.565794271,380.845098257,356.226823312,0.508727526106,0.522838018444,1.06910842568,76800
6,16,ADD_16_X2_ACC3,5Z0,1078.47373698,282.918079427,255.393376921,288.807279812,0.512183476716,0.486631287986,0.884303806633,76800
7,16,ADD_16_X2_ACC3,5Z0,849.052877604,218.756207682,298.34450724,201.727451631,0.507589726915,0.592777422679,1.47894847641,76800
8,16,ADD_16_X2_ACC3,5Z0,1259.59967448,348.254420573,372.513279403,343.063981885,0.525813883626,0.543819291473,1.08584199762,76800
9,16,ADD_16_X2_ACC3,5Z0,1197.0669401,303.613343099,283.035590278,308.016170334,0.503617958837,0.486251894266,0.918898478515,76800
10,16,ADD_16_X2_ACC3,5Z0,1271.57507812,341.664241536,341.063238771,341.792832417,0.518356752421,0.517900645335,0.997865392201,76800
1,17,ADD_17_X3_ACC1,5L8,1.9379296875,1.11373697917,1.11231161348,1.11404195119,0.758092695264,0.757607434701,0.998446793038,76800
2,17,ADD_17_X3_ACC1,5L8,1.74104166667,1.08047851563,1.10636450946,1.07493993424,0.787777341944,0.797158232413,1.02923379643,76800
3,17,ADD_17_X3_ACC1,5L8,2.49072916667,0.978968098958,1.12631131797,0.947442463328,0.626932835832,0.672459248478,1.18879125811,76800
4,17,ADD_17_X3_ACC1,5L8,2.06975260417,1.15683268229,1.10645685579,1.16761112165,0.747611642433,0.731152590745,0.947624457558,76800
5,17,ADD_17_X3_ACC1,5L8,2.30397135417,1.14505208333,1.17375886525,1.13890996459,0.704975595533,0.713757862283,1.03059846848,76800
6,17,ADD_17_X3_ACC1,5L8,1.94434895833,1.03258463542,1.0896498227,1.02037493677,0.728745227152,0.748611286286,1.06789159889,76800
7,17,ADD_17_X3_ACC1,5L8,2.07385416667,1.05806966146,1.05173241726,1.05942558169,0.714279233878,0.712136955177,0.992738362594,76800
8,17,ADD_17_X3_ACC1,5L8,2.78609375,0.762001953125,1.01087839835,0.708752212949,0.52297409763,0.602353717585,1.42627900114,76800
9,17,ADD_17_X3_ACC1,5L8,1.72444010417,1.06392903646,1.07009086879,1.06261064745,0.785474831298,0.787746118435,1.00703947524,76800
10,17,ADD_17_X3_ACC1,5L8,2.10665364583,1.15379231771,1.16415484634,1.15157514542,0.740060546109,0.743376461913,1.01092390797,76800
1,17,ADD_17_X3_ACC1,5PD,92.0286588542,23.9627571615,23.7131168735,24.0161703338,0.510278002498,0.507613045,0.987381274529,76800
2,17,ADD_17_X3_ACC1,5PD,97.6476302083,25.2518457031,24.1412344858,25.4894726859,0.508528982372,0.497220336603,0.947106077215,76800
3,17,ADD_17_X3_ACC1,5PD,65.3770703125,16.7412207031,19.9018543144,16.0649698091,0.506035323317,0.551739457969,1.23883546318,76800
4,17,ADD_17_X3_ACC1,5PD,82.7432291667,21.1573111979,20.2383274232,21.3539374684,0.505666291798,0.494562378062,0.94775623714,76800
5,17,ADD_17_X3_ACC1,5PD,77.8411197917,21.1783138021,24.575428487,20.4514652883,0.521604286895,0.561883154466,1.2016463437,76800
6,17,ADD_17_X3_ACC1,5PD,91.9848177083,23.7251236979,25.9182919622,23.255872218,0.507862523983,0.530817354078,1.11448376217,76800
7,17,ADD_17_X3_ACC1,5PD,87.1587630208,23.1191210937,23.7068003842,22.9933809117,0.515027158422,0.521531977843,1.03102716713,76800
8,17,ADD_17_X3_ACC1,5PD,48.9960026042,12.8533626302,20.7902260638,11.1551869942,0.512186415497,0.651402290488,1.86372725752,76800
9,17,ADD_17_X3_ACC1,5PD,97.5269010417,25.2802897135,24.7763925827,25.3881038189,0.509130144062,0.504030508442,0.975905595765,76800
10,17,ADD_17_X3_ACC1,5PD,84.7193229167,22.2426204427,21.8270537825,22.3315353123,0.512391288447,0.507582126862,0.977409456055,76800
1,17,ADD_17_X3_ACC1,5PN,148.738997396,38.0139811198,38.0039339539,38.0161308169,0.505544340033,0.505477527463,0.999679166114,76800
2,17,ADD_17_X3_ACC1,5PN,141.516888021,36.4509472656,36.6822362589,36.4014605463,0.507516626581,0.509124230798,1.00771330898,76800
3,17,ADD_17_X3_ACC1,5PN,169.614908854,41.7806901042,39.4529957151,42.2787248672,0.496313162266,0.482289693302,0.933164276809,76800
4,17,ADD_17_X3_ACC1,5PN,149.127682292,37.4741731771,37.88986776,37.385230937,0.501287523482,0.50406020378,1.01349829359,76800
5,17,ADD_17_X3_ACC1,5PN,160.399648437,39.8511979167,37.2485409279,40.4080638278,0.498446997548,0.48189556205,0.921809594408,76800
6,17,ADD_17_X3_ACC1,5PN,151.980494792,37.1279427083,36.9850953014,37.1585064176,0.494261195839,0.493309460205,0.995333205426,76800
7,17,ADD_17_X3_ACC1,5PN,155.045234375,39.0770214844,39.586214539,38.9680742602,0.50203213354,0.505292411537,1.01586273611,76800
8,17,ADD_17_X3_ACC1,5PN,191.122239583,46.6764453125,41.3894060284,47.8076631259,0.494189227571,0.465359928487,0.865748361708,76800
9,17,ADD_17_X3_ACC1,5PN,142.796966146,36.6172298177,35.3168772163,36.8954539707,0.506387821678,0.497315113205,0.957214871089,76800
10,17,ADD_17_X3_ACC1,5PN,151.954635417,38.044296875,38.1696586879,38.017474393,0.500366014921,0.501189728425,1.00400300907,76800
1,17,ADD_17_X3_ACC1,5QC,0.385885416667,0.638929036458,0.610132239953,0.64509041477,1.28675874843,1.2574270653,0.945808875752,76800
2,17,ADD_17_X3_ACC1,5QC,0.410768229167,0.666640625,0.674959367612,0.664860742286,1.27393557365,1.28185939782,1.01518908349,76800
3,17,ADD_17_X3_ACC1,5QC,0.3283984375,0.546178385417,0.590203900709,0.536758662114,1.28963471032,1.34060395617,1.09957033275,76800
4,17,ADD_17_X3_ACC1,5QC,0.378372395833,0.619169921875,0.620013297872,0.618989472686,1.27921988879,1.28009080982,1.00165402681,76800
5,17,ADD_17_X3_ACC1,5QC,0.341106770833,0.585852864583,0.629451093381,0.576524563733,1.31053646316,1.35842550208,1.09180273136,76800
6,17,ADD_17_X3_ACC1,5QC,0.378984375,0.615810546875,0.664985963357,0.605288947901,1.27471444978,1.32463305,1.09862564922,76800
7,17,ADD_17_X3_ACC1,5QC,0.35625,0.596256510417,0.594433362884,0.596646592059,1.29371653981,1.29173715526,0.996290552557,76800
8,17,ADD_17_X3_ACC1,5QC,0.280651041667,0.451845703125,0.575631648936,0.425360394537,1.26885428042,1.43215163368,1.35327984534,76800
9,17,ADD_17_X3_ACC1,5QC,0.409114583333,0.652649739583,0.65676713948,0.651768778452,1.26304145261,1.26701929105,1.00766891755,76800
10,17,ADD_17_X3_ACC1,5QC,0.368125,0.627291666667,0.621823286052,0.62846168437,1.30538044638,1.29967820079,0.98943706755,76800
1,17,ADD_17_X3_ACC1,5QT,0.432408854167,0.520390625,0.522089243499,0.520027187658,1.09702731923,1.09881627609,1.00396528468,76800
2,17,ADD_17_X3_ACC1,5QT,0.3891796875,0.502037760417,0.503195183215,0.501790117602,1.13577710326,1.13708558802,1.00280010618,76800
3,17,ADD_17_X3_ACC1,5QT,0.557369791667,0.528505859375,0.552415780142,0.523390079666,0.973762822979,0.995545983251,1.05545710857,76800
4,17,ADD_17_X3_ACC1,5QT,0.457786458333,0.541735026042,0.555647901891,0.538758219525,1.08783239345,1.10171273228,1.03134928017,76800
5,17,ADD_17_X3_ACC1,5QT,0.5095703125,0.569938151042,0.552840573286,0.573596358118,1.05757653301,1.04159262273,0.963814650251,76800
6,17,ADD_17_X3_ACC1,5QT,0.439231770833,0.49736328125,0.510361258865,0.494582226859,1.06411848294,1.07793351918,1.03190375866,76800
7,17,ADD_17_X3_ACC1,5QT,0.4697265625,0.520608723958,0.519946808511,0.520750347749,1.05276917618,1.05209970429,0.998456958804,76800
8,17,ADD_17_X3_ACC1,5QT,0.641041666667,0.503473307292,0.519965277778,0.499944676277,0.886227241968,0.900625091364,1.04004563395,76800
9,17,ADD_17_X3_ACC1,5QT,0.388619791667,0.497109375,0.492205969267,0.498158510369,1.13100238172,1.12541054687,0.988050909541,76800
10,17,ADD_17_X3_ACC1,5QT,0.468294270833,0.540494791667,0.542608599291,0.540042520233,1.07432661362,1.07642534226,1.00475162411,76800
1,17,ADD_17_X3_ACC1,5TE,25.9747265625,7.17513671875,7.29840794917,7.14876153895,0.525580928946,0.530076529603,1.02093319373,76800
2,17,ADD_17_X3_ACC1,5TE,23.2231380208,6.67142903646,7.02908909574,6.59490389479,0.535980492901,0.550160077394,1.06583647129,76800
3,17,ADD_17_X3_ACC1,5TE,35.471484375,8.87872721354,8.27535830378,9.00782435508,0.500305958419,0.483007330518,0.918685575736,76800
4,17,ADD_17_X3_ACC1,5TE,27.4933854167,7.49233723958,7.82393247636,7.42138894158,0.522028902276,0.533455794265,1.05424099693,76800
5,17,ADD_17_X3_ACC1,5TE,31.3773307292,8.12321289063,7.22395833333,8.31561788695,0.50881033005,0.479821405449,0.868721775284,76800
6,17,ADD_17_X3_ACC1,5TE,26.7354817708,7.05100585937,6.79353206265,7.10609509358,0.513548577471,0.504085038432,0.956014797605,76800
7,17,ADD_17_X3_ACC1,5TE,28.2156119792,7.53124348958,7.58026743499,7.52075429944,0.516640689494,0.51831947477,1.00791318705,76800
8,17,ADD_17_X3_ACC1,5TE,42.2625651042,9.94837565104,8.15541888298,10.3319976606,0.485174717375,0.439283822509,0.789336113971,76800
9,17,ADD_17_X3_ACC1,5TE,23.0374088542,6.57660481771,6.41173537234,6.6118803743,0.534298626979,0.527558931344,0.96972948834,76800
10,17,ADD_17_X3_ACC1,5TE,28.4367578125,7.63693359375,7.80082742317,7.60186678048,0.518226321284,0.523757548859,1.02617260318,76800
1,17,ADD_17_X3_ACC1,5SB,408.818229167,101.539342448,104.351100768,100.937737102,0.498370178364,0.50522332297,1.03381652655,76800
2,17,ADD_17_X3_ACC1,5SB,348.040065104,86.7424902344,94.097480792,85.1688124368,0.499230743748,0.519965318894,1.1048349519,76800
3,17,ADD_17_X3_ACC1,5SB,586.126783854,138.372584635,125.573156767,141.111157214,0.485880246121,0.462863166707,0.889888221783,76800
4,17,ADD_17_X3_ACC1,5SB,468.13609375,109.371210937,117.591940012,107.612299254,0.483354144529,0.501190365893,1.09273699035,76800
5,17,ADD_17_X3_ACC1,5SB,524.509335938,127.010205078,103.596040189,132.019912589,0.492087912457,0.444421403274,0.78470011196,76800
6,17,ADD_17_X3_ACC1,5SB,430.524726563,98.6327441406,94.0002401005,99.6239172357,0.478642775615,0.467267345286,0.943550933438,76800
7,17,ADD_17_X3_ACC1,5SB,453.240833333,108.726266276,108.720209072,108.727562279,0.489781889689,0.489768246482,0.999932370353,76800
8,17,ADD_17_X3_ACC1,5SB,691.166302083,165.932880859,126.767305703,174.312768715,0.489976158808,0.428264772166,0.727240503594,76800
9,17,ADD_17_X3_ACC1,5SB,358.325130208,87.5734765625,86.6775081265,87.7651784585,0.4943649383,0.491829500893,0.987607040159,76800
10,17,ADD_17_X3_ACC1,5SB,454.319583333,110.216360677,114.547318262,109.289706626,0.492540905667,0.502124872389,1.04810710723,76800
1,17,ADD_17_X3_ACC1,5Z0,139.598229167,35.6144856771,34.5641991726,35.8392055513,0.505095365718,0.497591891751,0.964424256644,76800
2,17,ADD_17_X3_ACC1,5Z0,144.552200521,36.7480403646,37.6305961879,36.5592082385,0.504202202775,0.510220842824,1.02930555669,76800
3,17,ADD_17_X3_ACC1,5Z0,127.266263021,32.3998893229,36.3770685579,31.5489298811,0.504562671431,0.534634774465,1.15303652755,76800
4,17,ADD_17_X3_ACC1,5Z0,144.445390625,36.1856217448,36.7260822991,36.0699845094,0.500513937728,0.504237867818,1.01818957781,76800
5,17,ADD_17_X3_ACC1,5Z0,130.880950521,34.1337174479,37.4354868499,33.427269063,0.510685555699,0.534814929939,1.11990862249,76800
6,17,ADD_17_X3_ACC1,5Z0,137.055403646,34.7991048177,37.8640292553,34.1433319107,0.503890249418,0.525612072807,1.10897288391,76800
7,17,ADD_17_X3_ACC1,5Z0,135.677291667,34.7792773438,34.6536088948,34.8061654337,0.506298562144,0.505383026531,0.995616967941,76800
8,17,ADD_17_X3_ACC1,5Z0,95.3070833333,24.6550260417,30.9987810284,23.2977127592,0.508616146608,0.570308334739,1.33055039989,76800
9,17,ADD_17_X3_ACC1,5Z0,142.377005208,35.871624349,36.5738585993,35.7213739251,0.501944378412,0.506833676636,1.02386483442,76800
10,17,ADD_17_X3_ACC1,5Z0,140.945416667,35.8981835937,36.5702016844,35.754398236,0.504673799084,0.509375671752,1.02281686977,76800
1,18,ADD_18_X3_ACC2,5L8,1.74403645833,1.08241536458,1.07426492317,1.08415923748,0.787805837348,0.78483419702,0.990873744398,76800
2,18,ADD_18_X3_ACC2,5L8,1.6805078125,1.10373046875,1.096446513,1.1052889479,0.810422048217,0.807743473165,0.991999888431,76800
3,18,ADD_18_X3_ACC2,5L8,2.16359375,0.893577473958,1.04312573877,0.861580045524,0.642655527073,0.694353248534,1.21071250917,76800
4,18,ADD_18_X3_ACC2,5L8,1.79569010417,1.07916341146,1.06565824468,1.08205298432,0.775225253154,0.770359211541,0.984848487202,76800
5,18,ADD_18_X3_ACC2,5L8,1.86157552083,1.06723307292,1.11884973404,1.0561891439,0.757162868568,0.775256741989,1.05932705377,76800
6,18,ADD_18_X3_ACC2,5L8,1.8535546875,1.04378255208,1.10669695626,1.0303213518,0.750416395945,0.772701322835,1.07412794497,76800
7,18,ADD_18_X3_ACC2,5L8,1.85016927083,1.04227864583,1.0600251182,1.03848160091,0.750561335308,0.756924123144,1.02074520846,76800
8,18,ADD_18_X3_ACC2,5L8,2.48467447917,0.786533203125,1.03525783097,0.733315945878,0.562631159934,0.645489991104,1.41174869684,76800
9,18,ADD_18_X3_ACC2,5L8,1.66401041667,1.09627929687,1.11081560284,1.09316910091,0.81167577802,0.817039334875,1.01614251803,76800
10,18,ADD_18_X3_ACC2,5L8,1.8216796875,1.07744140625,1.06872414303,1.07930655665,0.769061061188,0.765943618771,0.990195173409,76800
1,18,ADD_18_X3_ACC2,5PD,77.933671875,16.6814322917,16.9680666371,16.6201038505,0.462651632758,0.466609537149,1.02093625826,76800
2,18,ADD_18_X3_ACC2,5PD,81.7123958333,17.4131282552,17.1780437352,17.4634270675,0.461630427964,0.458503737196,0.98365822864,76800
3,18,ADD_18_X3_ACC2,5PD,56.3323307292,11.9252994792,14.495161052,11.3754504932,0.460103764845,0.507262388551,1.27424940759,76800
4,18,ADD_18_X3_ACC2,5PD,70.0008984375,14.9051888021,15.2894688239,14.8229680387,0.461441800991,0.46735230805,1.0314714829,76800
5,18,ADD_18_X3_ACC2,5PD,71.2946354167,15.527672526,16.8923980496,15.2356751075,0.466685981348,0.486762627834,1.10873971324,76800
6,18,ADD_18_X3_ACC2,5PD,73.30078125,15.5619856771,17.0693705674,15.2394647825,0.460763643607,0.482563479904,1.12007677507,76800
7,18,ADD_18_X3_ACC2,5PD,77.1331510417,17.0477311198,17.4277666962,16.9664185003,0.470124361653,0.47533558928,1.02719184346,76800
8,18,ADD_18_X3_ACC2,5PD,46.6599088542,10.3835384115,14.5928265366,9.48291682473,0.471737872254,0.559239407598,1.5388542161,76800
9,18,ADD_18_X3_ACC2,5PD,82.043984375,17.7586425781,17.9570404846,17.7161932537,0.465244782687,0.467836400228,1.01359475072,76800
10,18,ADD_18_X3_ACC2,5PD,75.2394661458,16.1932161458,16.2619865544,16.1785019917,0.46392064946,0.464904710039,1.00516021587,76800
1,18,ADD_18_X3_ACC2,5PN,107.462291667,29.7996614583,30.8276817376,29.5797056778,0.526596073156,0.535602239762,1.04219027983,76800
2,18,ADD_18_X3_ACC2,5PN,95.9925,26.7334244792,28.5924940898,26.3356569297,0.527726187596,0.545767121171,1.08569511542,76800
3,18,ADD_18_X3_ACC2,5PN,140.26546875,36.6976497396,33.8289930556,37.3114290908,0.511497766785,0.491099115271,0.90666570217,76800
4,18,ADD_18_X3_ACC2,5PN,112.0459375,30.5164518229,32.4326056442,30.1064705046,0.521877965698,0.538013116062,1.07726362807,76800
5,18,ADD_18_X3_ACC2,5PN,122.235859375,33.154235026,29.1762706856,34.0053624494,0.520799058952,0.48855737628,0.857990286943,76800
6,18,ADD_18_X3_ACC2,5PN,110.577434896,28.8435839844,28.03553487,29.0164746143,0.510729984801,0.503525149917,0.966193696602,76800
7,18,ADD_18_X3_ACC2,5PN,114.537890625,31.4601953125,32.3260010343,31.2749470473,0.524090294151,0.531253006546,1.03360689901,76800
8,18,ADD_18_X3_ACC2,5PN,164.481002604,42.4163053385,34.3934323286,44.1328836305,0.507818532438,0.457277557241,0.77931531999,76800
9,18,ADD_18_X3_ACC2,5PN,95.1150130208,26.4264518229,25.7884160757,26.5629662999,0.527102276823,0.520700264697,0.970840974025,76800
10,18,ADD_18_X3_ACC2,5PN,115.930820313,31.5450195312,32.0752807329,31.4315645549,0.52163406606,0.526000041752,1.02047992797,76800
1,18,ADD_18_X3_ACC2,5QC,0.429518229167,0.654000651042,0.638279403073,0.657364377845,1.23395206785,1.21903062108,0.970967433868,76800
2,18,ADD_18_X3_ACC2,5QC,0.4373828125,0.674599609375,0.682217789598,0.672969619373,1.24191589696,1.24890862113,1.01374232946,76800
3,18,ADD_18_X3_ACC2,5QC,0.341106770833,0.549342447917,0.621472369976,0.533909490389,1.26904320832,1.34978855853,1.16400322744,76800
4,18,ADD_18_X3_ACC2,5QC,0.417643229167,0.646363932292,0.643543144208,0.646967469651,1.24404426845,1.24132674195,0.994707113411,76800
5,18,ADD_18_X3_ACC2,5QC,0.419088541667,0.652421875,0.676085992908,0.647358687405,1.24770341442,1.2701297125,1.04437617979,76800
6,18,ADD_18_X3_ACC2,5QC,0.402057291667,0.631106770833,0.675402630024,0.621629204603,1.25287414891,1.29609669237,1.08650402044,76800
7,18,ADD_18_X3_ACC2,5QC,0.410572916667,0.629583333333,0.636801861702,0.62803885306,1.23831593728,1.24539470028,1.01395297217,76800
8,18,ADD_18_X3_ACC2,5QC,0.288411458333,0.4616015625,0.597868646572,0.432445782752,1.26510735276,1.43978164975,1.38252856293,76800
9,18,ADD_18_X3_ACC2,5QC,0.443046875,0.67521484375,0.671782653664,0.675949197016,1.23451437619,1.2313727938,0.993836011093,76800
10,18,ADD_18_X3_ACC2,5QC,0.413346354167,0.649664713542,0.633292700946,0.6531676783,1.25368255787,1.23778491498,0.969571401011,76800
1,18,ADD_18_X3_ACC2,5QT,0.397682291667,0.3149609375,0.316452423168,0.314641818412,0.889938962045,0.892043609601,1.00575449495,76800
2,18,ADD_18_X3_ACC2,5QT,0.371497395833,0.309065755208,0.314420803783,0.30791998609,0.912110713414,0.919978652463,1.02111203555,76800
3,18,ADD_18_X3_ACC2,5QT,0.5164453125,0.34466796875,0.333702718676,0.347014099646,0.816936484975,0.803836463084,0.961640230226,76800
4,18,ADD_18_X3_ACC2,5QT,0.4105078125,0.322447916667,0.336288416076,0.319486595852,0.886276174175,0.905097239839,1.05259006306,76800
5,18,ADD_18_X3_ACC2,5QT,0.446197916667,0.328639322917,0.323452275414,0.329749146434,0.858214789659,0.851415076527,0.980904056646,76800
6,18,ADD_18_X3_ACC2,5QT,0.424557291667,0.320908203125,0.309674202128,0.323311836115,0.869405247787,0.854052093452,0.957818946091,76800
7,18,ADD_18_X3_ACC2,5QT,0.435963541667,0.321591796875,0.326001034279,0.320648394031,0.858869924575,0.864737719126,1.01669317653,76800
8,18,ADD_18_X3_ACC2,5QT,0.597916666667,0.372135416667,0.32251034279,0.382753224583,0.78891492544,0.734431835057,0.842606468281,76800
9,18,ADD_18_X3_ACC2,5QT,0.367317708333,0.312353515625,0.309360224586,0.312993961811,0.92215147689,0.917722340642,0.988390391928,76800
10,18,ADD_18_X3_ACC2,5QT,0.42671875,0.320081380208,0.31340499409,0.321509863429,0.866082657731,0.857002508721,0.974791226452,76800
1,18,ADD_18_X3_ACC2,5TE,23.8542578125,6.70852539062,6.80453974586,6.68798210673,0.530310931592,0.534092430883,1.01742792329,76800
2,18,ADD_18_X3_ACC2,5TE,21.8182291667,6.31054361979,6.6874445922,6.22990168184,0.537803515762,0.553630934811,1.07344303871,76800
3,18,ADD_18_X3_ACC2,5TE,33.2840104167,8.45697916667,7.68846040189,8.62141186141,0.504068786878,0.480620030147,0.891786696366,76800
4,18,ADD_18_X3_ACC2,5TE,25.3837239583,7.03858072917,7.38839021868,6.9637352997,0.526580630198,0.539507199089,1.06098091049,76800
5,18,ADD_18_X3_ACC2,5TE,27.8872526042,7.41796549479,6.66112588652,7.57989931082,0.515750359234,0.488732202285,0.878788175591,76800
6,18,ADD_18_X3_ACC2,5TE,25.26078125,6.70976888021,6.41773788416,6.77225199165,0.515383358788,0.504043012729,0.947651961573,76800
7,18,ADD_18_X3_ACC2,5TE,25.7295572917,7.08029622396,7.09877364066,7.07634278579,0.524577376915,0.525261424509,1.00316983724,76800
8,18,ADD_18_X3_ACC2,5TE,39.5288151042,9.61387369792,7.70055777187,10.0232478187,0.493165069163,0.441371405312,0.768269717678,76800
9,18,ADD_18_X3_ACC2,5TE,21.2597395833,6.11924804687,6.02842420213,6.13868076631,0.536500410675,0.532504070801,0.982039045785,76800
10,18,ADD_18_X3_ACC2,5TE,25.90640625,7.13424804688,7.23289745863,7.11314096485,0.524771833437,0.528387540442,1.01683595115,76800
1,18,ADD_18_X3_ACC2,5SB,386.354947917,99.3009016927,100.929465869,98.9524532119,0.506971279558,0.511111612435,1.01997942034,76800
2,18,ADD_18_X3_ACC2,5SB,347.857395833,90.1678255208,94.0288859338,89.3417109256,0.509125884406,0.519912219279,1.05246345699,76800
3,18,ADD_18_X3_ACC2,5SB,549.556575521,132.954166667,117.124833777,136.341019379,0.49186369935,0.461655792858,0.859057929228,76800
4,18,ADD_18_X3_ACC2,5SB,441.500338542,107.712096354,110.151928191,107.190068601,0.493931494328,0.49949429404,1.02763184714,76800
5,18,ADD_18_X3_ACC2,5SB,454.993932292,113.130172526,98.8954454787,116.175842501,0.498639205838,0.466214034535,0.85125653793,76800
6,18,ADD_18_X3_ACC2,5SB,422.598880208,100.599111328,95.6504137116,101.657937374,0.487902340174,0.475750502236,0.940904529276,76800
7,18,ADD_18_X3_ACC2,5SB,410.047226562,102.30249349,102.682254728,102.221239568,0.499489278081,0.500415506516,1.00450997427,76800
8,18,ADD_18_X3_ACC2,5SB,635.93546875,155.782434896,120.294935727,163.375359604,0.494940188948,0.434927780093,0.736310151166,76800
9,18,ADD_18_X3_ACC2,5SB,349.794257813,88.641468099,86.3189088357,89.1384041477,0.503398749328,0.496760016625,0.968369466124,76800
10,18,ADD_18_X3_ACC2,5SB,408.958958333,102.542584635,102.983285313,102.448292078,0.50073997919,0.501814848987,1.00522208057,76800
1,18,ADD_18_X3_ACC2,5Z0,224.286770833,51.3408268229,50.4216348995,51.537497629,0.47844233378,0.474140040621,0.978348527174,76800
2,18,ADD_18_X3_ACC2,5Z0,266.055690104,61.3749446615,58.5005910165,61.9899429375,0.480296344193,0.468914703679,0.943710999629,76800
3,18,ADD_18_X3_ACC2,5Z0,159.254205729,35.530641276,46.7554669031,33.128971453,0.472341460121,0.54183960241,1.41131658643,76800
4,18,ADD_18_X3_ACC2,5Z0,227.782252604,51.3834114583,57.6233562352,50.0483094651,0.474953973735,0.502966816497,1.15135469811,76800
5,18,ADD_18_X3_ACC2,5Z0,169.087708333,37.5201529948,53.0053376182,34.2069344335,0.471060058031,0.559891382924,1.54954948451,76800
6,18,ADD_18_X3_ACC2,5Z0,212.036380208,47.9992252604,58.1813866726,45.8206444423,0.475786289519,0.523825749613,1.26976360504,76800
7,18,ADD_18_X3_ACC2,5Z0,199.249960937,44.8547233073,43.4777075946,45.1493503414,0.474465860154,0.467126167435,0.962975264667,76800
8,18,ADD_18_X3_ACC2,5Z0,120.906588542,27.2881640625,37.8479240544,25.028792046,0.475074997809,0.559494791712,1.51217541721,76800
9,18,ADD_18_X3_ACC2,5Z0,263.810351562,60.448219401,66.698563091,59.1108924507,0.478680614564,0.502819744,1.12836332401,76800
10,18,ADD_18_X3_ACC2,5Z0,213.161692708,47.9090527344,47.6049423759,47.9741203528,0.474082813868,0.472575760333,0.992304643124,76800
1,19,ADD_19_X3_ACC3,5L8,3.42138020833,1.25893229167,1.24427452719,1.26206847496,0.606597361983,0.603055712582,0.985900964861,76800
2,19,ADD_19_X3_ACC3,5L8,3.20884114583,1.18081054688,1.19758421986,1.17722164264,0.606618991746,0.610912376353,1.0172971482,76800
3,19,ADD_19_X3_ACC3,5L8,3.65888020833,1.38139648437,1.29874039598,1.3990816262,0.614447919048,0.595781589886,0.928280646145,76800
4,19,ADD_19_X3_ACC3,5L8,3.42994791667,1.26393229167,1.30315455083,1.25554027567,0.60704116419,0.616388034959,1.03792333554,76800
5,19,ADD_19_X3_ACC3,5L8,3.646328125,1.3285546875,1.25417405437,1.3444692084,0.603617530701,0.586477064077,0.932839552249,76800
6,19,ADD_19_X3_ACC3,5L8,3.42760416667,1.26376627604,1.20567375887,1.27619578275,0.607208790133,0.593088595838,0.944740434939,76800
7,19,ADD_19_X3_ACC3,5L8,3.47697916667,1.27536458333,1.27783318558,1.27483639985,0.605642205103,0.606228063825,1.00235072181,76800
8,19,ADD_19_X3_ACC3,5L8,3.90260416667,1.50857747396,1.36382609338,1.53954855842,0.621736776708,0.591156195809,0.885861044083,76800
9,19,ADD_19_X3_ACC3,5L8,3.24388020833,1.19344075521,1.20240469858,1.19152282499,0.606551984978,0.608825632104,1.00913274456,76800
10,19,ADD_19_X3_ACC3,5L8,3.50265625,1.2657421875,1.29475103428,1.2595354388,0.601137566397,0.607987113562,1.02795919384,76800
1,19,ADD_19_X3_ACC3,5PD,56.5760416667,14.4835677083,14.3465942671,14.5128746206,0.505966190515,0.50356800501,0.988542562528,76800
2,19,ADD_19_X3_ACC3,5PD,62.1404296875,15.975719401,15.6147310875,16.0529566578,0.507041008881,0.501279712754,0.972701254997,76800
3,19,ADD_19_X3_ACC3,5PD,41.6565885417,10.6814615885,12.5196697695,10.288157562,0.506376440023,0.548219635487,1.2169010529,76800
4,19,ADD_19_X3_ACC3,5PD,54.8291015625,14.1008268229,13.2951758274,14.27320435,0.507126989732,0.492426569543,0.93147799901,76800
5,19,ADD_19_X3_ACC3,5PD,45.4294791667,11.3799869792,13.8650265957,10.8482865453,0.500497605059,0.552448087676,1.27808447333,76800
6,19,ADD_19_X3_ACC3,5PD,53.6196875,13.7006119792,15.0401337175,13.4140071763,0.50548450114,0.529619185968,1.121226008,76800
7,19,ADD_19_X3_ACC3,5PD,53.8935416667,13.8180696615,13.5661384456,13.871973002,0.506355260937,0.5017180898,0.977953060004,76800
8,19,ADD_19_X3_ACC3,5PD,35.1660677083,8.93767578125,11.6653922872,8.35405206753,0.504139114468,0.575953961812,1.39637533893,76800
9,19,ADD_19_X3_ACC3,5PD,63.9225260417,16.6097753906,17.1332557624,16.4977712443,0.509747278088,0.517717666029,1.03851941627,76800
10,19,ADD_19_X3_ACC3,5PD,52.812421875,13.2395214844,13.1949431147,13.2490594967,0.50068906024,0.499845422427,0.995915454824,76800
1,19,ADD_19_X3_ACC3,5PN,82.50234375,20.9571679687,21.454713357,20.8507128857,0.504003037648,0.509950726858,1.0289678571,76800
2,19,ADD_19_X3_ACC3,5PN,75.1814713542,19.4381901042,20.3828125,19.2360781803,0.50847839201,0.520686891494,1.05961372734,76800
3,19,ADD_19_X3_ACC3,5PN,99.5569791667,24.2448111979,22.7026447991,24.5747739631,0.493484535996,0.477531881732,0.923819068821,76800
4,19,ADD_19_X3_ACC3,5PN,83.1700911458,20.8073925781,21.6262928487,20.6321802289,0.500178755775,0.509926346195,1.04818262582,76800
5,19,ADD_19_X3_ACC3,5PN,92.7632421875,22.6915234375,20.5044880319,23.1594627276,0.49458833289,0.470150070259,0.885361127461,76800
6,19,ADD_19_X3_ACC3,5PN,83.5446484375,20.2946940104,20.0583813534,20.3452555956,0.492869491137,0.489991587752,0.985899698295,76800
7,19,ADD_19_X3_ACC3,5PN,86.8828385417,21.7870833333,22.2888962766,21.6797151619,0.500763362138,0.506497470697,1.02809912908,76800
8,19,ADD_19_X3_ACC3,5PN,110.967460937,26.7758138021,23.388482565,27.500569044,0.491217143337,0.459095671842,0.850472676678,76800
9,19,ADD_19_X3_ACC3,5PN,73.3139713542,18.9421940104,18.6993018617,18.9941633472,0.508301940265,0.505032496064,0.984476205656,76800
10,19,ADD_19_X3_ACC3,5PN,88.828828125,21.9719433594,22.2919991135,21.9034640554,0.497344442152,0.500953646461,1.01773852104,76800
1,19,ADD_19_X3_ACC3,5QC,6.89196614583,2.1602734375,2.20968158983,2.14970204224,0.559864325377,0.566230528686,1.02790133071,76800
2,19,ADD_19_X3_ACC3,5QC,6.0328515625,1.90452148438,2.06425458038,1.87034490389,0.561864532461,0.584952105619,1.10367589212,76800
3,19,ADD_19_X3_ACC3,5QC,9.4248046875,2.81482747396,2.49058067376,2.88420349646,0.546499427274,0.514060373449,0.863524601095,76800
4,19,ADD_19_X3_ACC3,5QC,7.15040364583,2.22317057292,2.44843380615,2.17497312848,0.55759787917,0.585165757421,1.12573060057,76800
5,19,ADD_19_X3_ACC3,5QC,8.37591145833,2.56874023437,2.1952570922,2.6486508915,0.553788655913,0.511948948774,0.828820853379,76800
6,19,ADD_19_X3_ACC3,5QC,7.205390625,2.19940104167,2.05088283097,2.23117807916,0.552488761404,0.533508888818,0.91919280228,76800
7,19,ADD_19_X3_ACC3,5QC,7.65026041667,2.36883789063,2.45061317967,2.35134120511,0.556454374786,0.56597763879,1.0422192978,76800
8,19,ADD_19_X3_ACC3,5QC,10.9913802083,3.21193684896,2.5193373227,3.36012582195,0.540576775516,0.47875910317,0.749774697791,76800
9,19,ADD_19_X3_ACC3,5QC,6.01111979167,1.90158203125,1.87693927305,1.90685460926,0.562444715983,0.558788448182,0.98431168477,76800
10,19,ADD_19_X3_ACC3,5QC,7.59162760417,2.34305013021,2.42215203901,2.32612544259,0.555550243308,0.564850154745,1.04128177899,76800
1,19,ADD_19_X3_ACC3,5QT,5.66194010417,1.78120768229,1.80188017139,1.77678458523,0.560886057408,0.564131457298,1.01412415797,76800
2,19,ADD_19_X3_ACC3,5QT,4.90994791667,1.57665364583,1.67490395981,1.55563195498,0.566669328989,0.584058719587,1.07667109463,76800
3,19,ADD_19_X3_ACC3,5QT,6.96143229167,2.03895833333,1.9582963948,2.05621680577,0.541196368477,0.530383384676,0.952378362684,76800
4,19,ADD_19_X3_ACC3,5QT,5.75690104167,1.79333333333,1.93037086288,1.76401270865,0.558130978634,0.579063238325,1.09430666424,76800
5,19,ADD_19_X3_ACC3,5QT,6.8173828125,2.04977864583,1.84659426714,2.09325208649,0.548333325714,0.520447468921,0.882165258094,76800
6,19,ADD_19_X3_ACC3,5QT,5.65752604167,1.75262695313,1.68919917258,1.7661979957,0.556584954384,0.546420707354,0.956404195163,76800
7,19,ADD_19_X3_ACC3,5QT,6.13868489583,1.86438802083,1.90111554374,1.85652977997,0.551100089167,0.556501815813,1.02401564696,76800
8,19,ADD_19_X3_ACC3,5QT,7.82186197917,2.18330729167,1.97070774232,2.22879520738,0.528326455835,0.501944889927,0.88420314966,76800
9,19,ADD_19_X3_ACC3,5QT,4.94927083333,1.59894205729,1.59208776596,1.60040860521,0.568389115966,0.567169531818,0.994800803228,76800
10,19,ADD_19_X3_ACC3,5QT,6.16057291667,1.88294921875,1.96396645981,1.86561472559,0.552851831556,0.564620291933,1.05271813782,76800
1,19,ADD_19_X3_ACC3,5TE,12.3491666667,3.59384114583,3.65621306147,3.58049601669,0.539461694625,0.544122797089,1.02114708253,76800
2,19,ADD_19_X3_ACC3,5TE,11.7179947917,3.45995117187,3.65558510638,3.41809322838,0.543385862037,0.55853680874,1.06948080761,76800
3,19,ADD_19_X3_ACC3,5TE,13.8989583333,3.924921875,3.88419769504,3.93363524279,0.531403464901,0.528639410008,0.987432096596,76800
4,19,ADD_19_X3_ACC3,5TE,12.2124088542,3.54214192708,3.85490543735,3.47522287557,0.538557789285,0.561831644684,1.10925416164,76800
5,19,ADD_19_X3_ACC3,5TE,14.2988802083,4.11020833333,3.85719562648,4.16434307031,0.536143325548,0.51937951792,0.92624348219,76800
6,19,ADD_19_X3_ACC3,5TE,12.1668359375,3.4780859375,3.53125,3.46671092564,0.534664474127,0.538735267152,1.018616803,76800
7,19,ADD_19_X3_ACC3,5TE,13.33515625,3.8379296875,3.87548020095,3.82989535913,0.536474955772,0.539093017663,1.01190237266,76800
8,19,ADD_19_X3_ACC3,5TE,14.5837369792,4.07260416667,3.78396498227,4.13436156424,0.528447307015,0.509376778904,0.915247716842,76800
9,19,ADD_19_X3_ACC3,5TE,11.6005989583,3.39103841146,3.35455452128,3.39884452453,0.540662375246,0.53774603992,0.986969099958,76800
10,19,ADD_19_X3_ACC3,5TE,13.372265625,3.86888020833,3.95606161348,3.85022682726,0.537885880336,0.543912482868,1.02748793538,76800
1,19,ADD_19_X3_ACC3,5SB,442.164570313,109.148860677,110.848718233,108.785158226,0.496841235546,0.500695130317,1.01896913183,76800
2,19,ADD_19_X3_ACC3,5SB,396.394427083,97.7452604167,100.139018174,97.2330906993,0.496574122646,0.502617834205,1.02988619876,76800
3,19,ADD_19_X3_ACC3,5SB,558.043072917,133.554482422,121.390588061,136.157075904,0.489210053639,0.46640011291,0.891548142139,76800
4,19,ADD_19_X3_ACC3,5SB,454.896341146,105.897490234,111.16860594,104.769679439,0.48248810604,0.494350363647,1.06107612942,76800
5,19,ADD_19_X3_ACC3,5SB,512.164153646,126.034697266,106.925679669,130.12327311,0.49606715363,0.456916056931,0.82172602267,76800
6,19,ADD_19_X3_ACC3,5SB,464.2753125,107.567558594,103.902389923,108.351760085,0.481341004989,0.473069526365,0.95893587554,76800
7,19,ADD_19_X3_ACC3,5SB,459.308971354,112.246953125,114.39793883,111.786727049,0.494350316402,0.499064451063,1.0233588714,76800
8,19,ADD_19_X3_ACC3,5SB,614.634101562,152.975735677,132.089372784,157.444593292,0.498887875071,0.463580983777,0.838957820159,76800
9,19,ADD_19_X3_ACC3,5SB,378.859973958,90.29140625,86.9279144504,91.0110607929,0.488184342236,0.479005243604,0.9551357131,76800
10,19,ADD_19_X3_ACC3,5SB,472.480677083,115.812932943,116.518376921,115.661995764,0.495092678649,0.496598252755,1.00740417067,76800
1,19,ADD_19_X3_ACC3,5Z0,160.155091146,39.1544401042,38.519078753,39.290382366,0.494447442156,0.490419320641,0.980369149737,76800
2,19,ADD_19_X3_ACC3,5Z0,165.722239583,40.5056803385,40.6392582742,40.4770999305,0.494387599083,0.495202113474,1.00400617495,76800
3,19,ADD_19_X3_ACC3,5Z0,135.902708333,33.4404361979,40.2477282801,31.9839442653,0.496045953308,0.544197610277,1.25837288692,76800
4,19,ADD_19_X3_ACC3,5Z0,165.227213542,40.3216471354,43.0662123227,39.7344184686,0.494001585665,0.510537384568,1.08385158214,76800
5,19,ADD_19_X3_ACC3,5Z0,148.532174479,36.4763736979,40.7122303487,35.5700674949,0.495559217657,0.523542783918,1.14456432658,76800
6,19,ADD_19_X3_ACC3,5Z0,153.412083333,37.3384700521,40.3407395095,36.6961028389,0.493342437809,0.512793065733,1.09931944781,76800
7,19,ADD_19_X3_ACC3,5Z0,156.5709375,38.1903255208,37.6232269504,38.3116622408,0.493879618587,0.490199027309,0.982030659853,76800
8,19,ADD_19_X3_ACC3,5Z0,106.077539062,26.5506705729,34.6973441194,24.8076038505,0.500294846447,0.57192146796,1.39865761838,76800
9,19,ADD_19_X3_ACC3,5Z0,167.975442708,41.1215234375,41.9419880319,40.9459763847,0.494779503731,0.499691093692,1.02432501885,76800
10,19,ADD_19_X3_ACC3,5Z0,160.49828125,38.9437760417,40.5235667849,38.6057631512,0.492588009969,0.502479836363,1.04967661502,76800
1,20,ADD_20_X4_ACC1,5L8,1.6926171875,0.937552083333,0.912030880615,0.943012613809,0.74424911745,0.734049586633,0.967146003413,76800
2,20,ADD_20_X4_ACC1,5L8,1.64803385417,0.923727213542,0.908373965721,0.927012202833,0.748667196904,0.742419336994,0.979894291515,76800
3,20,ADD_20_X4_ACC1,5L8,1.74997395833,0.8855078125,0.95415927896,0.870819107233,0.711345200466,0.738405029378,1.09570319603,76800
4,20,ADD_20_X4_ACC1,5L8,1.64609375,0.898610026042,0.918827570922,0.894284269095,0.738853520395,0.747118905615,1.02744463106,76800
5,20,ADD_20_X4_ACC1,5L8,1.77908854167,1.01470052083,0.983248374704,1.0214300392,0.755214222807,0.74341759785,0.962619403158,76800
6,20,ADD_20_X4_ACC1,5L8,1.68735677083,0.916888020833,0.927341903073,0.914651302479,0.737147997493,0.741338377013,1.01387479639,76800
7,20,ADD_20_X4_ACC1,5L8,1.67920572917,0.907096354167,0.90063534279,0.90847875569,0.734978706472,0.732356497729,0.991366432233,76800
8,20,ADD_20_X4_ACC1,5L8,1.8238671875,0.88568359375,0.932051566194,0.875762677036,0.696855440287,0.71486389846,1.06427413571,76800
9,20,ADD_20_X4_ACC1,5L8,1.4690234375,0.804895833333,0.836768617021,0.798076315124,0.740210902021,0.754724293298,1.04848195738,76800
10,20,ADD_20_X4_ACC1,5L8,1.677734375,0.928291015625,0.959090573286,0.921701125443,0.743841615697,0.756080800175,1.0405656962,76800
1,20,ADD_20_X4_ACC1,5PD,91.1869140625,23.8855664062,23.0135749113,24.0721381829,0.511801451041,0.502372414573,0.956025374087,76800
2,20,ADD_20_X4_ACC1,5PD,88.1254296875,22.6556184896,22.6155806738,22.6641850025,0.507034297651,0.506586075001,0.997855456582,76800
3,20,ADD_20_X4_ACC1,5PD,87.288671875,23.3242252604,22.4723699764,23.5064886823,0.516921589092,0.5073941963,0.956007095744,76800
4,20,ADD_20_X4_ACC1,5PD,90.5054036458,23.3952018229,23.1085254137,23.456539264,0.5084241172,0.50529949233,0.985163461395,76800
5,20,ADD_20_X4_ACC1,5PD,84.8122786458,22.9916829427,23.2590130024,22.9344848571,0.520662159321,0.523680346079,1.01415022606,76800
6,20,ADD_20_X4_ACC1,5PD,87.4439453125,22.5863867187,23.6184803487,22.3655594019,0.508227906111,0.519710036044,1.05602010325,76800
7,20,ADD_20_X4_ACC1,5PD,88.6895442708,23.4297884115,23.0912197104,23.5022287557,0.513982073005,0.510254948381,0.982511911974,76800
8,20,ADD_20_X4_ACC1,5PD,83.5994010417,22.7220703125,23.0609301123,22.6495676846,0.521341583553,0.525214644379,1.01816204324,76800
9,20,ADD_20_X4_ACC1,5PD,90.2511588542,23.1947167969,23.1813866726,23.1975689176,0.506953520783,0.506807825436,0.999302416342,76800
10,20,ADD_20_X4_ACC1,5PD,89.5336458333,23.6910546875,23.8999335106,23.6463628604,0.514397753088,0.516660442599,1.01072345256,76800
1,20,ADD_20_X4_ACC1,5PN,95.0250130208,23.0439420573,22.0470781619,23.2572316009,0.49244691192,0.481677712796,0.947966574021,76800
2,20,ADD_20_X4_ACC1,5PN,93.6494661458,23.2788932292,23.0640329492,23.324864852,0.498572719216,0.496266514121,0.988817431332,76800
3,20,ADD_20_X4_ACC1,5PN,93.168203125,21.656484375,21.3380614657,21.7246143146,0.482125517912,0.478567961928,0.982206687617,76800
4,20,ADD_20_X4_ACC1,5PN,94.5146614583,22.988688151,21.9805888002,23.2043816388,0.493182324186,0.48224759378,0.947260269304,76800
5,20,ADD_20_X4_ACC1,5PN,92.5191927083,21.4253873698,22.6900302896,21.1548036798,0.481225269106,0.495223927952,1.07257106391,76800
6,20,ADD_20_X4_ACC1,5PN,92.1422786458,22.4596809896,22.5499408983,22.4403689302,0.493710447714,0.494701503165,1.004882806,76800
7,20,ADD_20_X4_ACC1,5PN,91.6473567708,21.7286165365,20.6020242317,21.9696628414,0.486918265025,0.474127313543,0.937748766578,76800
8,20,ADD_20_X4_ACC1,5PN,90.1271354167,20.5123795573,21.0384714835,20.3998166414,0.477067946726,0.483147023059,1.0313068913,76800
9,20,ADD_20_X4_ACC1,5PN,94.8263802083,23.4544075521,23.3546468676,23.4757524026,0.49733342373,0.496274620766,0.994841250115,76800
10,20,ADD_20_X4_ACC1,5PN,92.5745442708,21.7161002604,21.8537972813,21.6866385306,0.484334189903,0.485867291825,1.00770791428,76800
1,20,ADD_20_X4_ACC1,5QC,0.419557291667,0.496217447917,0.491596483452,0.497206151998,1.08752782831,1.08245224911,0.988717620398,76800
2,20,ADD_20_X4_ACC1,5QC,0.434505208333,0.503821614583,0.488807624113,0.507034016186,1.07681452327,1.06064852479,0.96405292053,76800
3,20,ADD_20_X4_ACC1,5QC,0.298880208333,0.371458333333,0.459164450355,0.352692684623,1.11482442253,1.23946865868,1.3018825464,76800
4,20,ADD_20_X4_ACC1,5QC,0.405950520833,0.472805989583,0.456597222222,0.476274026302,1.07920744662,1.0605473938,0.958685960194,76800
5,20,ADD_20_X4_ACC1,5QC,0.377109375,0.467360026042,0.492741578014,0.461929375316,1.11324849666,1.14307819515,1.06670327618,76800
6,20,ADD_20_X4_ACC1,5QC,0.40125,0.46966796875,0.499039598109,0.463383598887,1.08190206195,1.11521854093,1.07694704626,76800
7,20,ADD_20_X4_ACC1,5QC,0.389817708333,0.45951171875,0.471132535461,0.457025322458,1.08571918932,1.09936211415,1.03086746469,76800
8,20,ADD_20_X4_ACC1,5QC,0.2433984375,0.308824869792,0.441637115839,0.280408289074,1.12641192745,1.34701952091,1.57497881855,76800
9,20,ADD_20_X4_ACC1,5QC,0.434505208333,0.488284505208,0.486480496454,0.488670491907,1.0600808231,1.05812073149,0.995518461846,76800
10,20,ADD_20_X4_ACC1,5QC,0.402955729167,0.495113932292,0.498799497636,0.494325366717,1.10846990433,1.11258790978,1.00905098386,76800
1,20,ADD_20_X4_ACC1,5QT,0.356458333333,0.353277994792,0.349715573286,0.354040212443,0.995528980739,0.990496853217,0.987784892772,76800
2,20,ADD_20_X4_ACC1,5QT,0.345625,0.366725260417,0.361683658392,0.36780396434,1.03007260815,1.02296757741,0.983359869545,76800
3,20,ADD_20_X4_ACC1,5QT,0.4136328125,0.352864583333,0.358747044917,0.351605968639,0.923626838254,0.931293720656,1.02030988355,76800
4,20,ADD_20_X4_ACC1,5QT,0.367447916667,0.367392578125,0.361886820331,0.36857059307,0.99992469596,0.992403960178,0.981865691767,76800
5,20,ADD_20_X4_ACC1,5QT,0.377109375,0.356927083333,0.348478132388,0.358734825493,0.972872857353,0.96128928325,0.971408705323,76800
6,20,ADD_20_X4_ACC1,5QT,0.357955729167,0.361344401042,0.378453752955,0.35768367476,1.00472221761,1.02823350026,1.05806828676,76800
7,20,ADD_20_X4_ACC1,5QT,0.374817708333,0.353356119792,0.343805407801,0.355399595346,0.970948640822,0.957737078343,0.967377037853,76800
8,20,ADD_20_X4_ACC1,5QT,0.427747395833,0.339638671875,0.348939864066,0.337648583713,0.891076273337,0.903195170461,1.03344092319,76800
9,20,ADD_20_X4_ACC1,5QT,0.348958333333,0.366276041667,0.356826241135,0.368297926151,1.02451298951,1.01121058156,0.968852159617,76800
10,20,ADD_20_X4_ACC1,5QT,0.3590625,0.35478515625,0.351193114657,0.355553711431,0.994025888678,0.988981052452,0.98773575796,76800
1,20,ADD_20_X4_ACC1,5TE,20.4066015625,5.54161783854,5.39804964539,5.57233576758,0.521114243518,0.514319623349,0.968722968346,76800
2,20,ADD_20_X4_ACC1,5TE,20.29640625,5.61424804687,5.55212027187,5.62754093955,0.525940027511,0.523021882058,0.986597935315,76800
3,20,ADD_20_X4_ACC1,5TE,20.4715494792,5.23061848958,5.41461657801,5.19125015807,0.505476726872,0.514290493518,1.04302748146,76800
4,20,ADD_20_X4_ACC1,5TE,19.9016536458,5.41866861979,5.37581264775,5.42783810698,0.521797163939,0.519729634332,0.990415067988,76800
5,20,ADD_20_X4_ACC1,5TE,20.4631510417,5.39688802083,5.5493498818,5.36426719777,0.513553210527,0.520756619202,1.0345028831,76800
6,20,ADD_20_X4_ACC1,5TE,20.0953776042,5.43828125,5.51769355792,5.42129014922,0.520214851275,0.523999295196,1.01778237395,76800
7,20,ADD_20_X4_ACC1,5TE,20.262109375,5.34121419271,5.26601285461,5.35730431209,0.513425777556,0.509798589782,0.98295944151,76800
8,20,ADD_20_X4_ACC1,5TE,19.9563671875,4.94490234375,5.15964834515,4.89895517198,0.497780771554,0.508474653003,1.05321403524,76800
9,20,ADD_20_X4_ACC1,5TE,20.0312890625,5.53297526042,5.51250369385,5.53735536798,0.525563159899,0.524589988042,0.995511995803,76800
10,20,ADD_20_X4_ACC1,5TE,20.4402734375,5.40577148438,5.3750554078,5.4123435129,0.514263250929,0.512800124694,0.993110543518,76800
1,20,ADD_20_X4_ACC1,5SB,256.861992187,58.3249609375,54.2560763889,59.1955416983,0.47651579973,0.459593913569,0.916556801954,76800
2,20,ADD_20_X4_ACC1,5SB,253.438072917,60.3779915365,58.8718602246,60.7002442147,0.488093924972,0.481967718256,0.969878473904,76800
3,20,ADD_20_X4_ACC1,5SB,261.216210938,55.1263802083,56.3066637116,54.8738461052,0.459388030468,0.464279849362,1.02611112047,76800
4,20,ADD_20_X4_ACC1,5SB,266.477265625,61.4751529948,60.2961916371,61.7274042109,0.480307897328,0.475679964688,0.976813984127,76800
5,20,ADD_20_X4_ACC1,5SB,257.373242188,52.6600292969,58.5962433511,51.389913695,0.452333602582,0.477148090587,1.14022848333,76800
6,20,ADD_20_X4_ACC1,5SB,248.974856771,56.3687727865,57.2701315012,56.1759175835,0.475818741859,0.479607918185,1.01947834526,76800
7,20,ADD_20_X4_ACC1,5SB,255.285169271,55.7960579427,51.651688091,56.6827895802,0.467507912511,0.449810373865,0.911241109931,76800
8,20,ADD_20_X4_ACC1,5SB,257.783984375,52.8953320312,52.9939051418,52.8742412747,0.452981752676,0.453403633354,1.0022631789,76800
9,20,ADD_20_X4_ACC1,5SB,259.842200521,61.6915266927,61.8737625591,61.6525354072,0.487256808448,0.487975952492,1.0035882896,76800
10,20,ADD_20_X4_ACC1,5SB,257.256015625,55.2581119792,55.1616614953,55.2787485774,0.463463195374,0.463058541913,0.997881878929,76800
1,20,ADD_20_X4_ACC1,5Z0,1262.20451823,334.397705078,381.189309988,324.38614773,0.514714945623,0.549547822269,1.17510970384,76800
2,20,ADD_20_X4_ACC1,5Z0,921.288125,243.527076823,253.866891992,241.314764321,0.514133486479,0.524934717297,1.052015581,76800
3,20,ADD_20_X4_ACC1,5Z0,1410.35686198,371.369941406,339.428911791,378.204061552,0.513143540833,0.490580078007,0.897475586059,76800
4,20,ADD_20_X4_ACC1,5Z0,1518.10981771,377.91648112,311.731179817,392.077524342,0.498937701052,0.453146392761,0.795075362556,76800
5,20,ADD_20_X4_ACC1,5Z0,1583.84076823,428.377779948,322.924165189,450.940692969,0.520065098271,0.451538217254,0.716112274239,76800
6,20,ADD_20_X4_ACC1,5Z0,1108.08041667,284.674557292,269.35760195,287.951781424,0.506860779541,0.493036394365,0.935426065498,76800
7,20,ADD_20_X4_ACC1,5Z0,994.83265625,256.153424479,241.856955526,259.212304786,0.507428746198,0.49306511236,0.933045812487,76800
8,20,ADD_20_X4_ACC1,5Z0,860.704205729,232.753365885,283.436077866,221.909265143,0.520021168121,0.57385292851,1.277261126,76800
9,20,ADD_20_X4_ACC1,5Z0,969.669231771,235.011552734,239.429281176,234.066333144,0.49230335818,0.496908954691,1.02291208633,76800
10,20,ADD_20_X4_ACC1,5Z0,1010.49446615,262.539453125,276.540299941,259.543824292,0.509718408442,0.523133154426,1.06548595674,76800
1,21,ADD_21_X4_ACC2,5L8,1.6480078125,0.924326171875,0.911088947991,0.927158415529,0.748915798069,0.743533869187,0.982668045428,76800
2,21,ADD_21_X4_ACC2,5L8,1.61061197917,0.905738932292,0.880005171395,0.911244941831,0.749904665377,0.739174795303,0.96571748275,76800
3,21,ADD_21_X4_ACC2,5L8,1.74549479167,0.873014322917,0.915724734043,0.86387598002,0.707214906127,0.724307852798,1.06001874716,76800
4,21,ADD_21_X4_ACC2,5L8,1.60255208333,0.867952473958,0.866171690307,0.868333491401,0.735939131857,0.735183778701,0.997510402263,76800
5,21,ADD_21_X4_ACC2,5L8,1.7312890625,0.967415364583,0.98166001773,0.964367570814,0.747518073717,0.753001356829,1.01793138575,76800
6,21,ADD_21_X4_ACC2,5L8,1.6659765625,0.907454427083,0.925698138298,0.903550992666,0.738036716801,0.745418645041,1.02451122937,76800
7,21,ADD_21_X4_ACC2,5L8,1.63178385417,0.86533203125,0.853076979905,0.86795412873,0.728215760772,0.723040785108,0.982859521796,76800
8,21,ADD_21_X4_ACC2,5L8,1.80990885417,0.846923828125,0.925882830969,0.830029716743,0.684059413375,0.715236489819,1.11548154517,76800
9,21,ADD_21_X4_ACC2,5L8,1.43674479167,0.794264322917,0.818705673759,0.789034838139,0.743520097117,0.754873334359,1.03760396143,76800
10,21,ADD_21_X4_ACC2,5L8,1.6484765625,0.904938151042,0.941637115839,0.897086020486,0.740914442561,0.755788702463,1.04966201048,76800
1,21,ADD_21_X4_ACC2,5PD,61.5557291667,15.9866210937,15.4708000887,16.0969864378,0.509617227433,0.501328214357,0.961099156569,76800
2,21,ADD_21_X4_ACC2,5PD,69.2588411458,17.8768457031,16.5341681442,18.1641257271,0.508051614223,0.488600114773,0.91026501317,76800
3,21,ADD_21_X4_ACC2,5PD,49.0606119792,12.8574707031,13.9706708038,12.6192898015,0.511930837342,0.533632349274,1.10708851477,76800
4,21,ADD_21_X4_ACC2,5PD,60.9095963542,15.6961686198,14.9702460106,15.8514874178,0.507637816085,0.495760142438,0.944406390142,76800
5,21,ADD_21_X4_ACC2,5PD,48.5236328125,12.9273404948,15.0895574764,12.4647113682,0.516152386983,0.557649860605,1.21058218121,76800
6,21,ADD_21_X4_ACC2,5PD,61.5890364583,16.0015397135,17.0831301714,15.7701220283,0.509717074688,0.526662043872,1.08325922531,76800
7,21,ADD_21_X4_ACC2,5PD,55.4972005208,14.4077994792,13.4833591903,14.6055932284,0.509522409494,0.492905329427,0.923164090597,76800
8,21,ADD_21_X4_ACC2,5PD,46.7313671875,12.2603320312,14.1720781619,11.8512937848,0.512208607492,0.550696765803,1.19582540264,76800
9,21,ADD_21_X4_ACC2,5PD,68.8456640625,17.5631738281,18.0581781915,17.4572624241,0.505083525472,0.51215176107,1.0344221077,76800
10,21,ADD_21_X4_ACC2,5PD,54.171171875,14.3069498698,13.3929705969,14.5025053743,0.513912773486,0.497226586733,0.923493579299,76800
1,21,ADD_21_X4_ACC2,5PN,87.5014453125,21.3533235677,20.717438682,21.4893778452,0.493997927843,0.486586905819,0.96407810553,76800
2,21,ADD_21_X4_ACC2,5PN,79.5397395833,19.8765755208,20.2738807624,19.7915678743,0.499894892116,0.504866275859,1.02436961494,76800
3,21,ADD_21_X4_ACC2,5PN,90.2323697917,21.3543196615,21.5952460106,21.3027709282,0.486476300833,0.489212895272,1.01372943846,76800
4,21,ADD_21_X4_ACC2,5PN,87.466171875,21.3076139323,21.7065048759,21.2222670081,0.493568403643,0.498166925682,1.022817443,76800
5,21,ADD_21_X4_ACC2,5PN,93.7863411458,22.3927473958,22.5127437943,22.3670729009,0.488634237683,0.489941714747,1.00651273835,76800
6,21,ADD_21_X4_ACC2,5PN,81.5246875,19.9053417969,19.5556109634,19.9801703971,0.494128892227,0.489768808445,0.978750960314,76800
7,21,ADD_21_X4_ACC2,5PN,90.2241536458,21.6432063802,21.1962729019,21.7388325114,0.489778133629,0.484694780286,0.975041915926,76800
8,21,ADD_21_X4_ACC2,5PN,93.1342578125,21.5080143229,21.7268026005,21.4612022635,0.480557577323,0.48299560651,1.01237583681,76800
9,21,ADD_21_X4_ACC2,5PN,80.8119270833,20.2353417969,19.643321513,20.3620107802,0.500400276042,0.493025895816,0.964704405917,76800
10,21,ADD_21_X4_ACC2,5PN,93.0066536458,22.177203776,23.3993979019,21.9157024532,0.488310861139,0.501585914141,1.06770010917,76800
1,21,ADD_21_X4_ACC2,5QC,0.452643229167,0.502858072917,0.494976359338,0.50454444866,1.05400992201,1.04571711076,0.981036181554,76800
2,21,ADD_21_X4_ACC2,5QC,0.455533854167,0.50701171875,0.486074172577,0.511491527567,1.05499079324,1.03297769437,0.950307378282,76800
3,21,ADD_21_X4_ACC2,5QC,0.452708333333,0.454951171875,0.478390957447,0.449935982549,1.00247407363,1.02797425118,1.06324227446,76800
4,21,ADD_21_X4_ACC2,5QC,0.456705729167,0.489235026042,0.473939864066,0.492507587253,1.03500045623,1.01869315973,0.962299620008,76800
5,21,ADD_21_X4_ACC2,5QC,0.446145833333,0.478538411458,0.505780880615,0.472709597876,1.03566662512,1.06473807191,1.0699610985,76800
6,21,ADD_21_X4_ACC2,5QC,0.458046875,0.496324869792,0.527574615839,0.489638657056,1.04094565416,1.07321561625,1.0774774586,76800
7,21,ADD_21_X4_ACC2,5QC,0.455403645833,0.492815755208,0.495955230496,0.492144031361,1.04026512813,1.04357336434,1.00774407265,76800
8,21,ADD_21_X4_ACC2,5QC,0.458880208333,0.42046875,0.456467937352,0.412766344208,0.95723197785,0.997368104417,1.10587489449,76800
9,21,ADD_21_X4_ACC2,5QC,0.458763020833,0.488531901042,0.491097813239,0.487982897066,1.0319348091,1.03464127144,1.00638324866,76800
10,21,ADD_21_X4_ACC2,5QC,0.448346354167,0.495084635417,0.479850029551,0.49834424001,1.05083106486,1.034536795,0.962888684216,76800
1,21,ADD_21_X4_ACC2,5QT,0.346276041667,0.3553515625,0.357860520095,0.354814744562,1.01301970332,1.01658962285,1.00858412898,76800
2,21,ADD_21_X4_ACC2,5QT,0.336354166667,0.362884114583,0.36131427305,0.363219998735,1.03868909627,1.03643996973,0.994753246811,76800
3,21,ADD_21_X4_ACC2,5QT,0.405260416667,0.364134114583,0.361776004728,0.364638657056,0.947902330366,0.94482806686,0.99214934491,76800
4,21,ADD_21_X4_ACC2,5QT,0.351119791667,0.356904296875,0.362865691489,0.355628793627,1.00820357533,1.01658874925,1.02034958359,76800
5,21,ADD_21_X4_ACC2,5QT,0.369869791667,0.353746744792,0.348496601655,0.354870068285,0.977961582724,0.970677230579,0.982039999422,76800
6,21,ADD_21_X4_ACC2,5QT,0.350130208333,0.363063151042,0.371416962175,0.361275765048,1.01830129296,1.02994984289,1.02807051595,76800
7,21,ADD_21_X4_ACC2,5QT,0.359231770833,0.354462890625,0.337581264775,0.358074892514,0.993340214436,0.969397283554,0.942767202706,76800
8,21,ADD_21_X4_ACC2,5QT,0.424361979167,0.355670572917,0.355736554374,0.355656455488,0.915494488587,0.915579402638,1.0002252142,76800
9,21,ADD_21_X4_ACC2,5QT,0.335208333333,0.356803385417,0.354499113475,0.3572964087,1.03170866921,1.0283718342,0.992170939428,76800
10,21,ADD_21_X4_ACC2,5QT,0.3537890625,0.357180989583,0.365469858156,0.355407498735,1.00478227879,1.01637408038,1.02831217533,76800
1,21,ADD_21_X4_ACC2,5TE,26.9377473958,7.16946614583,7.42950280733,7.11382855969,0.515896725274,0.525169187628,1.04437473366,76800
2,21,ADD_21_X4_ACC2,5TE,23.5429166667,6.43017903646,6.90052452719,6.32954365832,0.522614433588,0.541390859625,1.09020885228,76800
3,21,ADD_21_X4_ACC2,5TE,31.3075651042,8.06304361979,7.90279624704,8.0973302352,0.507486926139,0.50241864312,0.975975539775,76800
4,21,ADD_21_X4_ACC2,5TE,26.336953125,6.98975911458,7.43306737589,6.89490863682,0.515167359973,0.531252845601,1.07805161278,76800
5,21,ADD_21_X4_ACC2,5TE,32.3332161458,8.41999348958,7.68461879433,8.5773346611,0.510306881798,0.487513573046,0.895921530167,76800
6,21,ADD_21_X4_ACC2,5TE,26.2734375,6.90545898437,6.76224512411,6.93610110015,0.512669907578,0.507325866584,0.974934624866,76800
7,21,ADD_21_X4_ACC2,5TE,28.9818229167,7.58944335938,7.90442154255,7.52205045524,0.51173145488,0.52224248264,1.05083335848,76800
8,21,ADD_21_X4_ACC2,5TE,33.01328125,8.33834960937,7.96391105201,8.41846468766,0.502569008968,0.491155322249,0.946005162163,76800
9,21,ADD_21_X4_ACC2,5TE,22.8334635417,6.23974609375,6.00851433215,6.28922056778,0.522754237862,0.512976717296,0.955367086811,76800
10,21,ADD_21_X4_ACC2,5TE,29.1769921875,7.65480794271,7.97964686761,7.58530522888,0.512208628132,0.522963738591,1.05198757688,76800
1,21,ADD_21_X4_ACC2,5SB,510.456705729,122.030266927,122.257867908,121.981569297,0.488938599176,0.489394351126,1.0022650849,76800
2,21,ADD_21_X4_ACC2,5SB,457.950520833,109.955615234,115.227190455,108.82770612,0.490003777201,0.501612335206,1.05880381534,76800
3,21,ADD_21_X4_ACC2,5SB,564.538528646,132.606848958,123.020944149,134.657854388,0.484658890942,0.466812776887,0.913581645186,76800
4,21,ADD_21_X4_ACC2,5SB,528.291848958,123.374443359,126.169972665,122.776310382,0.48325421215,0.488698548921,1.02764101864,76800
5,21,ADD_21_X4_ACC2,5SB,550.325078125,129.097519531,128.161088948,129.29787873,0.484338839634,0.482579025909,0.991207978092,76800
6,21,ADD_21_X4_ACC2,5SB,507.853190104,116.937441406,111.579750296,118.083775923,0.479852433049,0.468730917098,0.944920243473,76800
7,21,ADD_21_X4_ACC2,5SB,515.767877604,121.660957031,124.703771424,121.009914801,0.485678041975,0.491714085114,1.03052523943,76800
8,21,ADD_21_X4_ACC2,5SB,549.102669271,129.568336589,127.177545065,130.079871649,0.485761022673,0.481258531225,0.977688119252,76800
9,21,ADD_21_X4_ACC2,5SB,483.772565104,114.721396484,109.808270538,115.772611596,0.486969313171,0.476427594705,0.948482279394,76800
10,21,ADD_21_X4_ACC2,5SB,539.098697917,126.666871745,130.407302748,125.866567084,0.48472718957,0.491832037346,1.03607578859,76800
1,21,ADD_21_X4_ACC2,5Z0,1316.66260417,345.701468099,374.537751182,339.531641218,0.512405003047,0.533347850109,1.10310117148,76800
2,21,ADD_21_X4_ACC2,5Z0,953.980091146,251.800566406,279.563146424,245.860469619,0.513758116022,0.541340231292,1.13708050284,76800
3,21,ADD_21_X4_ACC2,5Z0,1577.04824219,411.214163411,356.684009309,422.881464972,0.510636133474,0.475575343765,0.84346096685,76800
4,21,ADD_21_X4_ACC2,5Z0,1687.12169271,413.379755859,322.519448138,432.820276935,0.49499566716,0.43722476121,0.745157898845,76800
5,21,ADD_21_X4_ACC2,5Z0,1519.70203125,405.025667318,302.652759309,426.92943064,0.516252361347,0.446265277336,0.708905822808,76800
6,21,ADD_21_X4_ACC2,5Z0,1093.19858073,284.257486979,291.473625887,282.713517956,0.509925143218,0.516357039554,1.03098581205,76800
7,21,ADD_21_X4_ACC2,5Z0,1138.75904948,290.873570964,271.146387411,295.094409933,0.505401132447,0.487961986488,0.918846234576,76800
8,21,ADD_21_X4_ACC2,5Z0,810.766653646,216.776266276,243.932845745,210.965829698,0.517080222292,0.548513349987,1.15626708882,76800
9,21,ADD_21_X4_ACC2,5Z0,1108.13613281,267.503385417,262.592013889,268.554225152,0.491324118097,0.486792859217,0.977798855112,76800
10,21,ADD_21_X4_ACC2,5Z0,945.962929688,242.495481771,258.389886229,239.09470631,0.506307973386,0.52263765496,1.08070099174,76800
1,22,ADD_22_X4_ACC3,5L8,1.53153645833,0.861533203125,0.821919326241,0.870009009863,0.750019128831,0.73257303079,0.944725074019,76800
2,22,ADD_22_X4_ACC3,5L8,1.494921875,0.863453776042,0.897587913712,0.856150417299,0.759994235305,0.774870718265,1.04839978533,76800
3,22,ADD_22_X4_ACC3,5L8,1.84046875,0.896572265625,0.908928043735,0.893928616591,0.697956612712,0.702749471544,1.01677922248,76800
4,22,ADD_22_X4_ACC3,5L8,1.595,0.902897135417,0.883606678487,0.907024532119,0.752382687683,0.744301940318,0.974181675573,76800
5,22,ADD_22_X4_ACC3,5L8,1.60885416667,0.862760416667,0.819296690307,0.872059939302,0.732296175446,0.713612190545,0.93949584585,76800
6,22,ADD_22_X4_ACC3,5L8,1.54897135417,0.843548177083,0.851359338061,0.841876896813,0.737960731207,0.741369574584,1.01126345346,76800
7,22,ADD_22_X4_ACC3,5L8,1.630625,0.90962890625,0.942966903073,0.902495890238,0.746887305929,0.76045089732,1.04484343172,76800
8,22,ADD_22_X4_ACC3,5L8,1.97692708333,0.906822916667,0.854240543735,0.918073469904,0.677276361236,0.657347119806,0.930470786639,76800
9,22,ADD_22_X4_ACC3,5L8,1.6528125,0.973968098958,0.92045286643,0.985418247344,0.767645258621,0.746257970866,0.934073292137,76800
10,22,ADD_22_X4_ACC3,5L8,1.63479166667,0.933961588542,0.892785904255,0.942771560445,0.755845966714,0.738996624667,0.946980097525,76800
1,22,ADD_22_X4_ACC3,5PD,91.6532421875,23.6493815104,23.3999519799,23.702749589,0.507967559194,0.505281696895,0.987225211658,76800
2,22,ADD_22_X4_ACC3,5PD,89.2344270833,22.6436848958,22.3854351359,22.6989401555,0.503741036598,0.500860232246,0.98618856134,76800
3,22,ADD_22_X4_ACC3,5PD,86.9892317708,22.9911490885,22.8491245567,23.021536735,0.514099984892,0.512509635522,0.992510831045,76800
4,22,ADD_22_X4_ACC3,5PD,89.3245572917,22.916015625,22.530418883,22.9985181146,0.506505445215,0.502226005412,0.979646548127,76800
5,22,ADD_22_X4_ACC3,5PD,86.7577994792,23.1626106771,23.2942154255,23.1344524532,0.516701223273,0.518167034235,1.00690584628,76800
6,22,ADD_22_X4_ACC3,5PD,88.4472916667,22.9544205729,23.6682365544,22.8016921156,0.509437485116,0.51729785921,1.03800351458,76800
7,22,ADD_22_X4_ACC3,5PD,89.6591145833,23.4508919271,22.8857675827,23.5718062405,0.511425595771,0.505225798195,0.970895795987,76800
8,22,ADD_22_X4_ACC3,5PD,82.9778645833,22.2933821615,23.0193188534,22.1380603503,0.518330605864,0.526702169493,1.03980739456,76800
9,22,ADD_22_X4_ACC3,5PD,89.5547005208,22.7924902344,22.6252031619,22.8282830678,0.504488993647,0.50263421798,0.991104021917,76800
10,22,ADD_22_X4_ACC3,5PD,89.5354557292,23.3023697917,23.5341312057,23.2527819929,0.510155438403,0.512686121228,1.01209959362,76800
1,22,ADD_22_X4_ACC3,5PN,89.9976041667,21.9402832031,21.0380836288,22.1333183169,0.493748330823,0.483490131869,0.950516471486,76800
2,22,ADD_22_X4_ACC3,5PN,88.288125,22.1172688802,21.9794067671,22.1467659332,0.50051212408,0.498949781059,0.992443178088,76800
3,22,ADD_22_X4_ACC3,5PN,90.0735546875,21.073828125,20.6634160757,21.1616401113,0.483696634625,0.47896348953,0.976456265535,76800
4,22,ADD_22_X4_ACC3,5PN,92.3413411458,22.5280501302,21.6359338061,22.7189278263,0.493928075831,0.484049452355,0.952330760131,76800
5,22,ADD_22_X4_ACC3,5PN,87.3282161458,20.3385514323,21.13709737,20.1676941072,0.482594885036,0.491977656637,1.04806713438,76800
6,22,ADD_22_X4_ACC3,5PN,88.74625,21.7069954427,21.9193077719,21.6615689808,0.494566678208,0.49697942802,1.01189843595,76800
7,22,ADD_22_X4_ACC3,5PN,86.7440885417,20.6223990885,20.1800938239,20.7170349646,0.487584228669,0.482327080744,0.974082143432,76800
8,22,ADD_22_X4_ACC3,5PN,87.8634375,19.8921484375,20.4298167849,19.7771086242,0.475813489763,0.482201037885,1.03300321463,76800
9,22,ADD_22_X4_ACC3,5PN,89.4612109375,22.3371582031,22.0276854314,22.4033731664,0.499685300581,0.496211753222,0.983230751361,76800
10,22,ADD_22_X4_ACC3,5PN,86.8824348958,20.3771419271,20.3284205083,20.3875663885,0.484290158215,0.483710846735,0.997098923968,76800
1,22,ADD_22_X4_ACC3,5QC,0.411484375,0.547838541667,0.52918144208,0.551830424886,1.15385069753,1.13403283237,0.958956625468,76800
2,22,ADD_22_X4_ACC3,5QC,0.434361979167,0.553089192708,0.528461140662,0.558358624178,1.12842236352,1.10301299044,0.946454693771,76800
3,22,ADD_22_X4_ACC3,5QC,0.314973958333,0.4477734375,0.511414007092,0.434156866464,1.19231728342,1.27423340189,1.17794752679,76800
4,22,ADD_22_X4_ACC3,5QC,0.408776041667,0.522965494792,0.50051713948,0.527768557157,1.13108124344,1.10653908846,0.948364832825,76800
5,22,ADD_22_X4_ACC3,5QC,0.374010416667,0.552408854167,0.550975177305,0.552715604451,1.21531390377,1.21373581593,0.996851134411,76800
6,22,ADD_22_X4_ACC3,5QC,0.401666666667,0.518984375,0.552859042553,0.511736532625,1.13669577379,1.17320610042,1.08035875359,76800
7,22,ADD_22_X4_ACC3,5QC,0.387734375,0.529124348958,0.543827570922,0.525978439555,1.16818525654,1.18430471426,1.0339351008,76800
8,22,ADD_22_X4_ACC3,5QC,0.263697916667,0.383870442708,0.512891548463,0.356265016439,1.20653239603,1.39463134522,1.43963489199,76800
9,22,ADD_22_X4_ACC3,5QC,0.439375,0.527229817708,0.513667257683,0.53013167046,1.09542414886,1.08124290494,0.968942785924,76800
10,22,ADD_22_X4_ACC3,5QC,0.3890625,0.563860677083,0.550180998818,0.566787588518,1.20386064607,1.1891677074,0.970700505732,76800
1,22,ADD_22_X4_ACC3,5QT,0.347734375,0.365608723958,0.359652039007,0.366883219525,1.02537910384,1.01699179971,0.980290239145,76800
2,22,ADD_22_X4_ACC3,5QT,0.3358984375,0.373102213542,0.376071217494,0.372466963834,1.05392552061,1.05811057836,1.00967670695,76800
3,22,ADD_22_X4_ACC3,5QT,0.395247395833,0.359117838542,0.367723108747,0.357276650228,0.953199883613,0.964552681916,1.02923913027,76800
4,22,ADD_22_X4_ACC3,5QT,0.351536458333,0.365550130208,0.364657210402,0.365741179818,1.01973725244,1.01849104811,0.997036239076,76800
5,22,ADD_22_X4_ACC3,5QT,0.370598958333,0.366634114583,0.353852689125,0.369368835357,0.994636378201,0.977145312639,0.957992811664,76800
6,22,ADD_22_X4_ACC3,5QT,0.348450520833,0.370602213542,0.378749261229,0.368859066768,1.0312962664,1.04257027432,1.02681293576,76800
7,22,ADD_22_X4_ACC3,5QT,0.361861979167,0.367721354167,0.340868794326,0.373466742539,1.00806363513,0.970559455871,0.912715258145,76800
8,22,ADD_22_X4_ACC3,5QT,0.410481770833,0.338733723958,0.356216755319,0.334993045018,0.908410783002,0.931558717103,1.06335567444,76800
9,22,ADD_22_X4_ACC3,5QT,0.332916666667,0.367561848958,0.367390661939,0.367598476227,1.05074527309,1.0505005593,0.999434670428,76800
10,22,ADD_22_X4_ACC3,5QT,0.359674479167,0.374381510417,0.371583185579,0.374980241528,1.0202400885,1.01642003061,0.990940706808,76800
1,22,ADD_22_X4_ACC3,5TE,19.4532161458,5.4146484375,5.28051122931,5.44334850784,0.527581339082,0.521005465393,0.970085090401,76800
2,22,ADD_22_X4_ACC3,5TE,19.148984375,5.41588541667,5.38689420804,5.4220883915,0.531816565911,0.530391250162,0.993509109235,76800
3,22,ADD_22_X4_ACC3,5TE,20.4147005208,5.40453450521,5.39391252955,5.40680718892,0.514526373098,0.514020503944,0.99761510649,76800
4,22,ADD_22_X4_ACC3,5TE,19.3202604167,5.37627604167,5.36312426123,5.37909000379,0.527514366232,0.526868751949,0.997031887819,76800
5,22,ADD_22_X4_ACC3,5TE,19.5515364583,5.35960611979,5.3829233156,5.35461715984,0.523571491437,0.524709165496,1.00528630804,76800
6,22,ADD_22_X4_ACC3,5TE,19.2758072917,5.38368489583,5.36748300827,5.38715146055,0.528486050567,0.527690227305,0.996349007,76800
7,22,ADD_22_X4_ACC3,5TE,19.1818489583,5.24599609375,5.20877659574,5.25395959788,0.522960332353,0.521101870416,0.991400199927,76800
8,22,ADD_22_X4_ACC3,5TE,20.4272786458,5.18711263021,5.18979018913,5.18653973824,0.503915343871,0.504045386251,1.00062670895,76800
9,22,ADD_22_X4_ACC3,5TE,18.9223567708,5.35415364583,5.31434692671,5.3626707132,0.531934062803,0.529952979049,0.99098885815,76800
10,22,ADD_22_X4_ACC3,5TE,18.91046875,5.22707682292,5.18648419031,5.23576204476,0.525748805211,0.523703386309,0.990588217334,76800
1,22,ADD_22_X4_ACC3,5SB,248.116458333,57.3385677083,54.5125591017,57.9432220536,0.480723810474,0.468727569619,0.94079267893,76800
2,22,ADD_22_X4_ACC3,5SB,241.5928125,58.4278515625,57.6151743499,58.6017324229,0.491776706158,0.488344651309,0.983165035705,76800
3,22,ADD_22_X4_ACC3,5SB,264.306601563,56.8090201823,56.2301270686,56.9328804691,0.463611973864,0.461243784819,0.987656458012,76800
4,22,ADD_22_X4_ACC3,5SB,263.369401042,61.3452864583,60.2245124113,61.5850878857,0.482622918264,0.478193852031,0.977907387631,76800
5,22,ADD_22_X4_ACC3,5SB,257.335611979,53.7689550781,55.594858156,53.3782838581,0.457104874675,0.464801335954,1.04152576924,76800
6,22,ADD_22_X4_ACC3,5SB,238.544322917,55.324280599,55.0527112884,55.382385717,0.481585436458,0.480402007477,0.994047305397,76800
7,22,ADD_22_X4_ACC3,5SB,243.719453125,53.934375,49.4983562352,54.8835079982,0.470422112382,0.450661326802,0.901880328729,76800
8,22,ADD_22_X4_ACC3,5SB,253.65671875,52.6935970052,52.0271498227,52.8361904084,0.455780497105,0.452889062418,0.984687757018,76800
9,22,ADD_22_X4_ACC3,5SB,244.998151042,59.3065820313,58.7535091608,59.4249178048,0.492005598142,0.489706086626,0.988701563775,76800
10,22,ADD_22_X4_ACC3,5SB,240.238268229,52.0035026042,51.1628065898,52.1833783827,0.465259450686,0.461483402268,0.980442588724,76800
1,22,ADD_22_X4_ACC3,5Z0,867.497005208,223.034104818,206.666703605,226.536082922,0.507051003557,0.488091521942,0.912290443708,76800
2,22,ADD_22_X4_ACC3,5Z0,688.873567708,173.386988932,234.586011377,160.292812658,0.501693520209,0.583554328823,1.4634842791,76800
3,22,ADD_22_X4_ACC3,5Z0,1211.10645833,305.615172526,253.164431885,316.837561646,0.502338304774,0.4572041722,0.799035412878,76800
4,22,ADD_22_X4_ACC3,5Z0,1428.82614583,341.365859375,300.841275118,350.03652156,0.488787789114,0.458858748242,0.859456818326,76800
5,22,ADD_22_X4_ACC3,5Z0,884.297643229,227.580976563,189.799848552,235.664647351,0.507304534866,0.463285488492,0.805381081489,76800
6,22,ADD_22_X4_ACC3,5Z0,651.389960937,162.87171224,201.874150414,154.526729262,0.500037183724,0.556698210733,1.30640279114,76800
7,22,ADD_22_X4_ACC3,5Z0,1119.38795573,273.260784505,297.970800089,267.973816072,0.494081213009,0.515936839172,1.11193998151,76800
8,22,ADD_22_X4_ACC3,5Z0,816.855572917,215.706142578,134.217808067,233.141431146,0.513876335058,0.405352105171,0.575692648912,76800
9,22,ADD_22_X4_ACC3,5Z0,1324.50467448,330.737760417,305.461214539,336.145943981,0.499706666064,0.480232214259,0.908716050301,76800
10,22,ADD_22_X4_ACC3,5Z0,798.042447917,203.759475911,170.454528664,210.885420618,0.505296059442,0.462158852275,0.80828028872,76800
1,23,ADD_23_X5_ACC1,5L8,1.714453125,1.08159830729,1.12023492908,1.07333159459,0.794273716958,0.808335676598,1.04369882963,76800
2,23,ADD_23_X5_ACC1,5L8,1.6350390625,1.07138671875,1.04659796099,1.0766905349,0.809485479502,0.800066112276,0.972050860545,76800
3,23,ADD_23_X5_ACC1,5L8,2.09796875,0.828229166667,0.966108894799,0.798728344714,0.628312576451,0.678599496123,1.20955879579,76800
4,23,ADD_23_X5_ACC1,5L8,1.74645833333,1.0383203125,0.9817893026,1.05041571826,0.771057135707,0.749773408252,0.934667375528,76800
5,23,ADD_23_X5_ACC1,5L8,1.84690104167,1.03203450521,1.06835475768,1.02426340415,0.747524266975,0.760564290883,1.04304688946,76800
6,23,ADD_23_X5_ACC1,5L8,1.80657552083,0.997581380208,1.06866873522,0.982371490895,0.743098024275,0.769118913637,1.08784583544,76800
7,23,ADD_23_X5_ACC1,5L8,1.80102864583,1.00982421875,1.02663268322,1.00622787051,0.748794388109,0.755000488821,1.0202785207,76800
8,23,ADD_23_X5_ACC1,5L8,2.43875,0.724381510417,0.950465425532,0.676008472433,0.545004435879,0.624287329375,1.40599632148,76800
9,23,ADD_23_X5_ACC1,5L8,1.62272135417,1.08334960937,1.11382609338,1.07682884421,0.81707578505,0.828488945958,1.03435759487,76800
10,23,ADD_23_X5_ACC1,5L8,1.77446614583,1.03740559896,1.03056663712,1.03886886697,0.764610811784,0.762086345553,0.992008394785,76800
1,23,ADD_23_X5_ACC1,5PD,75.724140625,19.3801692708,19.1592789598,19.4274310824,0.505896420234,0.50300511775,0.986197242368,76800
2,23,ADD_23_X5_ACC1,5PD,78.682734375,20.5722916667,19.5478908097,20.7914730336,0.51133040112,0.49843695041,0.94018787308,76800
3,23,ADD_23_X5_ACC1,5PD,57.8320442708,13.9058658854,16.5102135047,13.3486382461,0.490359672334,0.534308487028,1.23684627603,76800
4,23,ADD_23_X5_ACC1,5PD,70.9412239583,17.9407389323,17.1462581265,18.1107264795,0.50288748143,0.491626563025,0.946746015179,76800
5,23,ADD_23_X5_ACC1,5PD,68.5212109375,16.6937760417,19.0381020981,16.192182758,0.493588209163,0.527107640068,1.17575884504,76800
6,23,ADD_23_X5_ACC1,5PD,71.8988020833,18.698610026,20.086768617,18.4015988556,0.509969067844,0.528559899402,1.09157735557,76800
7,23,ADD_23_X5_ACC1,5PD,72.4528645833,18.176077474,18.5418882979,18.0978083902,0.500866865422,0.505881968404,1.02453777264,76800
8,23,ADD_23_X5_ACC1,5PD,48.2576432292,11.8513020833,17.1594267139,10.7155728376,0.495564262659,0.596304838039,1.60135412021,76800
9,23,ADD_23_X5_ACC1,5PD,78.0464973958,20.4304915365,20.5411679965,20.4068111406,0.511637889757,0.513021845403,1.00658392215,76800
10,23,ADD_23_X5_ACC1,5PD,73.087734375,18.1569986979,17.7649416371,18.2408834408,0.498424958584,0.493014443584,0.973907963107,76800
1,23,ADD_23_X5_ACC1,5PN,95.7179947917,24.9589127604,25.3946697695,24.8656779527,0.510641415805,0.515079764976,1.02127397523,76800
2,23,ADD_23_X5_ACC1,5PN,87.9425911458,22.8474739583,24.2852024232,22.5398567906,0.509705672326,0.525498202836,1.07743374986,76800
3,23,ADD_23_X5_ACC1,5PN,130.636158854,32.7963704427,28.9162418735,33.626564871,0.501050143121,0.470477895019,0.859922563736,76800
4,23,ADD_23_X5_ACC1,5PN,104.273020833,26.6667871094,28.0197621158,26.3773038379,0.505707470445,0.518377620979,1.06226786058,76800
5,23,ADD_23_X5_ACC1,5PN,109.043098958,28.1485872396,24.8169880319,28.861418026,0.508076617739,0.47706267924,0.859867245938,76800
6,23,ADD_23_X5_ACC1,5PN,100.714231771,24.7011328125,23.3783244681,24.9841616085,0.495236919158,0.481793868592,0.935725794382,76800
7,23,ADD_23_X5_ACC1,5PN,100.306705729,26.2620572917,25.6844525709,26.3856419133,0.511681115002,0.506022902191,0.973425344563,76800
8,23,ADD_23_X5_ACC1,5PN,151.981432292,38.1431542969,28.6470338357,40.1749494183,0.500971518523,0.434154757073,0.713057122672,76800
9,23,ADD_23_X5_ACC1,5PN,87.1121744792,22.5137923177,22.2960992908,22.5603700367,0.508375837001,0.505912042806,0.988286063329,76800
10,23,ADD_23_X5_ACC1,5PN,102.81640625,26.6180761719,26.9062684693,26.5564143905,0.508811738172,0.511558759656,1.01317399532,76800
1,23,ADD_23_X5_ACC1,5QC,0.4184765625,0.692513020833,0.701869089835,0.690511191199,1.28640702175,1.29506774959,1.01644853665,76800
2,23,ADD_23_X5_ACC1,5QC,0.437578125,0.71642578125,0.700594710402,0.719813005817,1.27955159192,1.26533530421,0.973300988923,76800
3,23,ADD_23_X5_ACC1,5QC,0.324791666667,0.544876302083,0.620124113475,0.528776239251,1.2952288848,1.38177353584,1.17275336417,76800
4,23,ADD_23_X5_ACC1,5QC,0.414309895833,0.673479817708,0.633865248227,0.681955772635,1.27496904174,1.23690349818,0.929481461498,76800
5,23,ADD_23_X5_ACC1,5QC,0.387044270833,0.646764322917,0.687315307329,0.63808801214,1.29268498976,1.33259348751,1.0771481273,76800
6,23,ADD_23_X5_ACC1,5QC,0.406770833333,0.6584375,0.692523640662,0.651144410723,1.2722790504,1.30479534655,1.06354846829,76800
7,23,ADD_23_X5_ACC1,5QC,0.3988671875,0.646731770833,0.613918439716,0.653752529084,1.27335043998,1.24062687156,0.939068550259,76800
8,23,ADD_23_X5_ACC1,5QC,0.242434895833,0.431236979167,0.604646867612,0.394134104704,1.33370700316,1.57925891693,1.53411455744,76800
9,23,ADD_23_X5_ACC1,5QC,0.4391796875,0.721829427083,0.736979166667,0.718587980526,1.28202403974,1.29540772594,1.02559350648,76800
10,23,ADD_23_X5_ACC1,5QC,0.4084375,0.663020833333,0.66264036643,0.66310223824,1.27409198255,1.27372636856,0.999303468178,76800
1,23,ADD_23_X5_ACC1,5QT,0.389427083333,0.471194661458,0.467401743499,0.472006196257,1.09998586566,1.09554970957,0.990244931538,76800
2,23,ADD_23_X5_ACC1,5QT,0.364049479167,0.483792317708,0.463578605201,0.488117254679,1.15278754833,1.12844782863,0.949727961379,76800
3,23,ADD_23_X5_ACC1,5QT,0.490442708333,0.42486328125,0.414080969267,0.427170270612,0.930744456866,0.918858198348,0.969358117251,76800
4,23,ADD_23_X5_ACC1,5QT,0.397421875,0.452610677083,0.432106973995,0.456997660597,1.06717713934,1.04272492242,0.945534323808,76800
5,23,ADD_23_X5_ACC1,5QT,0.429348958333,0.40955078125,0.460955969267,0.39855209914,0.976671854662,1.03615449385,1.15657644323,76800
6,23,ADD_23_X5_ACC1,5QT,0.414192708333,0.481253255208,0.47798463357,0.48195261128,1.07791773023,1.07425094142,0.991766871642,76800
7,23,ADD_23_X5_ACC1,5QT,0.41125,0.43490234375,0.436003989362,0.434666635053,1.02835465569,1.02965628799,1.00307673559,76800
8,23,ADD_23_X5_ACC1,5QT,0.577174479167,0.4224609375,0.43724143026,0.419298495195,0.855538817981,0.870376372989,1.04279274853,76800
9,23,ADD_23_X5_ACC1,5QT,0.3611328125,0.485628255208,0.483950206856,0.485987291351,1.15962748039,1.15762224814,0.995808358507,76800
10,23,ADD_23_X5_ACC1,5QT,0.4058984375,0.437412109375,0.424645390071,0.440143683612,1.03809407244,1.02283249543,0.964788104161,76800
1,23,ADD_23_X5_ACC1,5TE,24.8679817708,7.11981770833,7.14223182624,7.11502197142,0.535074392411,0.535915972686,1.00382428261,76800
2,23,ADD_23_X5_ACC1,5TE,22.7279296875,6.62761067708,6.89345079787,6.57073137962,0.540005963433,0.550729577699,1.04911468748,76800
3,23,ADD_23_X5_ACC1,5TE,34.0077083333,8.92892252604,8.04707816194,9.11760242792,0.512402032475,0.486441284064,0.882587086414,76800
4,23,ADD_23_X5_ACC1,5TE,26.6971744792,7.51157877604,7.81861332742,7.4458854957,0.530435965528,0.541168136513,1.05005822772,76800
5,23,ADD_23_X5_ACC1,5TE,28.8071223958,8.10617513021,7.46372635934,8.24363382018,0.530466609487,0.509011876219,0.905392757871,76800
6,23,ADD_23_X5_ACC1,5TE,26.7367447917,7.27275716146,6.86236702128,7.36056446004,0.52154919331,0.506620437457,0.93231532154,76800
7,23,ADD_23_X5_ACC1,5TE,26.4552213542,7.57102213542,7.42798832742,7.60162572711,0.534960305404,0.529882902393,0.977157859921,76800
8,23,ADD_23_X5_ACC1,5TE,39.0221875,9.76875976562,7.81914893617,10.1858995637,0.500338484863,0.447634897916,0.767644417388,76800
9,23,ADD_23_X5_ACC1,5TE,22.3954947917,6.56900390625,6.40473552009,6.60415085989,0.541588493848,0.534773981548,0.969804545047,76800
10,23,ADD_23_X5_ACC1,5TE,26.7595442708,7.56757161458,7.73023788416,7.53276745068,0.53178846559,0.537473520542,1.02621485859,76800
1,23,ADD_23_X5_ACC1,5SB,360.306028646,87.8411783854,88.5791777482,87.6832756386,0.493757052882,0.495826869299,1.01021747994,76800
2,23,ADD_23_X5_ACC1,5SB,339.377330729,81.3433105469,83.7578125,80.82670239,0.489575309349,0.496788173391,1.03626413083,76800
3,23,ADD_23_X5_ACC1,5SB,507.916497396,120.521966146,103.116799645,124.245985078,0.487121102959,0.450576516694,0.829940698529,76800
4,23,ADD_23_X5_ACC1,5SB,407.202682292,95.2550455729,99.2883976064,94.3920673685,0.483658338399,0.493791870678,1.051872264,76800
5,23,ADD_23_X5_ACC1,5SB,419.206028646,102.525257161,89.5377142435,105.304078939,0.494540283902,0.4621566876,0.850277739909,76800
6,23,ADD_23_X5_ACC1,5SB,394.505117187,88.59734375,83.9026669622,89.6018193601,0.473897077327,0.461170546404,0.936394679944,76800
7,23,ADD_23_X5_ACC1,5SB,384.152213542,93.5733951823,90.5249335106,94.2256457069,0.493542462644,0.485436510508,0.960725000413,76800
8,23,ADD_23_X5_ACC1,5SB,590.26765625,143.326106771,104.028922872,151.734153705,0.492763077285,0.419809785551,0.685599914931,76800
9,23,ADD_23_X5_ACC1,5SB,342.152825521,81.7587304688,79.8735039894,82.1620945561,0.488829046715,0.483160367713,0.97214542084,76800
10,23,ADD_23_X5_ACC1,5SB,380.466497396,92.3860449219,93.7428893322,92.0957337506,0.492770814107,0.496376208521,1.0178852539,76800
1,23,ADD_23_X5_ACC1,5Z0,291.099804688,73.8604329427,71.4046985816,74.3858632081,0.503715097055,0.495270474218,0.959922967913,76800
2,23,ADD_23_X5_ACC1,5Z0,343.579335937,87.8646289063,85.2405437352,88.4260796029,0.505700661343,0.498092024354,0.963975154366,76800
3,23,ADD_23_X5_ACC1,5Z0,187.894934896,46.5101595052,63.9672909279,42.7750221295,0.497526683582,0.583473911802,1.49543560104,76800
4,23,ADD_23_X5_ACC1,5Z0,271.03,66.897093099,72.4162603428,65.7162090604,0.496815275747,0.516903370779,1.10195431809,76800
5,23,ADD_23_X5_ACC1,5Z0,195.749127604,48.7463313802,70.6565085697,44.0584178996,0.499023560631,0.600794805477,1.60370053983,76800
6,23,ADD_23_X5_ACC1,5Z0,270.423632812,67.7046223958,82.3825723995,64.5641201947,0.500364902223,0.551944427478,1.27598071732,76800
7,23,ADD_23_X5_ACC1,5Z0,248.619088542,61.9753222656,59.0401891253,62.6033249557,0.4992776919,0.487311471569,0.943083920335,76800
8,23,ADD_23_X5_ACC1,5Z0,139.413385417,34.9652766927,49.8947990544,31.7709479325,0.500802222951,0.598239937217,1.57045358421,76800
9,23,ADD_23_X5_ACC1,5Z0,322.707773438,82.2866536458,90.6812943262,80.49053174,0.504963499746,0.530095529569,1.12660821547,76800
10,23,ADD_23_X5_ACC1,5Z0,275.603489583,68.7468847656,68.0417405437,68.8977578085,0.499440958589,0.496872946595,0.987575542484,76800
1,24,ADD_24_X5_ACC2,5L8,1.91518229167,1.13261067708,1.15704417849,1.12738287178,0.769015807376,0.77726643188,1.02630987879,76800
2,24,ADD_24_X5_ACC2,5L8,1.7073828125,1.14238932292,1.10859929078,1.14961905665,0.81797798467,0.805789948369,0.964318818799,76800
3,24,ADD_24_X5_ACC2,5L8,2.551796875,0.87828125,1.02847960993,0.846144726859,0.586669830279,0.634855362572,1.21548900239,76800
4,24,ADD_24_X5_ACC2,5L8,2.00171875,1.119921875,1.05158466312,1.13454334219,0.747984046795,0.724804019548,0.926879233273,76800
5,24,ADD_24_X5_ACC2,5L8,2.3358203125,1.08018880208,1.18177452719,1.05845346485,0.680033206311,0.711291464075,1.1165106133,76800
6,24,ADD_24_X5_ACC2,5L8,1.92716145833,1.06625325521,1.12978354019,1.05266028073,0.743825622277,0.765664604581,1.07326509879,76800
7,24,ADD_24_X5_ACC2,5L8,2.094921875,1.03293294271,1.02626329787,1.03435998356,0.702185970859,0.699915293156,0.992172274819,76800
8,24,ADD_24_X5_ACC2,5L8,2.9565234375,0.655240885417,0.98191858747,0.585344745827,0.470771140029,0.576297953707,1.67750474309,76800
9,24,ADD_24_X5_ACC2,5L8,1.6862109375,1.15692708333,1.1704713357,1.1540291477,0.828317893061,0.833152381872,1.01424763667,76800
10,24,ADD_24_X5_ACC2,5L8,2.10294270833,1.08599934896,1.07943631797,1.08740357865,0.718622915481,0.716448194259,0.992673133651,76800
1,24,ADD_24_X5_ACC2,5PD,84.825546875,19.3343326823,18.5745604314,19.4968939681,0.47742071565,0.467946214489,0.952693309088,76800
2,24,ADD_24_X5_ACC2,5PD,101.536458333,22.6138053385,20.1130688534,23.148864283,0.471928080438,0.445069839271,0.868857694595,76800
3,24,ADD_24_X5_ACC2,5PD,52.452734375,12.177828776,14.7156102246,11.634843671,0.481837797757,0.529669629139,1.26478796284,76800
4,24,ADD_24_X5_ACC2,5PD,76.9443880208,17.4157389323,15.0731382979,17.9169630438,0.475754032451,0.442601994869,0.841277523488,76800
5,24,ADD_24_X5_ACC2,5PD,56.4879947917,13.4528841146,18.0346298759,12.4725712886,0.488011011263,0.565035243895,1.44594321881,76800
6,24,ADD_24_X5_ACC2,5PD,84.2346875,19.0934960938,20.9094082447,18.7049625379,0.476098972102,0.498224851649,1.11785352161,76800
7,24,ADD_24_X5_ACC2,5PD,72.4401432292,16.3254264323,15.8605570331,16.4248901429,0.474725561592,0.46791780147,0.965641589996,76800
8,24,ADD_24_X5_ACC2,5PD,36.4901953125,8.53522135417,14.9743831265,7.15749478376,0.483636757014,0.64059917692,2.0921263066,76800
9,24,ADD_24_X5_ACC2,5PD,98.7072135417,22.0415722656,22.4615469858,21.9517142451,0.472548989793,0.477029663454,1.0232251903,76800
10,24,ADD_24_X5_ACC2,5PD,72.0466666667,16.5202734375,15.3671690307,16.7669922863,0.478852401124,0.461838344735,0.916513156823,76800
1,24,ADD_24_X5_ACC2,5PN,142.601692708,38.548844401,38.7760416667,38.50023315,0.519928161636,0.521458074112,1.00716381419,76800
2,24,ADD_24_X5_ACC2,5PN,132.518658854,36.5144954427,37.9056405142,36.2168452833,0.524921227795,0.534827098388,1.04663010314,76800
3,24,ADD_24_X5_ACC2,5PN,178.511132812,45.5055436198,42.258643617,46.2002521181,0.504893175463,0.486547363633,0.914684264254,76800
4,24,ADD_24_X5_ACC2,5PN,147.741510417,39.1264746094,40.5777925532,38.8159498293,0.514616956501,0.524074394759,1.04538965893,76800
5,24,ADD_24_X5_ACC2,5PN,167.258359375,43.4186295573,38.9116984338,44.3829350025,0.509499942691,0.482332112868,0.876726571408,76800
6,24,ADD_24_X5_ACC2,5PN,143.549361979,37.2071647135,36.9736074173,37.2571367602,0.509111204585,0.50751078937,0.992389932033,76800
7,24,ADD_24_X5_ACC2,5PN,153.327916667,40.6502571615,39.9663674645,40.7965825746,0.514897794164,0.510548166849,0.979649885905,76800
8,24,ADD_24_X5_ACC2,5PN,200.945546875,50.5555859375,42.1165964835,52.3611967312,0.50158597085,0.457812283261,0.804347477001,76800
9,24,ADD_24_X5_ACC2,5PN,132.520859375,36.5634440104,35.9997414303,36.6840541224,0.525268583669,0.521203794642,0.981345772475,76800
10,24,ADD_24_X5_ACC2,5PN,153.067526042,40.169749349,40.7844636525,40.0382247408,0.512280741459,0.516185554022,1.01863816182,76800
1,24,ADD_24_X5_ACC2,5QC,0.426341145833,0.765065104167,0.792497783688,0.75919559307,1.33958591566,1.36339094136,1.04386510001,76800
2,24,ADD_24_X5_ACC2,5QC,0.438697916667,0.760182291667,0.765163268322,0.759116559181,1.31636427768,1.32066987272,1.00796545546,76800
3,24,ADD_24_X5_ACC2,5QC,0.331328125,0.619189453125,0.706948138298,0.600412556904,1.36704441116,1.46071209779,1.17743729735,76800
4,24,ADD_24_X5_ACC2,5QC,0.42109375,0.746829427083,0.707797724586,0.755180671472,1.33174573076,1.29647809463,0.937256144554,76800
5,24,ADD_24_X5_ACC2,5QC,0.3921484375,0.756399739583,0.766973256501,0.754137424127,1.38883432284,1.39850771315,1.01702054819,76800
6,24,ADD_24_X5_ACC2,5QC,0.4114453125,0.708414713542,0.741337913712,0.701370447648,1.3121628171,1.34230759132,1.05698481622,76800
7,24,ADD_24_X5_ACC2,5QC,0.3994921875,0.701832682292,0.669363179669,0.70877987481,1.32544786148,1.29442461864,0.944387959445,76800
8,24,ADD_24_X5_ACC2,5QC,0.248489583333,0.492805989583,0.697547281324,0.448999430956,1.4082634082,1.67545485876,1.55355938834,76800
9,24,ADD_24_X5_ACC2,5QC,0.442578125,0.750966796875,0.763999704492,0.748178268842,1.30261296231,1.3138676604,1.02114661212,76800
10,24,ADD_24_X5_ACC2,5QC,0.412578125,0.743046875,0.754894355792,0.740511981538,1.34200769819,1.35266418189,1.0194222033,76800
1,24,ADD_24_X5_ACC2,5QT,0.41578125,0.348499348958,0.339446660757,0.350436267071,0.915521473852,0.903552350654,0.968640214075,76800
2,24,ADD_24_X5_ACC2,5QT,0.373671875,0.341666666667,0.352393617021,0.339371522509,0.956216205686,0.971110860371,1.03837120574,76800
3,24,ADD_24_X5_ACC2,5QT,0.575078125,0.395068359375,0.359227245863,0.402736943601,0.828843813788,0.790353189562,0.891964970111,76800
4,24,ADD_24_X5_ACC2,5QT,0.4295703125,0.353938802083,0.375757239953,0.349270517198,0.907709662424,0.9352690195,1.07583440757,76800
5,24,ADD_24_X5_ACC2,5QT,0.503046875,0.36544921875,0.340277777778,0.370834914011,0.852332975888,0.822455797401,0.917599084984,76800
6,24,ADD_24_X5_ACC2,5QT,0.423606770833,0.351595052083,0.332040484634,0.355778958017,0.911045213577,0.885348127214,0.93327746667,76800
7,24,ADD_24_X5_ACC2,5QT,0.458958333333,0.343854166667,0.337839834515,0.345140996459,0.865566651788,0.857963471811,0.978845857143,76800
8,24,ADD_24_X5_ACC2,5QT,0.690611979167,0.44326171875,0.368757387707,0.45920270612,0.80114856557,0.730723898464,0.803038359294,76800
9,24,ADD_24_X5_ACC2,5QT,0.368802083333,0.3352734375,0.333296394799,0.335696446636,0.953460906109,0.950645562189,0.992850529512,76800
10,24,ADD_24_X5_ACC2,5QT,0.4528125,0.353098958333,0.353963504728,0.352913979514,0.88305756337,0.884137965155,1.00297388393,76800
1,24,ADD_24_X5_ACC2,5TE,28.03875,7.138125,7.31286938534,7.10073659585,0.504559921308,0.510698502164,1.02987475829,76800
2,24,ADD_24_X5_ACC2,5TE,22.8796614583,6.15891276042,6.87038268322,6.00668626707,0.518832567425,0.547981210026,1.14378916723,76800
3,24,ADD_24_X5_ACC2,5TE,40.4231770833,9.54456054687,8.55343158983,9.75662303996,0.485917730928,0.459996970061,0.8766795186,76800
4,24,ADD_24_X5_ACC2,5TE,29.7310286458,7.57995117187,8.26198655437,7.43402250885,0.504926583725,0.527153718393,1.11137497156,76800
5,24,ADD_24_X5_ACC2,5TE,37.65453125,8.97197916667,7.4779661643,9.29163900481,0.488130006349,0.445638932359,0.804805929334,76800
6,24,ADD_24_X5_ACC2,5TE,28.3005729167,7.03291015625,6.64400487589,7.11612054249,0.498505461834,0.484526302301,0.933655470873,76800
7,24,ADD_24_X5_ACC2,5TE,32.1699348958,7.97543294271,7.98771793735,7.97280443854,0.497911369143,0.498294701611,1.00187054617,76800
8,24,ADD_24_X5_ACC2,5TE,47.446328125,10.9206608073,8.49475472813,11.4397089972,0.479759027106,0.423130292241,0.742567379135,76800
9,24,ADD_24_X5_ACC2,5TE,23.2103125,6.30258463542,6.12496306147,6.34058864441,0.521097331654,0.513701984024,0.965992813122,76800
10,24,ADD_24_X5_ACC2,5TE,32.5067838542,7.95029947917,8.23014553783,7.89042346358,0.494543778194,0.503172335835,1.04305498631,76800
1,24,ADD_24_X5_ACC2,5SB,438.450039063,105.966595052,109.043218085,105.308319107,0.491614216464,0.498699891129,1.03546632412,76800
2,24,ADD_24_X5_ACC2,5SB,343.470260417,83.1732714844,95.2827644799,80.5823177479,0.492093153076,0.526699134656,1.18242769807,76800
3,24,ADD_24_X5_ACC2,5SB,650.496510417,152.677027995,135.913083629,156.263850689,0.484467182034,0.457096764722,0.869766635274,76800
4,24,ADD_24_X5_ACC2,5SB,482.553710938,110.99453125,126.091275118,107.764423685,0.479598659795,0.511175097408,1.17006402305,76800
5,24,ADD_24_X5_ACC2,5SB,604.899648437,145.257916667,111.370050236,152.50858308,0.490036285797,0.429084218535,0.730254310852,76800
6,24,ADD_24_X5_ACC2,5SB,449.543554687,100.956266276,95.6483820922,102.091944076,0.473893500706,0.461267574663,0.936884716598,76800
7,24,ADD_24_X5_ACC2,5SB,511.28375,122.009788411,124.66254802,121.442202516,0.488501995416,0.493783990084,1.02651751563,76800
8,24,ADD_24_X5_ACC2,5SB,760.364661458,184.006822917,135.572713505,194.369811425,0.491933050012,0.422255370651,0.697498816872,76800
9,24,ADD_24_X5_ACC2,5SB,355.085234375,84.3923144531,80.3961103723,85.2473444613,0.487511811311,0.475829334283,0.943092255605,76800
10,24,ADD_24_X5_ACC2,5SB,513.399101563,123.090735677,129.528793587,121.71324529,0.489649292705,0.502291244666,1.06421280017,76800
1,24,ADD_24_X5_ACC2,5Z0,152.671132812,33.4803613281,33.9474179965,33.3804296282,0.468291854989,0.471546917187,1.01698565221,76800
2,24,ADD_24_X5_ACC2,5Z0,157.78234375,34.9389290365,32.6911384456,35.4198675392,0.470571469801,0.455182776894,0.922960494119,76800
3,24,ADD_24_X5_ACC2,5Z0,112.773177083,24.1702246094,29.1776558806,23.0988318791,0.462953567686,0.508653797416,1.26316586195,76800
4,24,ADD_24_X5_ACC2,5Z0,146.176210938,31.629375,29.0289967494,32.185753351,0.465164919634,0.445633327869,0.901920686237,76800
5,24,ADD_24_X5_ACC2,5Z0,130.414804688,27.7374511719,31.7268210697,26.8838834092,0.461179323285,0.49323039516,1.18014278617,76800
6,24,ADD_24_X5_ACC2,5Z0,149.443502604,32.6805794271,35.2494274527,32.1309473002,0.467634296568,0.485665791777,1.09705534429,76800
7,24,ADD_24_X5_ACC2,5Z0,140.53515625,30.2366992188,30.5488327423,30.1699149595,0.463846943797,0.466234943384,1.0125594581,76800
8,24,ADD_24_X5_ACC2,5Z0,82.231953125,17.7453417969,29.3508237293,15.2622265427,0.464538680126,0.597433875732,1.92310234992,76800
9,24,ADD_24_X5_ACC2,5Z0,159.065963542,35.1299283854,35.1488068853,35.1258891313,0.469948212388,0.470074468349,1.00065244623,76800
10,24,ADD_24_X5_ACC2,5Z0,142.522591146,30.6987792969,29.7961916371,30.8918974456,0.46410761953,0.457234007928,0.964530964456,76800
1,25,ADD_25_X5_ACC3,5L8,3.23153645833,1.22434895833,1.23010859929,1.22311662241,0.615528374903,0.616974475213,1.00571652511,76800
2,25,ADD_25_X5_ACC3,5L8,3.12641927083,1.20997721354,1.21016179078,1.20993772129,0.622106854279,0.622154302439,1.00018519092,76800
3,25,ADD_25_X5_ACC3,5L8,3.52584635417,1.35472330729,1.26582816194,1.37374336115,0.619859996928,0.599177760231,0.921444425307,76800
4,25,ADD_25_X5_ACC3,5L8,3.25494791667,1.235859375,1.26078605201,1.23052604957,0.616186964249,0.622370036822,1.02459111081,76800
5,25,ADD_25_X5_ACC3,5L8,3.43592447917,1.25766601562,1.19701167258,1.270643652,0.605007638768,0.590238301212,0.942051432511,76800
6,25,ADD_25_X5_ACC3,5L8,3.27497395833,1.24106770833,1.1796320922,1.25421250632,0.615593197923,0.600163202308,0.94053606247,76800
7,25,ADD_25_X5_ACC3,5L8,3.33626302083,1.24199869792,1.23108747045,1.24433327011,0.610141308896,0.607455284806,0.989355102868,76800
8,25,ADD_25_X5_ACC3,5L8,3.75072916667,1.46695963542,1.26560653073,1.51004125569,0.625390427113,0.580886790672,0.838127121337,76800
9,25,ADD_25_X5_ACC3,5L8,3.10760416667,1.20419921875,1.22174202128,1.20044575114,0.622495652995,0.627013524029,1.01774030198,76800
10,25,ADD_25_X5_ACC3,5L8,3.34377604167,1.22720377604,1.22534352837,1.22760179565,0.605814621028,0.60535528711,0.998160423608,76800
1,25,ADD_25_X5_ACC3,5PD,71.4609765625,18.4349544271,17.8664671986,18.556588265,0.507909762842,0.500017114754,0.962809916532,76800
2,25,ADD_25_X5_ACC3,5PD,84.7982682292,21.6521809896,19.4689716312,22.1193016566,0.50530934827,0.479157195807,0.880180212445,76800
3,25,ADD_25_X5_ACC3,5PD,48.5961067708,12.6645800781,14.6352504433,12.2429343703,0.510498721063,0.548781345963,1.1954038142,76800
4,25,ADD_25_X5_ACC3,5PD,64.9925390625,16.5833203125,14.8336842494,16.9576734004,0.505130965883,0.47774127387,0.874747608307,76800
5,25,ADD_25_X5_ACC3,5PD,52.4512239583,13.7743098958,17.542036052,12.9681651492,0.512456624125,0.578311976156,1.3526999271,76800
6,25,ADD_25_X5_ACC3,5PD,68.9401822917,17.763828125,19.0162344858,17.4958625759,0.507612218817,0.525201609418,1.08689893987,76800
7,25,ADD_25_X5_ACC3,5PD,62.2682942708,16.0795377604,15.0499039598,16.2998387709,0.508163298422,0.491624343727,0.92331612425,76800
8,25,ADD_25_X5_ACC3,5PD,39.0131770833,10.2544628906,14.8292885638,9.27563069044,0.512685222194,0.616530404061,1.59873641575,76800
9,25,ADD_25_X5_ACC3,5PD,80.5676302083,20.6355729167,21.3088430851,20.4915196636,0.506090250111,0.514280006654,1.03988593501,76800
10,25,ADD_25_X5_ACC3,5PD,62.9391666667,16.321578776,15.1900487589,16.5636815567,0.509237747569,0.491268694065,0.917069596328,76800
1,25,ADD_25_X5_ACC3,5PN,73.0119401042,18.3876464844,18.7276152482,18.3149065819,0.501840986608,0.506459001882,1.02253403065,76800
2,25,ADD_25_X5_ACC3,5PN,66.3292057292,17.0701334635,18.1300790485,16.8433469272,0.507301398949,0.522814291033,1.07639408764,76800
3,25,ADD_25_X5_ACC3,5PN,95.2114583333,23.0004231771,20.7937536939,23.4725633852,0.491499753846,0.467328039257,0.885874855363,76800
4,25,ADD_25_X5_ACC3,5PN,76.006953125,18.7996907552,20.3571771572,18.4664501138,0.497334618866,0.517525932229,1.10238714164,76800
5,25,ADD_25_X5_ACC3,5PN,88.01671875,21.3361621094,18.4572990544,21.9521252213,0.492351838716,0.457932521525,0.840797821091,76800
6,25,ADD_25_X5_ACC3,5PN,74.4166536458,17.9202669271,17.5447510343,18.0006125126,0.490723853157,0.48555511835,0.974675224077,76800
7,25,ADD_25_X5_ACC3,5PN,80.286484375,19.8841796875,19.8745197991,19.8862465225,0.497659866733,0.497538968539,0.999410309862,76800
8,25,ADD_25_X5_ACC3,5PN,109.409479167,26.2706575521,20.8116134752,27.438677605,0.490013444945,0.436139478914,0.758477277032,76800
9,25,ADD_25_X5_ACC3,5PN,67.039921875,17.0863085938,16.9194001182,17.1220204224,0.504844202339,0.502372352778,0.988166098442,76800
10,25,ADD_25_X5_ACC3,5PN,79.2553385417,19.4841796875,19.9881242612,19.3763554312,0.495823150232,0.502194275199,1.03157295665,76800
1,25,ADD_25_X5_ACC3,5QC,6.8583203125,2.18628580729,2.25845892435,2.17084360774,0.564604825261,0.573848453812,1.0403600316,76800
2,25,ADD_25_X5_ACC3,5QC,5.92229166667,1.94558268229,2.14533466312,1.90284363935,0.573165379192,0.601869906151,1.12743612704,76800
3,25,ADD_25_X5_ACC3,5QC,9.64518229167,2.88494140625,2.54059544917,2.95861785534,0.54690674357,0.513230594957,0.858710240185,76800
4,25,ADD_25_X5_ACC3,5QC,7.05364583333,2.23032877604,2.42824689716,2.18798210673,0.562312346147,0.586731758625,1.10981113131,76800
5,25,ADD_25_X5_ACC3,5QC,8.69178385417,2.66084635417,2.21590573286,2.75604609256,0.553293336574,0.50491838173,0.804016209612,76800
6,25,ADD_25_X5_ACC3,5QC,6.9667578125,2.18553385417,2.02655880615,2.21954824229,0.560097213996,0.539342009107,0.91305012774,76800
7,25,ADD_25_X5_ACC3,5QC,7.7232421875,2.40115559896,2.41903073286,2.39733102554,0.557584028268,0.559655615912,1.00905161076,76800
8,25,ADD_25_X5_ACC3,5QC,11.4886979167,3.32645833333,2.54456634161,3.49375237102,0.538090889279,0.470621196861,0.728319031056,76800
9,25,ADD_25_X5_ACC3,5QC,5.873671875,1.93234700521,1.91504137116,1.93604972812,0.57357170436,0.570997543034,0.98914885467,76800
10,25,ADD_25_X5_ACC3,5QC,7.70721354167,2.38915690104,2.48062573877,2.36958617855,0.55676719672,0.567325006501,1.04686031731,76800
1,25,ADD_25_X5_ACC3,5QT,5.371328125,1.74958007812,1.80426270686,1.73788015301,0.570723914438,0.579574200179,1.03819742905,76800
2,25,ADD_25_X5_ACC3,5QT,4.773828125,1.61555664062,1.69727024232,1.59807315377,0.581738363674,0.596268832633,1.06207293347,76800
3,25,ADD_25_X5_ACC3,5QT,6.77815104167,1.98311523438,1.89173315603,2.00266739378,0.540901709828,0.528292343727,0.944606758918,76800
4,25,ADD_25_X5_ACC3,5QT,5.48083333333,1.75690755208,1.8201462766,1.74337696004,0.566175610325,0.576275090884,1.04403483487,76800
5,25,ADD_25_X5_ACC3,5QT,6.54135416667,1.98854492187,1.79260859929,2.03046756449,0.55135824237,0.523490621901,0.882855077638,76800
6,25,ADD_25_X5_ACC3,5QT,5.3765234375,1.721953125,1.68897754137,1.72900859889,0.56592631778,0.560481349558,0.976847392464,76800
7,25,ADD_25_X5_ACC3,5QT,5.89631510417,1.82319010417,1.83676861702,1.82028483814,0.556065095701,0.558131948376,1.00905560412,76800
8,25,ADD_25_X5_ACC3,5QT,7.6021875,2.09223958333,1.88227689125,2.13716331563,0.524609823621,0.49759094294,0.880736103547,76800
9,25,ADD_25_X5_ACC3,5QT,4.73295572917,1.60663085938,1.60815602837,1.60630453338,0.582628642525,0.58290512058,1.00115264257,76800
10,25,ADD_25_X5_ACC3,5QT,5.952734375,1.85870117187,1.90410756501,1.84898599519,0.558787309655,0.565571461954,1.0298117833,76800
1,25,ADD_25_X5_ACC3,5TE,13.5365104167,4.01688476562,4.03093602246,4.01387835104,0.544742582834,0.545694519008,1.00424967324,76800
2,25,ADD_25_X5_ACC3,5TE,12.2093619792,3.7232421875,3.82341533688,3.70180908574,0.552222577339,0.55960199498,1.03285049237,76800
3,25,ADD_25_X5_ACC3,5TE,14.9728125,4.23654622396,4.14502068558,4.25612907815,0.531929751438,0.526152523979,0.973894496494,76800
4,25,ADD_25_X5_ACC3,5TE,13.4465234375,3.96016927083,4.07722000591,3.93512503161,0.542690061405,0.550651804391,1.0361093925,76800
5,25,ADD_25_X5_ACC3,5TE,15.1850260417,4.28916992187,4.03041888298,4.34453243551,0.531470123034,0.515189878138,0.927699112115,76800
6,25,ADD_25_X5_ACC3,5TE,13.4007161458,3.92510742187,3.86415854019,3.9381480779,0.54120496164,0.536986619544,0.98121209862,76800
7,25,ADD_25_X5_ACC3,5TE,14.1044401042,4.04010742187,4.06506722813,4.03476700809,0.535202989826,0.536853687779,1.00750978185,76800
8,25,ADD_25_X5_ACC3,5TE,15.372109375,4.29141927083,4.20931220449,4.3089869436,0.528364634148,0.523285663298,0.976868173328,76800
9,25,ADD_25_X5_ACC3,5TE,12.235234375,3.74516927083,3.65373817967,3.76473191705,0.553260390792,0.546465268904,0.970517492394,76800
10,25,ADD_25_X5_ACC3,5TE,14.3718359375,4.12802734375,4.17146867612,4.11873261254,0.535938747863,0.538751345713,1.01280395416,76800
1,25,ADD_25_X5_ACC3,5SB,347.962304688,86.1976790365,88.3229351359,85.7429580804,0.497716096915,0.503814482199,1.03008966699,76800
2,25,ADD_25_X5_ACC3,5SB,286.911458333,71.4578157552,81.1505245272,69.3839584914,0.499057885361,0.531828637496,1.16958626016,76800
3,25,ADD_25_X5_ACC3,5SB,497.663294271,120.801533203,106.194333629,123.926897604,0.492683953991,0.461937124945,0.856911095834,76800
4,25,ADD_25_X5_ACC3,5SB,379.789492188,90.1606640625,101.569075059,87.7197142135,0.487233430121,0.517141363795,1.15788196496,76800
5,25,ADD_25_X5_ACC3,5SB,455.060026042,111.660784505,87.2244015957,116.889206342,0.495354364352,0.437808970341,0.746214336855,76800
6,25,ADD_25_X5_ACC3,5SB,362.680585937,83.9348177083,80.8320404846,84.5986896181,0.481070716371,0.472095234666,0.955476270963,76800
7,25,ADD_25_X5_ACC3,5SB,400.728671875,97.8821354167,99.4157616726,97.5539999052,0.494227047397,0.498083796444,1.01908442267,76800
8,25,ADD_25_X5_ACC3,5SB,581.032486979,145.380166016,106.582372931,153.681363018,0.50021000314,0.428294487547,0.693528290211,76800
9,25,ADD_25_X5_ACC3,5SB,299.071263021,72.9900097656,69.3815750591,73.7620724267,0.494019814735,0.481653516035,0.940613146792,76800
10,25,ADD_25_X5_ACC3,5SB,392.839401042,96.135530599,100.987348552,95.0974329793,0.494691494898,0.507021020229,1.06193558951,76800
1,25,ADD_25_X5_ACC3,5Z0,187.919674479,46.7176464844,47.2911679965,46.5949355083,0.49860238581,0.501653555218,1.01494223526,76800
2,25,ADD_25_X5_ACC3,5Z0,199.611979167,49.0898990885,45.644355792,49.8271094145,0.495909889698,0.478189725613,0.916054660371,76800
3,25,ADD_25_X5_ACC3,5Z0,140.584947917,34.8606640625,43.1681996158,33.0831792172,0.497964537602,0.554131139305,1.30483830869,76800
4,25,ADD_25_X5_ACC3,5Z0,184.161888021,45.0921321615,43.3055740248,45.4743851163,0.494823715849,0.484922148275,0.952306972684,76800
5,25,ADD_25_X5_ACC3,5Z0,155.61640625,38.8170996094,45.1792257683,37.4558556209,0.499440607512,0.538817510846,1.20619927163,76800
6,25,ADD_25_X5_ACC3,5Z0,182.937473958,45.1534244792,48.8399268617,44.3646584155,0.496814208268,0.516697265892,1.10087462872,76800
7,25,ADD_25_X5_ACC3,5Z0,172.064466146,42.304703776,42.1389442967,42.3401697648,0.495848191436,0.494875814843,0.995247409984,76800
8,25,ADD_25_X5_ACC3,5Z0,107.884609375,27.2408398437,41.4046801123,24.2103368424,0.502493559484,0.619505219999,1.71020669319,76800
9,25,ADD_25_X5_ACC3,5Z0,200.302330729,49.3273111979,49.8848256501,49.2080251012,0.496250228895,0.499046745762,1.0137538653,76800
10,25,ADD_25_X5_ACC3,5Z0,174.759375,42.9769238281,41.2127659574,43.3543840099,0.49590378366,0.485618966068,0.950602041724,76800
1,26,ADD_26_X6_ACC1,5L8,1.79377604167,0.968115234375,0.973164154846,0.967034964593,0.734648197863,0.73656137758,1.00633812683,76800
2,26,ADD_26_X6_ACC1,5L8,1.74184895833,0.963251953125,0.943687204492,0.96743803743,0.743643356734,0.736052490746,0.975449763167,76800
3,26,ADD_26_X6_ACC1,5L8,1.91319010417,0.916123046875,0.977319739953,0.903029368993,0.691986849923,0.714725492273,1.08226794555,76800
4,26,ADD_26_X6_ACC1,5L8,1.7464453125,0.933108723958,0.973385786052,0.92449102175,0.73095161414,0.746560494256,1.05288830627,76800
5,26,ADD_26_X6_ACC1,5L8,1.88848958333,0.997174479167,1.01117390662,0.994179154021,0.726655024204,0.731738035697,1.01709425563,76800
6,26,ADD_26_X6_ACC1,5L8,1.80834635417,0.957805989583,0.964723699764,0.956325872534,0.727776397393,0.730399834959,1.0087813448,76800
7,26,ADD_26_X6_ACC1,5L8,1.767265625,0.918997395833,0.889812352246,0.925241843703,0.72111781584,0.709574990541,0.961707858655,76800
8,26,ADD_26_X6_ACC1,5L8,2.04717447917,0.897386067708,0.92161643026,0.8922017261,0.662082687568,0.670961614269,1.03296866986,76800
9,26,ADD_26_X6_ACC1,5L8,1.55895833333,0.8424609375,0.861480496454,0.838391502276,0.735118974354,0.743370754003,1.02753963287,76800
10,26,ADD_26_X6_ACC1,5L8,1.79204427083,0.928623046875,0.943040780142,0.925538220789,0.719855557375,0.725422245872,1.01891068241,76800
1,26,ADD_26_X6_ACC1,5PD,72.3346223958,19.7618717448,19.4051049054,19.8382057726,0.52268607348,0.517946482617,0.978168344851,76800
2,26,ADD_26_X6_ACC1,5PD,74.0493359375,20.1668652344,20.1456117021,20.1714126517,0.521865532358,0.521590467056,0.998720915086,76800
3,26,ADD_26_X6_ACC1,5PD,64.5839713542,17.7567513021,18.4399010047,17.6105842185,0.524347718429,0.534339056378,1.04709195197,76800
4,26,ADD_26_X6_ACC1,5PD,69.9293098958,19.0420084635,18.8689420804,19.0790378414,0.521827251644,0.519450483089,0.988988136467,76800
5,26,ADD_26_X6_ACC1,5PD,67.6940364583,18.5395214844,21.0637559102,17.9994349077,0.52332810009,0.557818227367,1.17024540038,76800
6,26,ADD_26_X6_ACC1,5PD,74.6105598958,20.3194140625,20.5035830378,20.2800091679,0.521861719177,0.524221382196,1.01102434758,76800
7,26,ADD_26_X6_ACC1,5PD,73.4890494792,19.987014974,20.5668033392,19.8629631386,0.521510016035,0.529019989534,1.03543480375,76800
8,26,ADD_26_X6_ACC1,5PD,75.1515494792,20.2948242188,20.3646941489,20.2798748103,0.519665251008,0.520559020213,1.00418243897,76800
9,26,ADD_26_X6_ACC1,5PD,72.3530208333,19.66640625,19.6879247931,19.6618021308,0.521355751528,0.521640901467,1.0013285996,76800
10,26,ADD_26_X6_ACC1,5PD,74.8331510417,20.160921224,22.1612921099,19.7329207764,0.519048774508,0.544189957184,1.12306193092,76800
1,26,ADD_26_X6_ACC1,5PN,88.8606770833,20.2097916667,20.7812684693,20.0875181778,0.476898667817,0.483594349153,1.03453638649,76800
2,26,ADD_26_X6_ACC1,5PN,83.4099088542,19.1278417969,19.975454344,18.9464861533,0.478877202297,0.489372442531,1.05430918337,76800
3,26,ADD_26_X6_ACC1,5PN,99.852578125,22.2992545573,22.9599216903,22.1578978566,0.472569329003,0.479518712985,1.03619584488,76800
4,26,ADD_26_X6_ACC1,5PN,86.7557421875,19.5558951823,19.7848330378,19.5069115137,0.474777069689,0.47754805446,1.01424733608,76800
5,26,ADD_26_X6_ACC1,5PN,101.777903646,23.1127148437,22.7281139184,23.1950042678,0.476539308101,0.472557813169,0.979871081548,76800
6,26,ADD_26_X6_ACC1,5PN,88.3069791667,20.0313378906,18.9048832742,20.2723547357,0.476274647319,0.462689331506,0.932545011208,76800
7,26,ADD_26_X6_ACC1,5PN,88.6779427083,20.0355110677,19.7224438534,20.1024950999,0.475326916479,0.471598656971,0.981094324631,76800
8,26,ADD_26_X6_ACC1,5PN,95.9775,21.6277050781,20.0738955378,21.9601590162,0.474701389251,0.457331497431,0.914105199467,76800
9,26,ADD_26_X6_ACC1,5PN,85.8021354167,19.5559407552,19.0567006501,19.6627584408,0.477408677034,0.471275440138,0.969177376993,76800
10,26,ADD_26_X6_ACC1,5PN,90.113671875,20.5856184896,22.0269466608,20.2772311267,0.477954568061,0.494403807763,1.08628966761,76800
1,26,ADD_26_X6_ACC1,5QC,0.4240234375,0.497578125,0.498226950355,0.497439301973,1.08326748669,1.08397352902,1.00158340601,76800
2,26,ADD_26_X6_ACC1,5QC,0.4341015625,0.499690755208,0.495881353428,0.500505816894,1.07288946979,1.06879204923,0.990760420136,76800
3,26,ADD_26_X6_ACC1,5QC,0.396809895833,0.433694661458,0.460272606383,0.428008029843,1.0454440398,1.07700152179,1.07538311034,76800
4,26,ADD_26_X6_ACC1,5QC,0.426119791667,0.496263020833,0.477947695035,0.500181777946,1.07917059784,1.05906918716,0.955547994965,76800
5,26,ADD_26_X6_ACC1,5QC,0.410651041667,0.480716145833,0.506298020095,0.475242634041,1.08195174109,1.11036726593,1.06534638062,76800
6,26,ADD_26_X6_ACC1,5QC,0.423684895833,0.491396484375,0.514664598109,0.48641802605,1.07694749789,1.10214987805,1.05807057006,76800
7,26,ADD_26_X6_ACC1,5QC,0.422408854167,0.479033203125,0.474216903073,0.480063701315,1.06491832857,1.05955134846,0.987820786644,76800
8,26,ADD_26_X6_ACC1,5QC,0.373919270833,0.394283854167,0.482675827423,0.375371459282,1.02687025154,1.1361583139,1.28586181897,76800
9,26,ADD_26_X6_ACC1,5QC,0.4316796875,0.49466796875,0.487533244681,0.496194518209,1.07047391229,1.06272601226,0.982544600531,76800
10,26,ADD_26_X6_ACC1,5QC,0.422838541667,0.498206380208,0.48411643026,0.501221073596,1.08546883607,1.07000948625,0.965874053909,76800
1,26,ADD_26_X6_ACC1,5QT,0.37984375,0.349212239583,0.342383274232,0.350673368741,0.958831373695,0.949409947975,0.976359497901,76800
2,26,ADD_26_X6_ACC1,5QT,0.371263020833,0.357386067708,0.350860667849,0.358782245827,0.981133177825,0.972134812894,0.977920930951,76800
3,26,ADD_26_X6_ACC1,5QT,0.4221484375,0.325830078125,0.344211731678,0.321897129489,0.878542940208,0.902984386547,1.0693221534,76800
4,26,ADD_26_X6_ACC1,5QT,0.373776041667,0.336998697917,0.329196217494,0.33866812089,0.949529323424,0.938472795943,0.972031901402,76800
5,26,ADD_26_X6_ACC1,5QT,0.40140625,0.347425130208,0.353686465721,0.346085451442,0.930333263855,0.93867911564,1.02196282521,76800
6,26,ADD_26_X6_ACC1,5QT,0.38375,0.34994140625,0.364490986998,0.346828370005,0.954934254264,0.974583832669,1.05092610213,76800
7,26,ADD_26_X6_ACC1,5QT,0.3832421875,0.348743489583,0.344544178487,0.34964197648,0.953929763138,0.948169111002,0.985419948586,76800
8,26,ADD_26_X6_ACC1,5QT,0.461106770833,0.3222265625,0.325613179669,0.32150196004,0.835949263436,0.840330715337,1.01278754141,76800
9,26,ADD_26_X6_ACC1,5QT,0.363515625,0.34775390625,0.345763150118,0.348179849519,0.978080199602,0.975276616738,0.993059048634,76800
10,26,ADD_26_X6_ACC1,5QT,0.391575520833,0.348837890625,0.344802748227,0.349701251897,0.943852344048,0.938377513614,0.985992318746,76800
1,26,ADD_26_X6_ACC1,5TE,23.5613932292,6.15990885417,6.02816563239,6.18809670587,0.511312793507,0.505815466248,0.974155046199,76800
2,26,ADD_26_X6_ACC1,5TE,22.1116796875,5.85244466146,5.69616208629,5.88588296662,0.514467317592,0.507551718009,0.967766793631,76800
3,26,ADD_26_X6_ACC1,5TE,23.9711979167,6.03063151042,6.10193188534,6.01537604325,0.501575745672,0.504532107167,1.01438909911,76800
4,26,ADD_26_X6_ACC1,5TE,21.9919270833,5.77481770833,5.91326832151,5.7451947395,0.512433479494,0.518539864179,1.0292546362,76800
5,26,ADD_26_X6_ACC1,5TE,23.4821875,6.09780273437,6.16267730496,6.08392213581,0.509585908033,0.51228948044,1.01294480228,76800
6,26,ADD_26_X6_ACC1,5TE,22.5845052083,5.9138671875,5.77729757683,5.943087696,0.511717763801,0.505774673886,0.972103706414,76800
7,26,ADD_26_X6_ACC1,5TE,22.7705208333,5.90537434896,5.76241134752,5.93596279084,0.509257266327,0.503055204289,0.970762713743,76800
8,26,ADD_26_X6_ACC1,5TE,23.2213802083,5.8088671875,5.91710992908,5.78570751138,0.500151653404,0.504790071325,1.02271155558,76800
9,26,ADD_26_X6_ACC1,5TE,22.1336328125,5.84031901042,5.69333628842,5.87176751391,0.513679145495,0.507174101012,0.969612007786,76800
10,26,ADD_26_X6_ACC1,5TE,23.1147135417,5.99375976562,6.1447251773,5.96145912367,0.509219948028,0.515592954441,1.03074181167,76800
1,26,ADD_26_X6_ACC1,5SB,334.113072917,72.4145833333,70.1153036348,72.9065384737,0.465549949327,0.458099349618,0.961714890086,76800
2,26,ADD_26_X6_ACC1,5SB,339.240598958,73.9227376302,72.7265809693,74.1786679628,0.466804582072,0.463012456225,0.980424466583,76800
3,26,ADD_26_X6_ACC1,5SB,323.303085937,68.7905013021,72.082206708,68.0862062152,0.461274357038,0.472181656896,1.05869030917,76800
4,26,ADD_26_X6_ACC1,5SB,337.3478125,72.8386751302,73.5355718085,72.6895667362,0.464667255841,0.466884856495,1.01163860386,76800
5,26,ADD_26_X6_ACC1,5SB,332.055299479,71.5241992187,69.8648788416,71.8792283131,0.464110393352,0.458695254628,0.971975916843,76800
6,26,ADD_26_X6_ACC1,5SB,340.379231771,73.376188151,74.9555075355,73.0382761128,0.464297180593,0.469267251844,1.02624968064,76800
7,26,ADD_26_X6_ACC1,5SB,341.679283854,74.0245768229,68.6903073286,75.1659000379,0.465456010291,0.448371919234,0.913849329203,76800
8,26,ADD_26_X6_ACC1,5SB,336.230976563,72.2522298177,71.595689273,72.3927035913,0.463560866867,0.461449921317,0.988990405404,76800
9,26,ADD_26_X6_ACC1,5SB,324.427851562,69.7469498698,69.3198507683,69.8383322269,0.463664178536,0.462242362608,0.992575975943,76800
10,26,ADD_26_X6_ACC1,5SB,336.033697917,72.453499349,72.6834552305,72.4042978629,0.464342320402,0.465078610978,1.00385553587,76800
1,26,ADD_26_X6_ACC1,5Z0,1230.36654948,332.22313151,390.063220301,319.847634516,0.51963413955,0.563054253105,1.21952823222,76800
2,26,ADD_26_X6_ACC1,5Z0,1044.0635026,282.825683594,264.438164894,286.75988714,0.52047031617,0.503267180979,0.922158840036,76800
3,26,ADD_26_X6_ACC1,5Z0,1238.72710938,323.398457031,279.138722665,332.868293974,0.510953232083,0.474703268865,0.838586094616,76800
4,26,ADD_26_X6_ACC1,5Z0,907.383359375,236.342906901,252.353723404,232.917223856,0.510359121514,0.527362753548,1.08344809897,76800
5,26,ADD_26_X6_ACC1,5Z0,1524.02115885,407.536263021,390.93925458,411.087368013,0.517115590018,0.506476316477,0.950988244834,76800
6,26,ADD_26_X6_ACC1,5Z0,1126.60441406,303.395120443,275.72755984,309.314886823,0.518941701671,0.494714186515,0.891413803817,76800
7,26,ADD_26_X6_ACC1,5Z0,860.968541667,227.756647135,337.704805703,204.232079066,0.514330037909,0.626289280996,1.65353458305,76800
8,26,ADD_26_X6_ACC1,5Z0,1363.03463542,375.351722005,386.275044326,373.014561994,0.524766086396,0.532347084246,1.03554950311,76800
9,26,ADD_26_X6_ACC1,5Z0,1132.74665365,294.027672526,277.895205378,297.47938401,0.509480667499,0.495306620465,0.934166266019,76800
10,26,ADD_26_X6_ACC1,5Z0,1261.48467448,344.527503255,351.540189125,343.027065156,0.522601869601,0.527893727456,1.02481764512,76800
1,27,ADD_27_X6_ACC2,5L8,1.56557291667,0.834742838542,0.81224143026,0.83955725215,0.73019642284,0.720287568136,0.967464015324,76800
2,27,ADD_27_X6_ACC2,5L8,1.57135416667,0.846324869792,0.827256944444,0.850404653515,0.733890913818,0.725576436023,0.972780359354,76800
3,27,ADD_27_X6_ACC2,5L8,1.79545572917,0.841555989583,0.864546394799,0.836636949924,0.684627211963,0.693915840409,1.03335908709,76800
4,27,ADD_27_X6_ACC2,5L8,1.62626302083,0.874638671875,0.846187943262,0.880726005311,0.733362914688,0.721336690788,0.960784555195,76800
5,27,ADD_27_X6_ACC2,5L8,1.5965625,0.84375,0.841459810875,0.844240010116,0.726965717509,0.725978446239,0.996706861545,76800
6,27,ADD_27_X6_ACC2,5L8,1.616796875,0.832841796875,0.832945478723,0.83281961305,0.717717483474,0.717762157,1.00015113197,76800
7,27,ADD_27_X6_ACC2,5L8,1.62138020833,0.853587239583,0.852892287234,0.853735931968,0.725573684905,0.725278260028,0.999011820045,76800
8,27,ADD_27_X6_ACC2,5L8,1.930546875,0.849440104167,0.805777186761,0.858782245827,0.663324754713,0.646051751447,0.938278813606,76800
9,27,ADD_27_X6_ACC2,5L8,1.73029947917,0.965774739583,0.923777334515,0.974760527314,0.747097498836,0.730672921182,0.947696699475,76800
10,27,ADD_27_X6_ACC2,5L8,1.64850260417,0.8800390625,0.837156471631,0.889214245068,0.730644561641,0.712620810296,0.941456433332,76800
1,27,ADD_27_X6_ACC2,5PD,72.6626432292,19.602952474,19.0562204492,19.7199315567,0.519403829717,0.51210944779,0.966343133313,76800
2,27,ADD_27_X6_ACC2,5PD,76.9744270833,20.5717610677,20.1801492317,20.6555505501,0.51696662135,0.512022392022,0.97698433081,76800
3,27,ADD_27_X6_ACC2,5PD,69.5887630208,19.0354134115,19.4914856678,18.9378319423,0.523011933549,0.529240307478,1.02923532785,76800
4,27,ADD_27_X6_ACC2,5PD,73.4804947917,19.6638346354,19.0437721631,19.7965035407,0.51730666111,0.509085177689,0.96197654924,76800
5,27,ADD_27_X6_ACC2,5PD,69.71171875,19.0843261719,19.8007535461,18.9310389795,0.523221425911,0.53295183752,1.0459411957,76800
6,27,ADD_27_X6_ACC2,5PD,78.8316015625,20.9841666667,21.5149231678,20.8706057157,0.515935829216,0.522419915756,1.03087200539,76800
7,27,ADD_27_X6_ACC2,5PD,74.2864583333,19.941344401,19.8135158097,19.9686946763,0.518110495882,0.516447222549,0.992228892819,76800
8,27,ADD_27_X6_ACC2,5PD,81.4436458333,21.7751464844,19.6224881797,22.2357304312,0.51707309344,0.49084959245,0.882475538205,76800
9,27,ADD_27_X6_ACC2,5PD,76.2950651042,20.3328385417,20.3361406619,20.3321320182,0.516238965775,0.516280883532,1.00019715806,76800
10,27,ADD_27_X6_ACC2,5PD,80.1498958333,21.2431542969,22.9219858156,20.883950588,0.514823094406,0.534779361761,1.09758858694,76800
1,27,ADD_27_X6_ACC2,5PN,90.6795833333,20.6671516927,20.9929078014,20.5974527377,0.477403452699,0.481151164525,1.0191992218,76800
2,27,ADD_27_X6_ACC2,5PN,87.7240625,20.1287304687,20.5643838652,20.03551783,0.479014681472,0.48417067658,1.02639642457,76800
3,27,ADD_27_X6_ACC2,5PN,98.2518359375,21.9073958333,22.5658798759,21.7665062279,0.472198975515,0.479243022798,1.03672494059,76800
4,27,ADD_27_X6_ACC2,5PN,91.3513020833,20.7214355469,21.7261007683,20.5064768273,0.476269256776,0.4876784037,1.05947506007,76800
5,27,ADD_27_X6_ACC2,5PN,101.344283854,23.1857389323,23.4206560284,23.1354759421,0.478311520906,0.48072853187,1.01232652775,76800
6,27,ADD_27_X6_ACC2,5PN,93.454609375,21.0601269531,20.108063682,21.2638309307,0.474711911443,0.463857691949,0.945646330032,76800
7,27,ADD_27_X6_ACC2,5PN,92.2159244792,20.8519791667,21.5185800827,20.7093528705,0.475522070714,0.483063076709,1.0390754466,76800
8,27,ADD_27_X6_ACC2,5PN,99.7890104167,22.1592480469,20.91481974,22.4255066072,0.471233494204,0.457810453501,0.932635329327,76800
9,27,ADD_27_X6_ACC2,5PN,89.5856380208,20.4090690104,20.0106937057,20.4943056082,0.477301062984,0.472619761524,0.976402620717,76800
10,27,ADD_27_X6_ACC2,5PN,101.012617187,22.9323925781,23.5573286052,22.7986809244,0.476471438068,0.482920018068,1.03327594624,76800
1,27,ADD_27_X6_ACC2,5QC,0.439231770833,0.499664713542,0.50677822104,0.498142703591,1.06657762119,1.07414298917,1.01733542896,76800
2,27,ADD_27_X6_ACC2,5QC,0.446015625,0.497161458333,0.475472813239,0.501801972686,1.05578063013,1.03249464573,0.947530777316,76800
3,27,ADD_27_X6_ACC2,5QC,0.399309895833,0.450462239583,0.473238031915,0.445589118614,1.06212140006,1.08864124233,1.06205024347,76800
4,27,ADD_27_X6_ACC2,5QC,0.433111979167,0.494446614583,0.492409131206,0.49488255564,1.06846329143,1.06625959193,0.995001997126,76800
5,27,ADD_27_X6_ACC2,5QC,0.42296875,0.495494791667,0.49780215721,0.495001106474,1.0823442294,1.08486137308,1.0056586757,76800
6,27,ADD_27_X6_ACC2,5QC,0.427356770833,0.482102864583,0.519318853428,0.47414011128,1.06212238364,1.10235569535,1.09528563619,76800
7,27,ADD_27_X6_ACC2,5QC,0.4316796875,0.498167317708,0.496250738771,0.498577389985,1.07425357913,1.0721851216,0.995333420123,76800
8,27,ADD_27_X6_ACC2,5QC,0.372552083333,0.4253515625,0.491707299054,0.411154052858,1.06851474125,1.14884074357,1.19591986419,76800
9,27,ADD_27_X6_ACC2,5QC,0.443684895833,0.504563802083,0.522994237589,0.500620416034,1.06640144049,1.08570322947,1.04469218761,76800
10,27,ADD_27_X6_ACC2,5QC,0.430924479167,0.495797526042,0.488216607565,0.4974195435,1.07263408896,1.06440202379,0.98149864424,76800
1,27,ADD_27_X6_ACC2,5QT,0.360338541667,0.33830078125,0.337138002364,0.338549570056,0.968938342666,0.967271732814,0.995830543538,76800
2,27,ADD_27_X6_ACC2,5QT,0.352994791667,0.351442057292,0.340333185579,0.353818917552,0.99779820312,0.981901674448,0.961885214994,76800
3,27,ADD_27_X6_ACC2,5QT,0.405846354167,0.325485026042,0.33451536643,0.323552889479,0.89553936823,0.907877413665,1.03388156096,76800
4,27,ADD_27_X6_ACC2,5QT,0.359479166667,0.332298177083,0.337932180851,0.331092722559,0.961450913251,0.969567193989,1.0206572293,76800
5,27,ADD_27_X6_ACC2,5QT,0.384114583333,0.340074869792,0.341866134752,0.339691609762,0.940929039634,0.943403847039,1.00640146806,76800
6,27,ADD_27_X6_ACC2,5QT,0.371848958333,0.347630208333,0.356530732861,0.345725847243,0.966886440391,0.979186013174,1.0312527562,76800
7,27,ADD_27_X6_ACC2,5QT,0.367408854167,0.34279296875,0.340536347518,0.343275796662,0.965919966739,0.962735370129,0.992019684547,76800
8,27,ADD_27_X6_ACC2,5QT,0.4442578125,0.322216796875,0.332797724586,0.319952895802,0.851640980165,0.865511090491,1.04014599946,76800
9,27,ADD_27_X6_ACC2,5QT,0.347643229167,0.339697265625,0.333850472813,0.340948248609,0.988505608837,0.979961717456,0.979182248844,76800
10,27,ADD_27_X6_ACC2,5QT,0.371432291667,0.336536458333,0.331117021277,0.337696004047,0.951866913222,0.944171581097,0.980518031922,76800
1,27,ADD_27_X6_ACC2,5TE,22.9324348958,5.99115885417,5.93338135343,6.00352095979,0.511128777065,0.50865819592,0.988316921548,76800
2,27,ADD_27_X6_ACC2,5TE,21.64140625,5.71182291667,5.6808141253,5.71845757461,0.513741475217,0.512345057424,0.99341720231,76800
3,27,ADD_27_X6_ACC2,5TE,24.8225390625,6.28697916667,6.17093306738,6.31180845346,0.503266368726,0.498600048651,0.977680662028,76800
4,27,ADD_27_X6_ACC2,5TE,22.6747916667,5.91119466146,6.16692523641,5.85647840794,0.510582561663,0.521510058186,1.05300913055,76800
5,27,ADD_27_X6_ACC2,5TE,24.6015625,6.39954101563,6.30108599291,6.42060650607,0.510026883021,0.506088370642,0.981384856236,76800
6,27,ADD_27_X6_ACC2,5TE,22.8741015625,5.94830078125,5.70251551418,6.00088913126,0.509946291638,0.499299596637,0.950278431987,76800
7,27,ADD_27_X6_ACC2,5TE,22.9150260417,5.93008463542,6.0170286643,5.9114820435,0.508709992294,0.512425652315,1.01785451094,76800
8,27,ADD_27_X6_ACC2,5TE,26.1890494792,6.54604492187,6.44608820922,6.56743171472,0.499953510931,0.496121735212,0.981523446185,76800
9,27,ADD_27_X6_ACC2,5TE,21.4383854167,5.68777994792,5.59827497045,5.70693048179,0.515080793101,0.511011973009,0.980960778883,76800
10,27,ADD_27_X6_ACC2,5TE,24.4955859375,6.32274739583,6.14856678487,6.36001517451,0.508052975867,0.501006120214,0.96675347718,76800
1,27,ADD_27_X6_ACC2,5SB,290.094817708,62.766468099,63.6319259752,62.581294259,0.465150894434,0.468346791026,1.01678827082,76800
2,27,ADD_27_X6_ACC2,5SB,305.709036458,65.8909407552,69.6773788416,65.0807923938,0.464257272913,0.477410277711,1.07062892566,76800
3,27,ADD_27_X6_ACC2,5SB,323.908671875,68.2854817708,69.654310727,67.9926063796,0.459148216003,0.463727351136,1.02443948594,76800
4,27,ADD_27_X6_ACC2,5SB,319.112721354,66.9346289062,70.9449985225,66.0765680324,0.457987232517,0.471507747541,1.07367862217,76800
5,27,ADD_27_X6_ACC2,5SB,321.536601562,69.66390625,71.9303154551,69.1789840984,0.46546679251,0.472977818478,1.03977120209,76800
6,27,ADD_27_X6_ACC2,5SB,318.050364583,66.1156184896,62.6003619976,66.8677446889,0.455936208745,0.443649987305,0.936181746354,76800
7,27,ADD_27_X6_ACC2,5SB,319.345273437,68.4673242187,66.2485963357,68.9420444487,0.463032453553,0.455468235106,0.960931705253,76800
8,27,ADD_27_X6_ACC2,5SB,321.723333333,68.4923502604,65.5679669031,69.1180529211,0.461402299514,0.451444720951,0.94863735496,76800
9,27,ADD_27_X6_ACC2,5SB,302.887539063,64.3800488281,63.9526447991,64.4714964277,0.461036115665,0.459503212016,0.991952232268,76800
10,27,ADD_27_X6_ACC2,5SB,314.177721354,66.5776627604,67.3989177009,66.4019466047,0.460337738379,0.46316823669,1.01501418478,76800
1,27,ADD_27_X6_ACC2,5Z0,1208.68071615,320.361282552,353.929595154,313.17898805,0.514830437655,0.541131285073,1.13011922466,76800
2,27,ADD_27_X6_ACC2,5Z0,901.973020833,235.116389974,265.025727689,228.716971737,0.51055752167,0.542059854399,1.15874972319,76800
3,27,ADD_27_X6_ACC2,5Z0,1667.62227865,436.418789063,402.805260047,443.610758093,0.511567417398,0.491471934341,0.908015084618,76800
4,27,ADD_27_X6_ACC2,5Z0,1232.42101563,309.740794271,284.084459959,315.230237576,0.501325338961,0.480113802085,0.901196732088,76800
5,27,ADD_27_X6_ACC2,5Z0,1528.03802083,401.817317708,241.442431294,436.131216015,0.512799088848,0.39750236564,0.553600435897,76800
6,27,ADD_27_X6_ACC2,5Z0,827.870442708,215.162945964,249.092069297,207.9034522,0.509803194257,0.548527949772,1.19811415665,76800
7,27,ADD_27_X6_ACC2,5Z0,1197.06407552,306.489889323,346.622081856,297.903183485,0.505998672378,0.53810795746,1.16353936806,76800
8,27,ADD_27_X6_ACC2,5Z0,945.042916667,256.351126302,193.596612736,269.778116306,0.520825032094,0.452608922901,0.717614220853,76800
9,27,ADD_27_X6_ACC2,5Z0,1129.27002604,295.300390625,288.948636968,296.659415307,0.511367485071,0.505837968479,0.974007977022,76800
10,27,ADD_27_X6_ACC2,5Z0,799.32828125,212.288671875,177.395722518,219.754386381,0.51534826758,0.471095528701,0.80724542267,76800
1,28,ADD_28_X6_ACC3,5L8,1.75455729167,1.08665364583,1.11596852837,1.08038141755,0.786976553955,0.797521126926,1.03293939551,76800
2,28,ADD_28_X6_ACC3,5L8,1.69967447917,1.06321614583,1.06329417849,1.06319944992,0.790911526425,0.790940549589,1.00008909764,76800
3,28,ADD_28_X6_ACC3,5L8,1.83611979167,1.00913085937,1.07099586288,0.995894189428,0.741349907357,0.76373622571,1.07541129796,76800
4,28,ADD_28_X6_ACC3,5L8,1.69102864583,1.04203125,1.04861111111,1.04062341932,0.784991382999,0.787465879883,1.00767587164,76800
5,28,ADD_28_X6_ACC3,5L8,1.83744791667,1.13889973958,1.14982269504,1.13656265807,0.78729089343,0.79105725768,1.01166678922,76800
6,28,ADD_28_X6_ACC3,5L8,1.792265625,1.07453450521,1.07302748227,1.07485694866,0.774299529521,0.773756365681,0.998297944305,76800
7,28,ADD_28_X6_ACC3,5L8,1.7194921875,1.01071289063,0.995364213948,1.01399690187,0.766679408094,0.76083574454,0.981624511978,76800
8,28,ADD_28_X6_ACC3,5L8,1.943359375,0.956080729167,1.0571623818,0.934453243551,0.701408012023,0.737554794476,1.13131650951,76800
9,28,ADD_28_X6_ACC3,5L8,1.51532552083,0.875107421875,0.908891105201,0.867879046535,0.759937218227,0.774467072404,1.04725550044,76800
10,28,ADD_28_X6_ACC3,5L8,1.74221354167,1.00925455729,1.05047650709,1.00043468639,0.761113923907,0.776501822905,1.05002007765,76800
1,28,ADD_28_X6_ACC3,5PD,89.752265625,24.1953645833,24.3801898641,24.1558192653,0.519210390613,0.521189708591,1.00928846984,76800
2,28,ADD_28_X6_ACC3,5PD,88.901484375,23.809453125,23.0714945331,23.9673471485,0.517511737064,0.509428640797,0.962621953535,76800
3,28,ADD_28_X6_ACC3,5PD,89.0185286458,24.3072786458,24.1857823582,24.3332740579,0.522550134565,0.521242554334,0.993938682505,76800
4,28,ADD_28_X6_ACC3,5PD,93.6758203125,25.3199414062,21.7295175827,26.0881504489,0.519897340376,0.481627515035,0.832926719941,76800
5,28,ADD_28_X6_ACC3,5PD,89.4137369792,24.1089257813,20.5465794917,24.8711273394,0.519262316986,0.479366458778,0.826121760037,76800
6,28,ADD_28_X6_ACC3,5PD,82.8287239583,22.4141731771,24.2613585993,22.0189483751,0.520200632794,0.541211570979,1.10184002369,76800
7,28,ADD_28_X6_ACC3,5PD,87.4806510417,23.7493977865,23.3082520686,23.8437855653,0.521039079148,0.516177238492,0.977539913063,76800
8,28,ADD_28_X6_ACC3,5PD,78.5168229167,21.9346386719,20.9276928191,22.1500853566,0.528547329995,0.516272885895,0.944813190659,76800
9,28,ADD_28_X6_ACC3,5PD,93.0090494792,25.0291015625,24.4355422577,25.1560998356,0.518752290442,0.512564339089,0.971356546419,76800
10,28,ADD_28_X6_ACC3,5PD,73.0455989583,19.6960807292,19.3502327128,19.7700785597,0.519269579012,0.514690401229,0.97876357215,76800
1,28,ADD_28_X6_ACC3,5PN,87.5951302083,20.005859375,19.74924276,20.0607652061,0.477901754141,0.47482682142,0.984471058662,76800
2,28,ADD_28_X6_ACC3,5PN,80.6614713542,18.358766276,18.3599475473,18.3585135306,0.477077216358,0.477092564572,1.00007811181,76800
3,28,ADD_28_X6_ACC3,5PN,96.3993098958,21.5012272135,20.9825650118,21.6122004616,0.472274679384,0.466543696748,0.970866666221,76800
4,28,ADD_28_X6_ACC3,5PN,84.2642708333,18.9557877604,19.7691710993,18.7817558169,0.474295697685,0.484364713249,1.05257310829,76800
5,28,ADD_28_X6_ACC3,5PN,94.2625520833,21.055094401,19.9089280437,21.300328781,0.472616630506,0.459572826145,0.934677030033,76800
6,28,ADD_28_X6_ACC3,5PN,82.0465885417,18.4614583333,18.2553006797,18.5055679375,0.47435418687,0.471698213338,0.986476110395,76800
7,28,ADD_28_X6_ACC3,5PN,86.2056901042,19.4845540365,19.2448655437,19.5358379173,0.475419803943,0.472486576057,0.985105713162,76800
8,28,ADD_28_X6_ACC3,5PN,90.1392447917,20.053359375,19.2787935875,20.219085894,0.471668215076,0.462469364775,0.953494816161,76800
9,28,ADD_28_X6_ACC3,5PN,80.435078125,18.2473567708,17.8879469563,18.3242562911,0.476296332812,0.47158230971,0.976189520169,76800
10,28,ADD_28_X6_ACC3,5PN,86.68953125,19.4538606771,20.051990987,19.3258843892,0.473717657781,0.480945009934,1.03757171383,76800
1,28,ADD_28_X6_ACC3,5QC,0.377486979167,0.571048177083,0.5690196513,0.571482201568,1.22994413755,1.2277576381,0.995690941447,76800
2,28,ADD_28_X6_ACC3,5QC,0.38984375,0.586555989583,0.568465573286,0.590426624937,1.22661832628,1.20755465471,0.962804774168,76800
3,28,ADD_28_X6_ACC3,5QC,0.297447916667,0.479443359375,0.543532062648,0.465730905412,1.26958910872,1.35178342888,1.1670517381,76800
4,28,ADD_28_X6_ACC3,5QC,0.3697265625,0.563196614583,0.526872783688,0.570968481285,1.23421179149,1.19374772259,0.92277034715,76800
5,28,ADD_28_X6_ACC3,5QC,0.357903645833,0.555211588542,0.547041223404,0.55695972433,1.24550707808,1.23630881595,0.982191708856,76800
6,28,ADD_28_X6_ACC3,5QC,0.360651041667,0.557307942708,0.601599438534,0.547831310066,1.24309414484,1.29154670471,1.09814723525,76800
7,28,ADD_28_X6_ACC3,5QC,0.367903645833,0.557503255208,0.553228427896,0.558417899595,1.230996046,1.22626744406,0.990706831382,76800
8,28,ADD_28_X6_ACC3,5QC,0.257747395833,0.404866536458,0.51472000591,0.381362228123,1.25331084644,1.41315038524,1.34968795531,76800
9,28,ADD_28_X6_ACC3,5QC,0.390703125,0.586741536458,0.619108303783,0.57981632524,1.22546235427,1.25880909498,1.06776625085,76800
10,28,ADD_28_X6_ACC3,5QC,0.3698046875,0.569886067708,0.564660904255,0.571004046535,1.24138877469,1.23568465555,0.988891248111,76800
1,28,ADD_28_X6_ACC3,5QT,0.389947916667,0.377679036458,0.365488327423,0.380287367223,0.984142840764,0.968129499463,0.961084587403,76800
2,28,ADD_28_X6_ACC3,5QT,0.3756640625,0.3753515625,0.379007830969,0.374569265301,0.999583983341,1.00444061736,1.01184978608,76800
3,28,ADD_28_X6_ACC3,5QT,0.468958333333,0.376868489583,0.367095153664,0.378959597876,0.896453536271,0.884753311298,0.968692060371,76800
4,28,ADD_28_X6_ACC3,5QT,0.398736979167,0.37814453125,0.378453752955,0.378078370005,0.973835618055,0.97423370602,1.00099287073,76800
5,28,ADD_28_X6_ACC3,5QT,0.413932291667,0.380856119792,0.378509160757,0.381358276429,0.95921467695,0.956254613586,0.992529031492,76800
6,28,ADD_28_X6_ACC3,5QT,0.405794270833,0.377239583333,0.369754728132,0.378841047041,0.964174569605,0.954561496325,0.976015484646,76800
7,28,ADD_28_X6_ACC3,5QT,0.4004296875,0.380348307292,0.371952570922,0.382144663632,0.974602699102,0.963786077468,0.973329229267,76800
8,28,ADD_28_X6_ACC3,5QT,0.514283854167,0.379205729167,0.379691193853,0.379101858877,0.858689198889,0.859238676281,1.00155455575,76800
9,28,ADD_28_X6_ACC3,5QT,0.375026041667,0.382379557292,0.39140070922,0.380449386697,1.00975641287,1.0215981343,1.02878522848,76800
10,28,ADD_28_X6_ACC3,5QT,0.403958333333,0.377903645833,0.373781028369,0.378785723318,0.967213289399,0.961923071748,0.986787530146,76800
1,28,ADD_28_X6_ACC3,5TE,19.2633723958,5.17568359375,5.06820700355,5.1986793437,0.518343550415,0.512933438717,0.974902791357,76800
2,28,ADD_28_X6_ACC3,5TE,18.0889192708,4.94900390625,4.93360298463,4.95229909585,0.523061299004,0.52224680147,0.996224761296,76800
3,28,ADD_28_X6_ACC3,5TE,20.5251822917,5.24354166667,5.32923315603,5.22520706879,0.505439117432,0.509552397268,1.01990851001,76800
4,28,ADD_28_X6_ACC3,5TE,18.3229166667,4.91764973958,5.20462101064,4.85624920966,0.518061708182,0.532963235786,1.07173680467,76800
5,28,ADD_28_X6_ACC3,5TE,20.1925520833,5.36642578125,5.36678117612,5.36634974077,0.515521708217,0.515538778306,1.00008039643,76800
6,28,ADD_28_X6_ACC3,5TE,18.5120052083,4.95854817708,4.81416223404,4.98944107233,0.517547883267,0.509957083772,0.964870045412,76800
7,28,ADD_28_X6_ACC3,5TE,19.416171875,5.10211588542,4.9986517435,5.12425312974,0.512617414002,0.507393192713,0.97548884041,76800
8,28,ADD_28_X6_ACC3,5TE,21.2287109375,5.22040364583,5.13235076832,5.23924348761,0.495895572056,0.491695635649,0.979597680554,76800
9,28,ADD_28_X6_ACC3,5TE,17.7611848958,4.86617513021,4.78876699173,4.8827374178,0.523429143626,0.519249258847,0.980754560805,76800
10,28,ADD_28_X6_ACC3,5TE,19.8453515625,5.20771158854,5.38730053191,5.16928664011,0.512264268169,0.521022169925,1.04217485061,76800
1,28,ADD_28_X6_ACC3,5SB,243.691184896,49.3884472656,49.4844673463,49.3679027567,0.450186820321,0.450624230155,1.00236114121,76800
2,28,ADD_28_X6_ACC3,5SB,228.377018229,45.8497395833,45.7372562057,45.8738065883,0.448066255153,0.447516296136,0.997023347467,76800
3,28,ADD_28_X6_ACC3,5SB,272.872408854,55.8121744792,55.7363327423,55.8284016186,0.452256335283,0.451948951038,0.998350859533,76800
4,28,ADD_28_X6_ACC3,5SB,235.317239583,47.5608040365,51.3264442967,46.7551055893,0.44957041252,0.467028858201,1.09777196843,76800
5,28,ADD_28_X6_ACC3,5SB,271.839427083,55.7329720052,51.0226617908,56.7407925518,0.452793181476,0.433236793284,0.899223636049,76800
6,28,ADD_28_X6_ACC3,5SB,236.468919271,46.3045442708,44.5572362589,46.6783992476,0.442511716232,0.434082311743,0.954557932086,76800
7,28,ADD_28_X6_ACC3,5SB,246.788164062,49.568141276,48.313811318,49.8365183991,0.448166255471,0.442459460934,0.969445957903,76800
8,28,ADD_28_X6_ACC3,5SB,274.709479167,54.9451529948,52.0101765662,55.5731221548,0.447226851552,0.43511829227,0.935887251779,76800
9,28,ADD_28_X6_ACC3,5SB,216.871757812,43.1447721354,42.4032949173,43.3034190061,0.446028479678,0.442179192686,0.979213556124,76800
10,28,ADD_28_X6_ACC3,5SB,254.176861979,51.1015755208,52.5099918735,50.8002299886,0.448382999841,0.454519969329,1.03365657764,76800
1,28,ADD_28_X6_ACC3,5Z0,693.619635417,179.928854167,182.734947547,179.328460894,0.509318812316,0.513275006291,1.01899579485,76800
2,28,ADD_28_X6_ACC3,5Z0,545.488007812,139.141666667,172.093011229,132.091378983,0.505051885606,0.561680068799,1.30283302782,76800
3,28,ADD_28_X6_ACC3,5Z0,676.400690104,169.167109375,164.769835993,170.10795239,0.500098950559,0.493556452135,0.968619242533,76800
4,28,ADD_28_X6_ACC3,5Z0,935.181354167,226.671731771,226.497303487,226.709052542,0.492323721451,0.49213425868,0.999065987651,76800
5,28,ADD_28_X6_ACC3,5Z0,780.198919271,201.040800781,182.958721188,204.909652409,0.507620824927,0.484254746068,0.892875074634,76800
6,28,ADD_28_X6_ACC3,5Z0,605.882682292,153.395970052,166.948322991,150.496301214,0.503167643062,0.524924400296,1.10931844599,76800
7,28,ADD_28_X6_ACC3,5Z0,727.630846354,179.776816406,140.249150414,188.234177415,0.497062834234,0.439030375052,0.745078031734,76800
8,28,ADD_28_X6_ACC3,5Z0,455.1840625,118.885247396,151.039708924,112.005461242,0.511058315507,0.576039210147,1.34850307521,76800
9,28,ADD_28_X6_ACC3,5Z0,387.829583333,97.0660872396,112.211251478,93.8256196257,0.500280177084,0.537895283469,1.19595534701,76800
10,28,ADD_28_X6_ACC3,5Z0,537.244570312,136.78117513,153.975675975,133.102230336,0.504576648547,0.535352755307,1.15682265869,76800
1,29,ADD_29_X7_ACC1,5L8,1.78390625,0.922633463542,0.913268321513,0.924637234446,0.719165073517,0.715505840656,0.987704461263,76800
2,29,ADD_29_X7_ACC1,5L8,1.71298177083,0.912721354167,0.922207446809,0.910691704603,0.729949364949,0.733732813524,1.01264505007,76800
3,29,ADD_29_X7_ACC1,5L8,2.2148046875,0.887926432292,0.92761894208,0.879433801214,0.633170649835,0.647168077901,1.05479109491,76800
4,29,ADD_29_X7_ACC1,5L8,1.80837239583,0.907125651042,0.910479462175,0.906408067779,0.708255228657,0.70956329595,1.00449178967,76800
5,29,ADD_29_X7_ACC1,5L8,1.93912760417,0.940423177083,0.96784500591,0.934555987607,0.696399527207,0.706479740685,1.03562014341,76800
6,29,ADD_29_X7_ACC1,5L8,1.8568359375,0.911533203125,0.891123670213,0.915900037936,0.700647343766,0.692759074513,0.972948611532,76800
7,29,ADD_29_X7_ACC1,5L8,1.87782552083,0.883606770833,0.910719562648,0.877805703085,0.685964907972,0.696409543832,1.03749560916,76800
8,29,ADD_29_X7_ACC1,5L8,2.52723958333,0.882164713542,0.875591016548,0.883571225341,0.590815163958,0.588609735498,0.990968233726,76800
9,29,ADD_29_X7_ACC1,5L8,1.68270833333,0.912809244792,0.902870124113,0.914935824482,0.736521776814,0.732500994226,0.986812517287,76800
10,29,ADD_29_X7_ACC1,5L8,1.87920572917,0.913828125,0.911569148936,0.914311456753,0.697340833051,0.696478389157,0.997000685273,76800
1,29,ADD_29_X7_ACC1,5PD,58.6380338542,16.2162565104,16.123614805,16.2360781803,0.525878726783,0.524374431321,0.993073242558,76800
2,29,ADD_29_X7_ACC1,5PD,61.658125,17.0331803385,16.0559803487,17.2422625822,0.525596803505,0.510297284214,0.931199155108,76800
3,29,ADD_29_X7_ACC1,5PD,38.44328125,10.7455143229,13.6674608452,10.1203330488,0.528692779574,0.596257280188,1.35049516446,76800
4,29,ADD_29_X7_ACC1,5PD,53.3269401042,14.7914192708,14.1978981974,14.9184093639,0.526661523939,0.515986924739,0.951703217886,76800
5,29,ADD_29_X7_ACC1,5PD,48.3997786458,13.5715136719,15.669455526,13.1226368867,0.529532300667,0.56899082749,1.19407826806,76800
6,29,ADD_29_X7_ACC1,5PD,56.2029557292,15.562483724,16.9458111702,15.2665062279,0.526210945222,0.549100201936,1.10999929632,76800
7,29,ADD_29_X7_ACC1,5PD,55.1356510417,15.0204817708,15.8732454196,14.8380239947,0.52194612508,0.536557922719,1.06976814603,76800
8,29,ADD_29_X7_ACC1,5PD,32.1013671875,8.92539713542,13.9047724586,7.86000727112,0.52729300483,0.658142866692,1.76905338367,76800
9,29,ADD_29_X7_ACC1,5PD,62.3572916667,17.2460514323,17.3151411052,17.2312689681,0.525897633178,0.526949983586,1.00486743821,76800
10,29,ADD_29_X7_ACC1,5PD,54.3997265625,15.0448372396,14.8837544326,15.079302605,0.525890576254,0.523067684243,0.987032014845,76800
1,29,ADD_29_X7_ACC1,5PN,101.684596354,24.2323404948,24.9987625591,24.0683564112,0.48816888731,0.49582871132,1.0386568211,76800
2,29,ADD_29_X7_ACC1,5PN,85.9292447917,20.3232617188,23.5733968676,19.6278610268,0.486324565576,0.523769959886,1.20101710703,76800
3,29,ADD_29_X7_ACC1,5PN,155.322630208,37.5525553385,31.7411347518,38.795970062,0.491702457966,0.452057684618,0.818155460505,76800
4,29,ADD_29_X7_ACC1,5PN,117.531992187,28.0770084635,30.0093454492,27.6635645865,0.48876192618,0.505301063918,1.0847967678,76800
5,29,ADD_29_X7_ACC1,5PN,131.101614583,31.5260644531,26.1352135047,32.679493867,0.490377866053,0.446487192869,0.799743521461,76800
6,29,ADD_29_X7_ACC1,5PN,108.735143229,25.0273632813,22.8169880319,25.5002963771,0.479758395481,0.458083017899,0.894773444767,76800
7,29,ADD_29_X7_ACC1,5PN,112.888723958,27.1250325521,26.5548721927,27.2470243741,0.490184813327,0.485005681134,0.974597146027,76800
8,29,ADD_29_X7_ACC1,5PN,172.919882812,41.9765527344,30.1095412234,44.515625,0.492698135363,0.417281953492,0.676381410424,76800
9,29,ADD_29_X7_ACC1,5PN,87.9119140625,20.7121158854,20.4791112589,20.7619696826,0.485387251693,0.482649304607,0.986376127696,76800
10,29,ADD_29_X7_ACC1,5PN,114.484440104,27.1382910156,28.6420656028,26.8165425835,0.486875605784,0.50018300952,1.06807451086,76800
1,29,ADD_29_X7_ACC1,5QC,0.419453125,0.486279296875,0.503527630024,0.482588834092,1.07671601527,1.0956451891,1.04338847991,76800
2,29,ADD_29_X7_ACC1,5QC,0.420234375,0.484632161458,0.480496453901,0.485517039707,1.07389131116,1.06929935813,0.989659300506,76800
3,29,ADD_29_X7_ACC1,5QC,0.366940104167,0.384140625,0.440418144208,0.372099456247,1.02316936743,1.09555708385,1.18360329964,76800
4,29,ADD_29_X7_ACC1,5QC,0.409986979167,0.458294270833,0.442209663121,0.461735742286,1.05727309838,1.03855399864,0.957711570973,76800
5,29,ADD_29_X7_ACC1,5QC,0.427903645833,0.462952473958,0.500295508274,0.454962537936,1.04014817457,1.08128532403,1.09964110571,76800
6,29,ADD_29_X7_ACC1,5QC,0.3959765625,0.451897786458,0.473496601655,0.44727649216,1.06828066088,1.0935123508,1.05862170258,76800
7,29,ADD_29_X7_ACC1,5QC,0.420533854167,0.4438671875,0.453014184397,0.441910091047,1.02736801078,1.03789977668,1.02512749442,76800
8,29,ADD_29_X7_ACC1,5QC,0.323216145833,0.325540364583,0.417811761229,0.305797926151,1.00358901531,1.13695639007,1.36630017897,76800
9,29,ADD_29_X7_ACC1,5QC,0.426432291667,0.4885546875,0.4752696513,0.491397161103,1.07036413865,1.05571088484,0.967180295126,76800
10,29,ADD_29_X7_ACC1,5QC,0.416940104167,0.465380859375,0.458111702128,0.466936172231,1.05649494478,1.04821134909,0.98110133541,76800
1,29,ADD_29_X7_ACC1,5QT,0.399270833333,0.355276692708,0.3646018026,0.353281487102,0.943299415963,0.955598837244,1.03204333063,76800
2,29,ADD_29_X7_ACC1,5QT,0.376666666667,0.354951171875,0.362754875887,0.353281487102,0.970746230441,0.981359282922,1.02681541244,76800
3,29,ADD_29_X7_ACC1,5QT,0.512005208333,0.376217447917,0.366060874704,0.378390553869,0.857200226475,0.845550337357,0.967415467855,76800
4,29,ADD_29_X7_ACC1,5QT,0.412604166667,0.359186197917,0.345670803783,0.362077959029,0.933024430133,0.915302281863,0.954686125355,76800
5,29,ADD_29_X7_ACC1,5QT,0.433020833333,0.33205078125,0.339317375887,0.330496016692,0.875684892957,0.885214775126,1.02669127235,76800
6,29,ADD_29_X7_ACC1,5QT,0.4208984375,0.366468098958,0.352264332151,0.369507144664,0.933102667331,0.914841124648,0.953335645163,76800
7,29,ADD_29_X7_ACC1,5QT,0.4146875,0.339166666667,0.343546838061,0.338229482802,0.904369920734,0.910190934447,1.01572114653,76800
8,29,ADD_29_X7_ACC1,5QT,0.5946484375,0.404485677083,0.346391105201,0.416915623419,0.824748307245,0.76322611969,0.830842227401,76800
9,29,ADD_29_X7_ACC1,5QT,0.3716015625,0.3427734375,0.345319887707,0.342228597623,0.960428002982,0.963988892472,1.00903282223,76800
10,29,ADD_29_X7_ACC1,5QT,0.417994791667,0.346565755208,0.35259677896,0.345275354072,0.91055752614,0.918446228517,1.02120459743,76800
1,29,ADD_29_X7_ACC1,5TE,30.8122005208,8.00538736979,8.08621453901,7.98809354451,0.509717821253,0.512284566361,1.01228340579,76800
2,29,ADD_29_X7_ACC1,5TE,28.1950651042,7.35189453125,7.85656767139,7.24391439049,0.510637944451,0.527873520149,1.08457489251,76800
3,29,ADD_29_X7_ACC1,5TE,40.9435677083,10.6466536458,9.24192893026,10.9472093134,0.509933708493,0.475103763493,0.844226931789,76800
4,29,ADD_29_X7_ACC1,5TE,32.880703125,8.56908528646,8.97820626478,8.48154953844,0.510501102875,0.522545655513,1.05855731009,76800
5,29,ADD_29_X7_ACC1,5TE,35.7024088542,9.2640234375,8.37562795508,9.45410502023,0.509390760138,0.484350697323,0.885924996301,76800
6,29,ADD_29_X7_ACC1,5TE,32.540390625,8.41464518229,7.70809323286,8.56581942337,0.508518225642,0.48670084301,0.899866416963,76800
7,29,ADD_29_X7_ACC1,5TE,32.8263151042,8.49630533854,8.36107417258,8.52523947269,0.508749492245,0.504684504981,0.980743614225,76800
8,29,ADD_29_X7_ACC1,5TE,44.9413802083,11.830374349,9.15902039007,12.4019387013,0.513069313706,0.451441322893,0.738515212069,76800
9,29,ADD_29_X7_ACC1,5TE,28.1518880208,7.38347330729,7.20090868794,7.42253493298,0.512125724561,0.505754655004,0.970141434559,76800
10,29,ADD_29_X7_ACC1,5TE,32.88546875,8.43789713542,8.59986332742,8.4032427605,0.506541573379,0.511380020594,1.02339817765,76800
1,29,ADD_29_X7_ACC1,5SB,430.943619792,100.114023437,102.170138889,99.6740958523,0.481989114552,0.486913442175,1.02504204342,76800
2,29,ADD_29_X7_ACC1,5SB,388.621575521,88.309391276,97.9445183215,86.2478542299,0.476694335743,0.502026466339,1.13561687066,76800
3,29,ADD_29_X7_ACC1,5SB,626.595429687,149.48991862,127.418772163,154.212273173,0.48844125821,0.450944502182,0.82625571585,76800
4,29,ADD_29_X7_ACC1,5SB,488.560768229,111.076917318,120.293458186,109.104941199,0.476817969799,0.496205655826,1.10254821518,76800
5,29,ADD_29_X7_ACC1,5SB,524.546302083,123.982200521,105.722665485,127.889020612,0.486169550942,0.448943964283,0.826675073268,76800
6,29,ADD_29_X7_ACC1,5SB,454.798203125,100.161975911,93.5735261525,101.571644221,0.469290833749,0.4535938187,0.92125638873,76800
7,29,ADD_29_X7_ACC1,5SB,466.542838542,108.91764974,105.10608747,109.733173685,0.483173789211,0.474644192341,0.957833296358,76800
8,29,ADD_29_X7_ACC1,5SB,692.444101563,170.153391927,120.593048168,180.757350152,0.495710302871,0.417319594082,0.66715432632,76800
9,29,ADD_29_X7_ACC1,5SB,394.611054687,89.1259505208,89.2454750296,89.1003769917,0.475244898413,0.47556346097,1.00162847838,76800
10,29,ADD_29_X7_ACC1,5SB,471.319036458,108.902226563,113.486203457,107.921436362,0.480685353134,0.490697723493,1.05156313039,76800
1,29,ADD_29_X7_ACC1,5Z0,207.150390625,54.8907584635,53.2239029255,55.247399785,0.514762305829,0.506886215378,0.963373898729,76800
2,29,ADD_29_X7_ACC1,5Z0,254.903802083,67.3434375,61.2565935284,68.6457819613,0.513995697622,0.490216883171,0.892357720725,76800
3,29,ADD_29_X7_ACC1,5Z0,103.25671875,27.3992415365,43.4400118203,23.9671495637,0.515122014381,0.64861323663,1.81248135932,76800
4,29,ADD_29_X7_ACC1,5Z0,181.750807292,47.628030599,51.8641770095,46.7216623988,0.511909439244,0.534189775312,1.11006702987,76800
5,29,ADD_29_X7_ACC1,5Z0,119.993893229,32.1388183594,51.2581264775,28.0480407499,0.51752982184,0.653584571956,1.82751183709,76800
6,29,ADD_29_X7_ACC1,5Z0,192.592304687,50.8528222656,60.6381316489,48.7591521244,0.513852016579,0.561117018168,1.24362563759,76800
7,29,ADD_29_X7_ACC1,5Z0,174.016705729,45.7334342448,48.232989805,45.1986279717,0.512650559898,0.526473626432,1.06713393679,76800
8,29,ADD_29_X7_ACC1,5Z0,71.7318098958,19.107483724,35.9014479905,15.5142379552,0.516114255419,0.707457065154,2.31409677318,76800
9,29,ADD_29_X7_ACC1,5Z0,239.754440104,63.447203776,68.2892287234,62.4112014732,0.51442600416,0.533694558086,1.09418224792,76800
10,29,ADD_29_X7_ACC1,5Z0,185.072734375,48.5329199219,47.3291408097,48.7904811583,0.512090818999,0.505700158224,0.970048658797,76800
1,30,ADD_30_X7_ACC2,5L8,1.70981770833,0.915999348958,0.918642878251,0.915433737987,0.731935273372,0.732990677149,1.00350559536,76800
2,30,ADD_30_X7_ACC2,5L8,1.6290234375,0.892320963542,0.891696217494,0.892454634547,0.74011103862,0.739851904056,0.999150189797,76800
3,30,ADD_30_X7_ACC2,5L8,2.19229166667,0.908395182292,0.910571808511,0.907929470157,0.643707018855,0.644477757901,1.00291029033,76800
4,30,ADD_30_X7_ACC2,5L8,1.74529947917,0.902317708333,0.896867612293,0.903483813859,0.719026274858,0.716851487866,0.992677011513,76800
5,30,ADD_30_X7_ACC2,5L8,1.86385416667,0.927874348958,0.907099586288,0.932319328528,0.705567584405,0.697624171874,0.972949458979,76800
6,30,ADD_30_X7_ACC2,5L8,1.810625,0.911572265625,0.889516843972,0.91629125569,0.709547207907,0.70091092915,0.970779583944,76800
7,30,ADD_30_X7_ACC2,5L8,1.80385416667,0.881598307292,0.8984375,0.877995384421,0.699092530438,0.705737546673,1.02328271417,76800
8,30,ADD_30_X7_ACC2,5L8,2.503671875,0.903756510417,0.861683658392,0.912758440819,0.600809808439,0.586658304856,0.944043483857,76800
9,30,ADD_30_X7_ACC2,5L8,1.598515625,0.887278645833,0.883255762411,0.888139384168,0.745026244972,0.743335367642,0.994501289049,76800
10,30,ADD_30_X7_ACC2,5L8,1.79920572917,0.897434895833,0.897938829787,0.897327073849,0.706254232706,0.706452495299,1.00068175357,76800
1,30,ADD_30_X7_ACC2,5PD,67.5230859375,18.4808886719,18.4120862884,18.4956096674,0.523160907367,0.522186163088,0.995484151076,76800
2,30,ADD_30_X7_ACC2,5PD,71.3886458333,19.4789583333,18.7625775709,19.6322355526,0.522358050462,0.51266265038,0.955702549546,76800
3,30,ADD_30_X7_ACC2,5PD,50.4839713542,13.8277734375,16.5765735816,13.2396386571,0.523358608128,0.573021117208,1.25204123851,76800
4,30,ADD_30_X7_ACC2,5PD,64.6616145833,17.709781901,17.0460623522,17.8517916983,0.523339281829,0.513438893762,0.954865631436,76800
5,30,ADD_30_X7_ACC2,5PD,59.4783463542,16.4690950521,18.7785165485,15.9749699671,0.5262055511,0.561889863939,1.17549620357,76800
6,30,ADD_30_X7_ACC2,5PD,65.69546875,17.9239453125,19.4744385343,17.5922009358,0.522334963569,0.544458478059,1.10699272964,76800
7,30,ADD_30_X7_ACC2,5PD,64.901015625,17.6524283854,18.0468565307,17.568036324,0.521526622188,0.527320962811,1.02725519221,76800
8,30,ADD_30_X7_ACC2,5PD,41.8273307292,11.5416503906,16.5739324764,10.4649405665,0.5252957442,0.62948111789,1.58375791731,76800
9,30,ADD_30_X7_ACC2,5PD,71.8043098958,19.5326367187,19.76915263,19.4820316452,0.521561085006,0.524709311089,1.01473773321,76800
10,30,ADD_30_X7_ACC2,5PD,63.8386458333,17.4760384115,17.1674793144,17.5420578844,0.523214368757,0.518574829662,0.978646828527,76800
1,30,ADD_30_X7_ACC2,5PN,92.9878645833,22.1122135417,23.2169584811,21.8758417109,0.487644098411,0.499677190623,1.06130583627,76800
2,30,ADD_30_X7_ACC2,5PN,79.21125,18.591875,21.5874150414,17.9509476163,0.48447141981,0.522043733929,1.20257801999,76800
3,30,ADD_30_X7_ACC2,5PN,137.271627604,32.9720963542,28.1383717494,34.0063227112,0.490097953037,0.452750657803,0.827445295641,76800
4,30,ADD_30_X7_ACC2,5PN,102.924934896,24.3935351562,27.5473921395,23.7187341932,0.486829706709,0.517344629594,1.16141915142,76800
5,30,ADD_30_X7_ACC2,5PN,115.906783854,27.5831152344,22.6406434693,28.6406091932,0.487828567491,0.441967113757,0.79050844612,76800
6,30,ADD_30_X7_ACC2,5PN,98.7030989583,22.6175585938,20.5564236111,23.0585601606,0.478693431089,0.45636085508,0.891487736786,76800
7,30,ADD_30_X7_ACC2,5PN,103.948606771,24.9329264323,25.026411052,24.912924412,0.489753210223,0.490670502393,1.00455533193,76800
8,30,ADD_30_X7_ACC2,5PN,159.893411458,38.7473730469,27.6686059397,41.1177921093,0.492272808744,0.415985655209,0.672910789232,76800
9,30,ADD_30_X7_ACC2,5PN,79.6643880208,18.6503808594,18.682661052,18.6434741717,0.483851108502,0.484269653696,1.00210190869,76800
10,30,ADD_30_X7_ACC2,5PN,105.230013021,24.7930924479,26.1608488475,24.5004465415,0.485395267601,0.498604396589,1.0677702875,76800
1,30,ADD_30_X7_ACC2,5QC,0.424661458333,0.492291666667,0.491744237589,0.492408794891,1.07668786605,1.07608906027,0.998650395138,76800
2,30,ADD_30_X7_ACC2,5QC,0.443802083333,0.50541015625,0.494496158392,0.507745321194,1.06715453455,1.05556940191,0.973905888938,76800
3,30,ADD_30_X7_ACC2,5QC,0.3316796875,0.3775390625,0.449135638298,0.36222022003,1.06689457974,1.16366861374,1.23995186757,76800
4,30,ADD_30_X7_ACC2,5QC,0.421223958333,0.4696875,0.444462913712,0.475084566262,1.0559612189,1.02721471478,0.935544838275,76800
5,30,ADD_30_X7_ACC2,5QC,0.392096354167,0.451790364583,0.506020981087,0.440187152251,1.07342592535,1.13602492491,1.14955872405,76800
6,30,ADD_30_X7_ACC2,5QC,0.41296875,0.465693359375,0.513981235225,0.455361659079,1.0619190896,1.11561677856,1.12873191007,76800
7,30,ADD_30_X7_ACC2,5QC,0.403671875,0.457822265625,0.449819001182,0.459534648457,1.06496223939,1.05561281168,0.978857639334,76800
8,30,ADD_30_X7_ACC2,5QC,0.265299479167,0.301565755208,0.437721631206,0.2724337696,1.06616105092,1.28449023145,1.60670841888,76800
9,30,ADD_30_X7_ACC2,5QC,0.448059895833,0.505592447917,0.500554078014,0.506670460293,1.06226348338,1.05695735492,0.987928283254,76800
10,30,ADD_30_X7_ACC2,5QC,0.412942708333,0.472763671875,0.485446217494,0.470050107486,1.06998366522,1.08424058548,1.03275418889,76800
1,30,ADD_30_X7_ACC2,5QT,0.384270833333,0.350628255208,0.35376034279,0.349958112038,0.955222941226,0.959479857449,1.01086481673,76800
2,30,ADD_30_X7_ACC2,5QT,0.359973958333,0.345279947917,0.352190455083,0.343801372028,0.979377532716,0.989129715213,1.02440095862,76800
3,30,ADD_30_X7_ACC2,5QT,0.503763020833,0.373313802083,0.351211583924,0.378042804755,0.86084285893,0.834970772415,0.929025971414,76800
4,30,ADD_30_X7_ACC2,5QT,0.396106770833,0.351416015625,0.357509604019,0.350112228123,0.941899664408,0.950030883438,1.02112858478,76800
5,30,ADD_30_X7_ACC2,5QT,0.422057291667,0.339205729167,0.34439642435,0.33809512519,0.896490900041,0.903324133259,1.01863765162,76800
6,30,ADD_30_X7_ACC2,5QT,0.410052083333,0.357233072917,0.336731678487,0.361619562468,0.933375330961,0.906196699757,0.931176610545,76800
7,30,ADD_30_X7_ACC2,5QT,0.4081640625,0.344632161458,0.358414598109,0.341683263784,0.918883641414,0.937077398244,1.04896738031,76800
8,30,ADD_30_X7_ACC2,5QT,0.585651041667,0.399176432292,0.357601950355,0.408071731158,0.825587266743,0.781412725145,0.876321301009,76800
9,30,ADD_30_X7_ACC2,5QT,0.355703125,0.343753255208,0.340259308511,0.344500821952,0.983058967954,0.978050247263,0.98768794391,76800
10,30,ADD_30_X7_ACC2,5QT,0.407135416667,0.3444921875,0.3463356974,0.344097749115,0.919856850441,0.922314819952,1.00650381553,76800
1,30,ADD_30_X7_ACC2,5TE,27.5326822917,7.2296875,7.42436835106,7.18803347876,0.512431125268,0.519284660305,1.03287893316,76800
2,30,ADD_30_X7_ACC2,5TE,24.4641536458,6.42841796875,7.05551861702,6.29424317147,0.51260985979,0.537031021361,1.12094789235,76800
3,30,ADD_30_X7_ACC2,5TE,36.9621744792,9.71178710938,8.47763371749,9.9758472433,0.512590815689,0.478915141388,0.849815911444,76800
4,30,ADD_30_X7_ACC2,5TE,29.11296875,7.64883789062,8.18077718676,7.53502386823,0.512571531056,0.530095399354,1.0857002353,76800
5,30,ADD_30_X7_ACC2,5TE,32.0778645833,8.32498372396,7.30500147754,8.5432196826,0.509435225778,0.477207685263,0.855064220392,76800
6,30,ADD_30_X7_ACC2,5TE,29.114375,7.58875,6.87830599882,7.7407569866,0.51054189635,0.486056785669,0.888583120582,76800
7,30,ADD_30_X7_ACC2,5TE,29.585234375,7.67555338542,7.79465868794,7.65006954982,0.509351208922,0.513287921211,1.0189003691,76800
8,30,ADD_30_X7_ACC2,5TE,42.08390625,11.0880045573,8.53557180851,11.6341244626,0.513296940493,0.450358421168,0.733666881077,76800
9,30,ADD_30_X7_ACC2,5TE,24.4627864583,6.47957682292,6.36565455083,6.50395169449,0.514659933456,0.510115560334,0.978736443603,76800
10,30,ADD_30_X7_ACC2,5TE,29.7157291667,7.69095377604,7.95445478723,7.63457495574,0.508741193914,0.517382831296,1.0418988396,76800
1,30,ADD_30_X7_ACC2,5SB,378.273111979,87.1277832031,90.5439568558,86.3968568222,0.479927455998,0.489245678992,1.04800058921,76800
2,30,ADD_30_X7_ACC2,5SB,337.263945313,75.2930371094,84.428856383,73.3383322269,0.4724898134,0.500334551938,1.15122411186,76800
3,30,ADD_30_X7_ACC2,5SB,542.920104167,129.122145182,109.467438682,133.327476922,0.487677146789,0.449029130401,0.821041852806,76800
4,30,ADD_30_X7_ACC2,5SB,415.462382812,93.8596191406,104.973958333,91.4815890554,0.475306266371,0.502660701617,1.14748726402,76800
5,30,ADD_30_X7_ACC2,5SB,453.398684896,106.32172526,87.2911125887,110.393525544,0.484251393961,0.4387780426,0.790726740166,76800
6,30,ADD_30_X7_ACC2,5SB,400.551289063,86.9476106771,80.2613770686,88.3782008725,0.465907561753,0.447635206577,0.908158078306,76800
7,30,ADD_30_X7_ACC2,5SB,414.564375,96.3225488281,95.5374372045,96.49053174,0.482023257795,0.480054786325,0.990122403532,76800
8,30,ADD_30_X7_ACC2,5SB,630.495911458,154.740253906,108.571882388,164.618463897,0.495405147988,0.414970808023,0.659536481008,76800
9,30,ADD_30_X7_ACC2,5SB,340.677330729,75.7735644531,74.753730792,75.9917686204,0.471614599412,0.468430126276,0.983708264054,76800
10,30,ADD_30_X7_ACC2,5SB,416.600794271,95.7438411458,100.303191489,94.7683200556,0.479397071436,0.49067883909,1.0584042371,76800
1,30,ADD_30_X7_ACC2,5Z0,241.845390625,64.0308723958,66.0149231678,63.6063638088,0.514547890701,0.522458926606,1.03786664124,76800
2,30,ADD_30_X7_ACC2,5Z0,279.363736979,73.7012890625,66.9332520686,75.149381955,0.513632535905,0.48948112269,0.890669361841,76800
3,30,ADD_30_X7_ACC2,5Z0,152.132473958,40.0113639323,55.0242870863,36.799190693,0.512838609742,0.601403911377,1.49525807634,76800
4,30,ADD_30_X7_ACC2,5Z0,232.714791667,61.0168001302,60.4143210697,61.1457068791,0.512050412064,0.509516151304,0.98803864005,76800
5,30,ADD_30_X7_ACC2,5Z0,183.010846354,48.5303938802,62.3948914007,45.5639384168,0.51495406803,0.58389680901,1.36939197025,76800
6,30,ADD_30_X7_ACC2,5Z0,231.392747396,61.0627669271,71.1342900414,58.9078583397,0.513704498028,0.554452861744,1.20755179438,76800
7,30,ADD_30_X7_ACC2,5Z0,219.003815104,57.0908105469,58.383846779,56.8141518083,0.510572317473,0.51632186042,1.02762859113,76800
8,30,ADD_30_X7_ACC2,5Z0,133.323385417,34.9385872396,54.1590942671,30.8261570561,0.511916942826,0.637356662385,1.75692007825,76800
9,30,ADD_30_X7_ACC2,5Z0,283.643398438,75.024921875,78.9069333629,74.1943245764,0.514299895219,0.527437789447,1.0635171061,76800
10,30,ADD_30_X7_ACC2,5Z0,219.965846354,57.5292089844,52.8474069149,58.5309299127,0.51140688936,0.490155876985,0.902897100621,76800
1,31,ADD_31_X7_ACC3,5L8,1.8741015625,0.980891927083,0.98998965721,0.978945371775,0.723459158256,0.726806440869,1.01128181996,76800
2,31,ADD_31_X7_ACC3,5L8,1.71888020833,0.988310546875,0.98605570331,0.988792994436,0.758270061955,0.757404566433,0.997231684344,76800
3,31,ADD_31_X7_ACC3,5L8,2.4709375,0.95013671875,0.97591607565,0.944620953465,0.620100627449,0.628456692906,1.03312982003,76800
4,31,ADD_31_X7_ACC3,5L8,1.90444010417,0.969466145833,0.991688829787,0.964711368235,0.713481414714,0.721612506557,1.02796428283,76800
5,31,ADD_31_X7_ACC3,5L8,2.219921875,0.9935546875,1.00313977541,0.991503856854,0.669001425197,0.672220697414,1.01173562612,76800
6,31,ADD_31_X7_ACC3,5L8,1.9068359375,0.97490234375,0.968399083924,0.976293784775,0.715029390009,0.712640534034,0.991913601239,76800
7,31,ADD_31_X7_ACC3,5L8,2.0405078125,0.944508463542,0.968288268322,0.93942052352,0.680352203965,0.688863547823,1.03072931033,76800
8,31,ADD_31_X7_ACC3,5L8,2.8394140625,0.948356119792,0.957742316785,0.946347843955,0.577924839535,0.580777755348,1.01204047,76800
9,31,ADD_31_X7_ACC3,5L8,1.69544270833,0.966995442708,0.9661643026,0.9671732739,0.755215081631,0.754890455241,0.998956783311,76800
10,31,ADD_31_X7_ACC3,5L8,2.0334375,0.973873697917,0.985815602837,0.971318601416,0.692047500052,0.69627760948,1.0149250734,76800
1,31,ADD_31_X7_ACC3,5PD,77.1829947917,20.7378320313,19.6699726655,20.9663118045,0.518347327114,0.504825245732,0.938170377742,76800
2,31,ADD_31_X7_ACC3,5PD,89.2357552083,23.6104589844,21.3569001182,24.0926316705,0.514378447314,0.48921487825,0.886449451032,76800
3,31,ADD_31_X7_ACC3,5PD,49.3976692708,13.389671224,16.5564790189,12.7120992982,0.520633042507,0.578936275064,1.3024189499,76800
4,31,ADD_31_X7_ACC3,5PD,73.6515104167,19.6077278646,17.2165152187,20.1193530286,0.515968046039,0.483483655006,0.85571912746,76800
5,31,ADD_31_X7_ACC3,5PD,55.14875,15.3223828125,19.4931663712,14.4299996839,0.527102793252,0.594529430667,1.35087780999,76800
6,31,ADD_31_X7_ACC3,5PD,77.2070182292,20.6621289063,22.4133976064,20.2874264985,0.517319850361,0.538797358212,1.10479254764,76800
7,31,ADD_31_X7_ACC3,5PD,67.6219921875,18.0763834635,18.0125960402,18.0900314555,0.517025296362,0.516112258158,0.99571944275,76800
8,31,ADD_31_X7_ACC3,5PD,36.63046875,9.98656901042,16.4799608452,8.59723934623,0.522139940821,0.670744082111,1.9168898505,76800
9,31,ADD_31_X7_ACC3,5PD,88.0566536458,23.3456022135,23.7499815307,23.2590809939,0.514898292965,0.519338536171,1.02110575809,76800
10,31,ADD_31_X7_ACC3,5PD,66.4112760417,17.9362858073,16.9748448582,18.141996238,0.519691178949,0.505570813642,0.935665768832,76800
1,31,ADD_31_X7_ACC3,5PN,115.186861979,27.753141276,29.4054004137,27.3996230083,0.490856560296,0.505256693085,1.07320456215,76800
2,31,ADD_31_X7_ACC3,5PN,96.7354557292,23.3734928385,26.9669030733,22.6046448217,0.491551433782,0.527986351457,1.19298061465,76800
3,31,ADD_31_X7_ACC3,5PN,162.603476562,39.1173242187,33.8244865544,40.2497826568,0.490478140253,0.456090149952,0.84036445222,76800
4,31,ADD_31_X7_ACC3,5PN,118.123958333,28.2116471354,31.9849106087,27.4043176214,0.488703248312,0.520359604312,1.1671485877,76800
5,31,ADD_31_X7_ACC3,5PN,148.772291667,35.6263639323,28.8311539598,37.0802707701,0.489355781399,0.440220219696,0.777533533629,76800
6,31,ADD_31_X7_ACC3,5PN,115.95671875,27.141110026,25.196623818,27.5571533574,0.483799977727,0.466147347447,0.914340588493,76800
7,31,ADD_31_X7_ACC3,5PN,129.9540625,31.4580924479,32.0103612589,31.3399287114,0.49200697758,0.496306950702,1.02139228055,76800
8,31,ADD_31_X7_ACC3,5PN,186.684036458,45.2999674479,34.4285054669,47.6260313923,0.492601073205,0.429442966286,0.722892595928,76800
9,31,ADD_31_X7_ACC3,5PN,95.6554427083,22.8125065104,22.4859264184,22.8823817653,0.488350526028,0.484842352244,0.982674209751,76800
10,31,ADD_31_X7_ACC3,5PN,131.125338542,31.372578125,33.1310579196,30.9963328275,0.489138439286,0.502660015879,1.06887024681,76800
1,31,ADD_31_X7_ACC3,5QC,0.3700390625,0.535247395833,0.507609338061,0.541160849772,1.20268943377,1.17122683796,0.938000851824,76800
2,31,ADD_31_X7_ACC3,5QC,0.387265625,0.576360677083,0.572787381797,0.577125221295,1.21995186929,1.21616428798,0.992483711785,76800
3,31,ADD_31_X7_ACC3,5QC,0.290078125,0.408860677083,0.488567523641,0.391806556651,1.18721720566,1.29779114823,1.24696107134,76800
4,31,ADD_31_X7_ACC3,5QC,0.364661458333,0.535123697917,0.503693853428,0.541848444613,1.2113849111,1.17527201042,0.929584385513,76800
5,31,ADD_31_X7_ACC3,5QC,0.32,0.46580078125,0.520648640662,0.454065503288,1.20649386298,1.27554968624,1.14663773595,76800
6,31,ADD_31_X7_ACC3,5QC,0.358033854167,0.535338541667,0.581135490544,0.525539801467,1.22279093066,1.27402119383,1.10578778034,76800
7,31,ADD_31_X7_ACC3,5QC,0.341627604167,0.497093098958,0.496915632388,0.497131069803,1.20626406252,1.2060487199,0.999566638601,76800
8,31,ADD_31_X7_ACC3,5QC,0.240494791667,0.327763671875,0.470079787234,0.297313638088,1.16742118588,1.39808298754,1.58109056233,76800
9,31,ADD_31_X7_ACC3,5QC,0.391471354167,0.570673828125,0.559009308511,0.573169575114,1.20738001719,1.1949769433,0.975294804158,76800
10,31,ADD_31_X7_ACC3,5QC,0.343111979167,0.509557291667,0.502696513002,0.511025227618,1.21864881307,1.21041694777,0.983701950185,76800
1,31,ADD_31_X7_ACC3,5QT,0.428932291667,0.399830729167,0.395279255319,0.400804564997,0.965480958837,0.959969953168,0.986214454221,76800
2,31,ADD_31_X7_ACC3,5QT,0.3940234375,0.387848307292,0.389572251773,0.387479451189,0.992133062121,0.994335580323,1.00540106211,76800
3,31,ADD_31_X7_ACC3,5QT,0.576588541667,0.445152994792,0.435283687943,0.447264637076,0.878661598043,0.86886677921,0.973212840585,76800
4,31,ADD_31_X7_ACC3,5QT,0.436471354167,0.4064453125,0.427729757683,0.401891280981,0.964990830467,0.989935411365,1.06429220519,76800
5,31,ADD_31_X7_ACC3,5QT,0.505703125,0.4323828125,0.406471631206,0.437926783005,0.924669201103,0.896535108916,0.92817257811,76800
6,31,ADD_31_X7_ACC3,5QT,0.44421875,0.401028645833,0.387023492908,0.404025196004,0.950143616768,0.933405211197,0.957919200918,76800
7,31,ADD_31_X7_ACC3,5QT,0.472174479167,0.417220052083,0.422890809693,0.416006733687,0.940007527718,0.94637414883,1.01654799177,76800
8,31,ADD_31_X7_ACC3,5QT,0.673463541667,0.4993359375,0.433935431442,0.513329065503,0.861071800943,0.802704155387,0.845335790631,76800
9,31,ADD_31_X7_ACC3,5QT,0.387278645833,0.383056640625,0.38436391844,0.38277693475,0.994534200128,0.996229804627,1.00414597523,76800
10,31,ADD_31_X7_ACC3,5QT,0.4642578125,0.4144921875,0.42135786052,0.41302320435,0.944884150601,0.952677568864,1.02017963175,76800
1,31,ADD_31_X7_ACC3,5TE,26.9904817708,7.26834309896,7.7135786052,7.17308026682,0.51893431718,0.53459222289,1.07535093966,76800
2,31,ADD_31_X7_ACC3,5TE,22.3261588542,6.10519856771,7.11199763593,5.88978328907,0.522929198049,0.564402328165,1.20751431536,76800
3,31,ADD_31_X7_ACC3,5TE,39.2873177083,10.4713671875,8.95923832742,10.7949031045,0.51626835431,0.477539560418,0.829950787027,76800
4,31,ADD_31_X7_ACC3,5TE,27.9291536458,7.52495442708,8.54689346927,7.30629979135,0.519066558035,0.553191193562,1.16979780646,76800
5,31,ADD_31_X7_ACC3,5TE,35.7608854167,9.49033203125,7.70595079787,9.87211921472,0.515153401729,0.464204113198,0.78057716183,76800
6,31,ADD_31_X7_ACC3,5TE,27.2393098958,7.30068033854,6.50945626478,7.4699710736,0.517706498284,0.488848521959,0.871416529012,76800
7,31,ADD_31_X7_ACC3,5TE,30.8420963542,8.23321289062,8.27253250591,8.22480004426,0.516669384369,0.517901652039,1.00580347989,76800
8,31,ADD_31_X7_ACC3,5TE,45.5351041667,12.1639713542,9.03926566194,12.832535091,0.51685000779,0.445546881212,0.704402177575,76800
9,31,ADD_31_X7_ACC3,5TE,22.0716536458,6.05859049479,6.0220338357,6.06641217754,0.5239240847,0.52234105205,0.992684581834,76800
10,31,ADD_31_X7_ACC3,5TE,31.1412630208,8.26431315104,8.72373670213,8.16601463708,0.515151858835,0.529277172375,1.06829795069,76800
1,31,ADD_31_X7_ACC3,5SB,405.556119792,96.1899153646,103.80139997,94.5613579603,0.487011584304,0.505913333852,1.09771477704,76800
2,31,ADD_31_X7_ACC3,5SB,322.056002604,74.9144205729,90.2078346631,71.6422333397,0.482299723948,0.529244593334,1.25914325193,76800
3,31,ADD_31_X7_ACC3,5SB,618.08234375,148.525924479,124.053320774,153.762096137,0.490205255831,0.448003109503,0.806787393584,76800
4,31,ADD_31_X7_ACC3,5SB,418.592460937,95.5428645833,114.25326906,91.5395762203,0.477753005689,0.522442641323,1.2481297574,76800
5,31,ADD_31_X7_ACC3,5SB,558.318059896,133.323408203,100.10331708,140.431197047,0.488666272751,0.423431727439,0.712828197617,76800
6,31,ADD_31_X7_ACC3,5SB,408.544739583,90.939609375,83.3921948877,92.5544583017,0.471798690064,0.451796529845,0.901006784739,76800
7,31,ADD_31_X7_ACC3,5SB,471.510794271,112.102480469,114.662030881,111.554837664,0.487597860559,0.493132919406,1.02785350489,76800
8,31,ADD_31_X7_ACC3,5SB,722.514309896,179.49507487,127.995419622,190.51396924,0.498428700354,0.420895214312,0.671842700734,76800
9,31,ADD_31_X7_ACC3,5SB,316.406497396,71.8941634115,69.8203125,72.3378856854,0.476676915749,0.469751523818,0.965197031106,76800
10,31,ADD_31_X7_ACC3,5SB,477.740546875,113.110657552,121.331689569,111.351681051,0.486581633876,0.503954202851,1.08962602471,76800
1,31,ADD_31_X7_ACC3,5Z0,172.802278646,44.7007324219,42.9237588652,45.0809346548,0.508607297409,0.498395532478,0.952148822866,76800
2,31,ADD_31_X7_ACC3,5Z0,197.292447917,50.6715299479,47.5008495863,51.3499304502,0.506788531073,0.490676725067,0.925042140658,76800
3,31,ADD_31_X7_ACC3,5Z0,121.764544271,31.4370214844,41.4776152482,29.2887305577,0.50811295986,0.58364190393,1.41616295614,76800
4,31,ADD_31_X7_ACC3,5Z0,185.181497396,47.6329492187,48.1437647754,47.5236548432,0.50717161606,0.509883817232,1.01304844786,76800
5,31,ADD_31_X7_ACC3,5Z0,137.461341146,35.9274707031,45.6703605201,33.8428766755,0.511237889781,0.576403927785,1.34948222511,76800
6,31,ADD_31_X7_ACC3,5Z0,173.130299479,44.5382584635,49.7387706856,43.4255540276,0.507200970045,0.535995302491,1.14538022138,76800
7,31,ADD_31_X7_ACC3,5Z0,160.256992188,41.0000976562,42.2353908097,40.7357936583,0.505805971057,0.513369147538,1.03681276383,76800
8,31,ADD_31_X7_ACC3,5Z0,91.9784895833,23.6834960938,37.1444666076,20.8033794891,0.507434240764,0.635482984281,1.78550156368,76800
9,31,ADD_31_X7_ACC3,5Z0,199.333164063,51.4486621094,53.5634419326,50.9961826631,0.508039245772,0.518375488986,1.05034218515,76800
10,31,ADD_31_X7_ACC3,5Z0,157.775651042,40.5258365885,39.3115211288,40.7856521877,0.506810966862,0.499160181504,0.96385662654,76800
