node_id,node_name,monitor_input,bias,image_index,lower,upper,roi_trigger_rate,non_roi_trigger_rate,gap
0,ADD_00_S0,input1,ROI,1,-85,-48,0.291897532506,0.188272556272,0.103624976234
0,ADD_00_S0,input1,Non-ROI,1,-47,300,0.599817154255,0.690722606854,0.0909054525985
0,ADD_00_S0,input2,ROI,1,-84,-45,0.296995050236,0.194121064112,0.102873986124
0,ADD_00_S0,input2,Non-ROI,1,-44,295,0.583545729905,0.676816593955,0.0932708640501
1,ADD_01_S1,input1,ROI,1,-84,-49,0.285774970449,0.177142608751,0.108632361699
1,ADD_01_S1,input1,Non-ROI,1,-48,300,0.603972739362,0.695207780096,0.0912350407344
1,ADD_01_S1,input2,ROI,1,-84,-48,0.285719562648,0.180363239757,0.105356322891
1,ADD_01_S1,input2,Non-ROI,1,-47,294,0.596224881797,0.691364757208,0.0951398754112
2,ADD_02_S2,input1,ROI,1,-83,-51,0.269743646572,0.160276776682,0.10946686989
2,ADD_02_S2,input1,Non-ROI,1,-50,289,0.614241651891,0.703111169069,0.088869517178
2,ADD_02_S2,input2,ROI,1,-83,-48,0.277537677305,0.174178837886,0.103358839419
2,ADD_02_S2,input2,Non-ROI,1,-47,288,0.596538859338,0.689163663379,0.0926248040408
3,ADD_03_S3,input1,ROI,1,-84,-46,0.300808953901,0.192609540971,0.10819941293
3,ADD_03_S3,input1,Non-ROI,1,-45,285,0.587922946217,0.679452374178,0.0915294279606
3,ADD_03_S3,input2,ROI,1,-84,-45,0.299109781324,0.19592896434,0.103180816984
3,ADD_03_S3,input2,Non-ROI,1,-44,287,0.585974438534,0.675680481791,0.0897060432563
4,ADD_04_D0,input1,ROI,1,-85,-48,0.291897532506,0.188272556272,0.103624976234
4,ADD_04_D0,input1,Non-ROI,1,-47,300,0.599817154255,0.690722606854,0.0909054525985
4,ADD_04_D0,input2,ROI,1,45,84,0.296995050236,0.194121064112,0.102873986124
4,ADD_04_D0,input2,Non-ROI,1,-295,44,0.583545729905,0.676816593955,0.0932708640501
5,ADD_05_D1,input1,ROI,1,-84,-49,0.285774970449,0.177142608751,0.108632361699
5,ADD_05_D1,input1,Non-ROI,1,-48,300,0.603972739362,0.695207780096,0.0912350407344
5,ADD_05_D1,input2,ROI,1,48,84,0.285719562648,0.180363239757,0.105356322891
5,ADD_05_D1,input2,Non-ROI,1,-294,47,0.596224881797,0.691364757208,0.0951398754112
6,ADD_06_D2,input1,ROI,1,-83,-51,0.269743646572,0.160276776682,0.10946686989
6,ADD_06_D2,input1,Non-ROI,1,-50,289,0.614241651891,0.703111169069,0.088869517178
6,ADD_06_D2,input2,ROI,1,48,83,0.277537677305,0.174178837886,0.103358839419
6,ADD_06_D2,input2,Non-ROI,1,-288,47,0.596538859338,0.689163663379,0.0926248040408
7,ADD_07_D3,input1,ROI,1,-84,-46,0.300808953901,0.192609540971,0.10819941293
7,ADD_07_D3,input1,Non-ROI,1,-45,285,0.587922946217,0.679452374178,0.0915294279606
7,ADD_07_D3,input2,ROI,1,45,84,0.299109781324,0.19592896434,0.103180816984
7,ADD_07_D3,input2,Non-ROI,1,-287,44,0.585974438534,0.675680481791,0.0897060432563
8,ADD_08_X0_ACC1,input1,ROI,1,-59,-33,0.295074246454,0.185174427795,0.109899818659
8,ADD_08_X0_ACC1,input1,Non-ROI,1,-32,203,0.600426640071,0.692852570182,0.0924259301112
8,ADD_08_X0_ACC1,input2,ROI,1,-58,-32,0.288794695626,0.179246886065,0.109547809562
8,ADD_08_X0_ACC1,input2,Non-ROI,1,-31,200,0.594756575059,0.686067510749,0.0913109356895
9,ADD_09_X0_ACC2,input1,ROI,1,-119,-69,0.293181146572,0.1843465478,0.108834598772
9,ADD_09_X0_ACC2,input1,Non-ROI,1,-68,399,0.610307697991,0.701818964972,0.0915112669816
9,ADD_09_X0_ACC2,input2,ROI,1,-59,-29,0.321614583333,0.213448801846,0.108165781487
9,ADD_09_X0_ACC2,input2,Non-ROI,1,-28,198,0.570090868794,0.660853724077,0.0907628552826
10,ADD_10_X0_ACC3,input1,ROI,1,-178,-105,0.285304004137,0.176911434623,0.108392569514
10,ADD_10_X0_ACC3,input1,Non-ROI,1,-104,595,0.612948803191,0.704842011254,0.0918932080629
10,ADD_10_X0_ACC3,input2,ROI,1,-59,-31,0.307568705674,0.200836968892,0.106731736781
10,ADD_10_X0_ACC3,input2,Non-ROI,1,-30,202,0.580073507683,0.671568743677,0.0914952359941
11,ADD_11_X1_ACC1,input1,ROI,1,-2,9,0.574440381206,0.546952058042,0.0274883231632
11,ADD_11_X1_ACC1,input1,Non-ROI,1,-18,-3,0.227735298463,0.255111516818,0.0273762183551
11,ADD_11_X1_ACC1,input2,ROI,1,-1,4,0.464954565603,0.433396165276,0.0315584003272
11,ADD_11_X1_ACC1,input2,Non-ROI,1,-19,-2,0.292553191489,0.324449924127,0.0318967326381
12,ADD_12_X1_ACC2,input1,ROI,1,4,16,0.380365322104,0.35061606917,0.0297492529336
12,ADD_12_X1_ACC2,input1,Non-ROI,1,-39,3,0.446808510638,0.476337253414,0.029528742776
12,ADD_12_X1_ACC2,input2,ROI,1,0,2,0.429659796099,0.391630706247,0.0380290898525
12,ADD_12_X1_ACC2,input2,Non-ROI,1,-14,-1,0.361923758865,0.392592943854,0.0306691849891
13,ADD_13_X1_ACC3,input1,ROI,1,4,17,0.392739731087,0.358574781866,0.034164949221
13,ADD_13_X1_ACC3,input1,Non-ROI,1,-51,3,0.429364287825,0.461038268209,0.0316739803843
13,ADD_13_X1_ACC3,input2,ROI,1,0,0,0.653941341608,0.620182884421,0.0337584571867
13,ADD_13_X1_ACC3,input2,Non-ROI,1,1,2,0.174839317376,0.193259594714,0.0184202773383
14,ADD_14_X2_ACC1,input1,ROI,1,-77,-43,0.289958259456,0.17847630564,0.111481953816
14,ADD_14_X2_ACC1,input1,Non-ROI,1,-42,265,0.603086214539,0.695444881765,0.0923586672263
14,ADD_14_X2_ACC1,input2,ROI,1,-32,-20,0.274222443853,0.165514747724,0.10870769613
14,ADD_14_X2_ACC1,input2,Non-ROI,1,-19,108,0.624916888298,0.715638040592,0.0907211522939
15,ADD_15_X2_ACC2,input1,ROI,1,-107,-61,0.293153442671,0.182993092438,0.110160350233
15,ADD_15_X2_ACC2,input1,Non-ROI,1,-60,375,0.599964908392,0.69121261697,0.0912477085777
15,ADD_15_X2_ACC2,input2,ROI,1,16,32,0.321983968676,0.215282388088,0.106701580588
15,ADD_15_X2_ACC2,input2,Non-ROI,1,-107,15,0.572491873522,0.663169417046,0.0906775435236
16,ADD_16_X2_ACC3,input1,ROI,1,-77,-38,0.316775635343,0.20733948217,0.109436153173
16,ADD_16_X2_ACC3,input1,Non-ROI,1,-37,267,0.580923093972,0.672841189302,0.0919180953303
16,ADD_16_X2_ACC3,input2,ROI,1,41,78,0.309083185579,0.202014573849,0.10706861173
16,ADD_16_X2_ACC3,input2,Non-ROI,1,-263,40,0.58254838948,0.673789595979,0.0912412064989
17,ADD_17_X3_ACC1,input1,ROI,1,-2,7,0.594811982861,0.568200319297,0.0266116635636
17,ADD_17_X3_ACC1,input1,Non-ROI,1,-15,-3,0.200493129433,0.227192795271,0.026699665838
17,ADD_17_X3_ACC1,input2,ROI,1,-1,0,0.579944222813,0.548888388341,0.0310558344723
17,ADD_17_X3_ACC1,input2,Non-ROI,1,1,4,0.236462027187,0.268229166667,0.0317671394799
18,ADD_18_X3_ACC2,input1,ROI,1,0,5,0.523557550236,0.492999573217,0.0305579770194
18,ADD_18_X3_ACC2,input1,Non-ROI,1,-13,-1,0.239380171395,0.265850246586,0.0264700751909
18,ADD_18_X3_ACC2,input2,ROI,1,-4,0,0.429659796099,0.391630706247,0.0380290898525
18,ADD_18_X3_ACC2,input2,Non-ROI,1,1,21,0.3541481974,0.384851574355,0.0307033769556
19,ADD_19_X3_ACC3,input1,ROI,1,-2,5,0.467078531324,0.44410130564,0.022977225684
19,ADD_19_X3_ACC3,input1,Non-ROI,1,6,29,0.298306368203,0.311332274279,0.0130259060759
19,ADD_19_X3_ACC3,input2,ROI,1,-1,0,0.495604314421,0.45258756955,0.043016744871
19,ADD_19_X3_ACC3,input2,Non-ROI,1,1,6,0.304484338061,0.332218955488,0.0277346174266
20,ADD_20_X4_ACC1,input1,ROI,1,-59,-33,0.295074246454,0.185174427795,0.109899818659
20,ADD_20_X4_ACC1,input1,Non-ROI,1,-32,203,0.600426640071,0.692852570182,0.0924259301112
20,ADD_20_X4_ACC1,input2,ROI,1,32,58,0.288794695626,0.179246886065,0.109547809562
20,ADD_20_X4_ACC1,input2,Non-ROI,1,-200,31,0.594756575059,0.686067510749,0.0913109356895
21,ADD_21_X4_ACC2,input1,ROI,1,-1,3,0.480136303191,0.454269015554,0.0258672876376
21,ADD_21_X4_ACC2,input1,Non-ROI,1,-16,-2,0.282339686761,0.297740421093,0.0154007343313
21,ADD_21_X4_ACC2,input2,ROI,1,29,59,0.321614583333,0.213448801846,0.108165781487
21,ADD_21_X4_ACC2,input2,Non-ROI,1,-198,28,0.570090868794,0.660853724077,0.0907628552826
22,ADD_22_X4_ACC3,input1,ROI,1,34,65,0.321162086288,0.228166887962,0.0929951983269
22,ADD_22_X4_ACC3,input1,Non-ROI,1,-204,33,0.595052083333,0.682510985711,0.0874589023773
22,ADD_22_X4_ACC3,input2,ROI,1,-59,-31,0.307568705674,0.200836968892,0.106731736781
22,ADD_22_X4_ACC3,input2,Non-ROI,1,-30,202,0.580073507683,0.671568743677,0.0914952359941
23,ADD_23_X5_ACC1,input1,ROI,1,-1,5,0.574440381206,0.546952058042,0.0274883231632
23,ADD_23_X5_ACC1,input1,Non-ROI,1,-10,-2,0.227735298463,0.255111516818,0.0273762183551
23,ADD_23_X5_ACC1,input2,ROI,1,-4,1,0.447990543735,0.41617665655,0.0318138871849
23,ADD_23_X5_ACC1,input2,Non-ROI,1,2,23,0.293550531915,0.325564301973,0.0320137700578
24,ADD_24_X5_ACC2,input1,ROI,1,-2,1,0.406397754137,0.381053995953,0.0253437581837
24,ADD_24_X5_ACC2,input1,Non-ROI,1,2,18,0.36224697104,0.38691238303,0.0246654119897
24,ADD_24_X5_ACC2,input2,ROI,1,0,1,0.637540632388,0.603506733687,0.0340338987003
24,ADD_24_X5_ACC2,input2,Non-ROI,1,-5,-1,0.23214945331,0.261453986469,0.0293045331597
25,ADD_25_X5_ACC3,input1,ROI,1,0,5,0.544252364066,0.52647635306,0.017776011006
25,ADD_25_X5_ACC3,input1,Non-ROI,1,-10,-1,0.234753619976,0.247840398963,0.0130867789867
25,ADD_25_X5_ACC3,input2,ROI,1,0,2,0.521655215721,0.479133077264,0.0425221384575
25,ADD_25_X5_ACC3,input2,Non-ROI,1,-10,-1,0.306811465721,0.334487228123,0.0276757624024
26,ADD_26_X6_ACC1,input1,ROI,1,-32,-18,0.299349881797,0.188938416793,0.110411465004
26,ADD_26_X6_ACC1,input1,Non-ROI,1,-17,110,0.600426640071,0.692852570182,0.0924259301112
26,ADD_26_X6_ACC1,input2,ROI,1,42,76,0.288794695626,0.179246886065,0.109547809562
26,ADD_26_X6_ACC1,input2,Non-ROI,1,-262,41,0.594756575059,0.686067510749,0.0913109356895
27,ADD_27_X6_ACC2,input1,ROI,1,24,45,0.300301049054,0.196748940946,0.103552108108
27,ADD_27_X6_ACC2,input1,Non-ROI,1,-157,23,0.58190196513,0.671904637709,0.0900026725786
27,ADD_27_X6_ACC2,input2,ROI,1,-77,-40,0.30768875591,0.19856672041,0.1091220355
27,ADD_27_X6_ACC2,input2,Non-ROI,1,-39,259,0.580913859338,0.671926372028,0.0910125126903
28,ADD_28_X6_ACC3,input1,ROI,1,-31,-15,0.304955304374,0.208856932853,0.0960983715207
28,ADD_28_X6_ACC3,input1,Non-ROI,1,-14,113,0.573821660757,0.660466458017,0.0866447972607
28,ADD_28_X6_ACC3,input2,ROI,1,17,32,0.311558067376,0.204235426151,0.107322641225
28,ADD_28_X6_ACC3,input2,Non-ROI,1,-109,16,0.580073507683,0.671568743677,0.0914952359941
29,ADD_29_X7_ACC1,input1,ROI,1,0,1,0.539404181442,0.513983070941,0.0254211105013
29,ADD_29_X7_ACC1,input1,Non-ROI,1,-3,-1,0.22343195922,0.249883425013,0.0264514657928
29,ADD_29_X7_ACC1,input2,ROI,1,-4,1,0.590813386525,0.558749841932,0.0320635445926
29,ADD_29_X7_ACC1,input2,Non-ROI,1,2,12,0.235390809693,0.266925107486,0.0315342977934
30,ADD_30_X7_ACC2,input1,ROI,1,-2,-1,0.316840277778,0.290959313354,0.0258809644242
30,ADD_30_X7_ACC2,input1,Non-ROI,1,0,13,0.514858525414,0.540400148584,0.02554162317
30,ADD_30_X7_ACC2,input2,ROI,1,0,4,0.447427231087,0.409199939934,0.0382272911532
30,ADD_30_X7_ACC2,input2,Non-ROI,1,-18,-1,0.354979314421,0.385748609004,0.0307692945827
31,ADD_31_X7_ACC3,input1,ROI,1,0,8,0.658567893026,0.627428316262,0.031139576764
31,ADD_31_X7_ACC3,input1,Non-ROI,1,-11,-1,0.256824394208,0.284057678933,0.0272332847247
31,ADD_31_X7_ACC3,input2,ROI,1,-2,0,0.495604314421,0.45258756955,0.043016744871
31,ADD_31_X7_ACC3,input2,Non-ROI,1,1,10,0.300624261229,0.328476700809,0.02785243958
0,ADD_00_S0,input1,ROI,2,-340,-84,0.160996601655,0.0656257903389,0.0953708113159
0,ADD_00_S0,input1,Non-ROI,2,-83,33,0.761220079787,0.875650053743,0.114429973956
0,ADD_00_S0,input2,ROI,2,-340,-82,0.166869828605,0.0690163442084,0.0978534843968
0,ADD_00_S0,input2,Non-ROI,2,-81,30,0.747488179669,0.864235584219,0.116747404549
1,ADD_01_S1,input1,ROI,2,-337,-80,0.173648049645,0.0781091932221,0.0955388564233
1,ADD_01_S1,input1,Non-ROI,2,-79,33,0.749796838061,0.865685856095,0.115889018034
1,ADD_01_S1,input2,ROI,2,-339,-76,0.185348330378,0.0883144442337,0.0970338861446
1,ADD_01_S1,input2,Non-ROI,2,-75,32,0.731447621158,0.851323422484,0.119875801325
2,ADD_02_S2,input1,ROI,2,-336,-88,0.146682919622,0.0544780601922,0.0922048594295
2,ADD_02_S2,input1,Non-ROI,2,-87,31,0.769623596336,0.879510859256,0.109887262921
2,ADD_02_S2,input2,ROI,2,-339,-84,0.159611406619,0.0652266691958,0.0943847374236
2,ADD_02_S2,input2,Non-ROI,2,-83,33,0.759742538416,0.876187484193,0.116444945777
3,ADD_03_S3,input1,ROI,2,-336,-86,0.151549571513,0.0600598286545,0.0914897428585
3,ADD_03_S3,input1,Non-ROI,2,-85,29,0.76107232565,0.870765759358,0.109693433707
3,ADD_03_S3,input2,ROI,2,-339,-78,0.17694481383,0.0856075335104,0.0913372803194
3,ADD_03_S3,input2,Non-ROI,2,-77,34,0.746444666076,0.85881583523,0.112371169154
4,ADD_04_D0,input1,ROI,2,-340,-84,0.160996601655,0.0656257903389,0.0953708113159
4,ADD_04_D0,input1,Non-ROI,2,-83,33,0.761220079787,0.875650053743,0.114429973956
4,ADD_04_D0,input2,ROI,2,82,340,0.166869828605,0.0690163442084,0.0978534843968
4,ADD_04_D0,input2,Non-ROI,2,-30,81,0.747488179669,0.864235584219,0.116747404549
5,ADD_05_D1,input1,ROI,2,-337,-80,0.173648049645,0.0781091932221,0.0955388564233
5,ADD_05_D1,input1,Non-ROI,2,-79,33,0.749796838061,0.865685856095,0.115889018034
5,ADD_05_D1,input2,ROI,2,76,339,0.185348330378,0.0883144442337,0.0970338861446
5,ADD_05_D1,input2,Non-ROI,2,-32,75,0.731447621158,0.851323422484,0.119875801325
6,ADD_06_D2,input1,ROI,2,-336,-88,0.146682919622,0.0544780601922,0.0922048594295
6,ADD_06_D2,input1,Non-ROI,2,-87,31,0.769623596336,0.879510859256,0.109887262921
6,ADD_06_D2,input2,ROI,2,84,339,0.159611406619,0.0652266691958,0.0943847374236
6,ADD_06_D2,input2,Non-ROI,2,-33,83,0.759742538416,0.876187484193,0.116444945777
7,ADD_07_D3,input1,ROI,2,-336,-86,0.151549571513,0.0600598286545,0.0914897428585
7,ADD_07_D3,input1,Non-ROI,2,-85,29,0.76107232565,0.870765759358,0.109693433707
7,ADD_07_D3,input2,ROI,2,78,339,0.17694481383,0.0856075335104,0.0913372803194
7,ADD_07_D3,input2,Non-ROI,2,-34,77,0.746444666076,0.85881583523,0.112371169154
8,ADD_08_X0_ACC1,input1,ROI,2,-238,-61,0.139424497636,0.0484438227112,0.0909806749248
8,ADD_08_X0_ACC1,input1,Non-ROI,2,-60,21,0.787344858156,0.900883598887,0.113538740731
8,ADD_08_X0_ACC1,input2,ROI,2,-239,-62,0.139184397163,0.0472622660597,0.0919221311034
8,ADD_08_X0_ACC1,input2,Non-ROI,2,-61,22,0.788323729314,0.904783921345,0.116460192031
9,ADD_09_X0_ACC2,input1,ROI,2,-476,-119,0.143432328605,0.051601226606,0.0918311019992
9,ADD_09_X0_ACC2,input1,Non-ROI,2,-118,51,0.792922576832,0.909269094588,0.116346517756
9,ADD_09_X0_ACC2,input2,ROI,2,-238,-55,0.169307771868,0.0783739567527,0.090933815115
9,ADD_09_X0_ACC2,input2,Non-ROI,2,-54,23,0.756538120567,0.870629425898,0.11409130533
10,ADD_10_X0_ACC3,input1,ROI,2,-711,-181,0.140661938534,0.0488429438543,0.09181899468
10,ADD_10_X0_ACC3,input1,Non-ROI,2,-180,79,0.795859190307,0.91336700177,0.117507811463
10,ADD_10_X0_ACC3,input2,ROI,2,-238,-52,0.191212322695,0.100511349267,0.0907009734285
10,ADD_10_X0_ACC3,input2,Non-ROI,2,-51,23,0.730330230496,0.841177446889,0.110847216393
11,ADD_11_X1_ACC1,input1,ROI,2,-5,5,0.532265809693,0.462794796409,0.069471013284
11,ADD_11_X1_ACC1,input1,Non-ROI,2,-38,-6,0.201915263002,0.248638641249,0.046723378247
11,ADD_11_X1_ACC1,input2,ROI,2,-3,3,0.476119237589,0.398066040718,0.0780531968704
11,ADD_11_X1_ACC1,input2,Non-ROI,2,-32,-4,0.241042405437,0.28482628351,0.043783878073
12,ADD_12_X1_ACC2,input1,ROI,2,-10,5,0.471714317376,0.399783051973,0.0719312654032
12,ADD_12_X1_ACC2,input1,Non-ROI,2,-78,-11,0.186908983452,0.233434496712,0.0465255132607
12,ADD_12_X1_ACC2,input2,ROI,2,-1,1,0.398797650709,0.315264210293,0.0835334404158
12,ADD_12_X1_ACC2,input2,Non-ROI,2,2,19,0.298989731087,0.343700603819,0.0447108727314
13,ADD_13_X1_ACC3,input1,ROI,2,-14,13,0.611425088652,0.543069518209,0.0683555704431
13,ADD_13_X1_ACC3,input1,Non-ROI,2,-94,-15,0.159334367612,0.202330709408,0.0429963417959
13,ADD_13_X1_ACC3,input2,ROI,2,0,0,0.577700206856,0.504825018968,0.0728751878877
13,ADD_13_X1_ACC3,input2,Non-ROI,2,1,10,0.221114066194,0.264068032372,0.0429539661784
14,ADD_14_X2_ACC1,input1,ROI,2,-311,-79,0.141640809693,0.050862259737,0.0907785499557
14,ADD_14_X2_ACC1,input1,Non-ROI,2,-78,28,0.786218232861,0.89959139479,0.11337316193
14,ADD_14_X2_ACC1,input2,ROI,2,-130,-33,0.143432328605,0.0517909079413,0.0916414206639
14,ADD_14_X2_ACC1,input2,Non-ROI,2,-32,12,0.786827718676,0.902464276682,0.115636558006
15,ADD_15_X2_ACC2,input1,ROI,2,-442,-109,0.144078752955,0.0525061646434,0.0915725883117
15,ADD_15_X2_ACC2,input1,Non-ROI,2,-108,45,0.791740543735,0.906423874557,0.114683330822
15,ADD_15_X2_ACC2,input2,ROI,2,27,129,0.198581560284,0.107106727365,0.091474832919
15,ADD_15_X2_ACC2,input2,Non-ROI,2,-13,26,0.732232565012,0.846776997977,0.114544432965
16,ADD_16_X2_ACC3,input1,ROI,2,-312,-76,0.147292405437,0.0561338201821,0.0911585852553
16,ADD_16_X2_ACC3,input1,Non-ROI,2,-75,32,0.786957003546,0.897710388214,0.110753384668
16,ADD_16_X2_ACC3,input2,ROI,2,68,311,0.189707077423,0.098841758346,0.0908653190772
16,ADD_16_X2_ACC3,input2,Non-ROI,2,-31,67,0.734144134161,0.845324750253,0.111180616092
17,ADD_17_X3_ACC1,input1,ROI,2,-4,3,0.475223478132,0.405181066641,0.070042411491
17,ADD_17_X3_ACC1,input1,Non-ROI,2,-32,-5,0.213532432033,0.26022105779,0.0466886257565
17,ADD_17_X3_ACC1,input2,ROI,2,0,0,0.352236628251,0.280493250506,0.0717433777448
17,ADD_17_X3_ACC1,input2,Non-ROI,2,1,7,0.300596557329,0.340464166034,0.0398676087058
18,ADD_18_X3_ACC2,input1,ROI,2,0,5,0.459109042553,0.384665844714,0.074443197839
18,ADD_18_X3_ACC2,input1,Non-ROI,2,-27,-1,0.304235002955,0.359586415655,0.0553514127
18,ADD_18_X3_ACC2,input2,ROI,2,-2,2,0.398797650709,0.315264210293,0.0835334404158
18,ADD_18_X3_ACC2,input2,Non-ROI,2,-33,-3,0.297918513593,0.342791714087,0.0448732004936
19,ADD_19_X3_ACC3,input1,ROI,2,-2,8,0.564282284279,0.505451362544,0.0588309217347
19,ADD_19_X3_ACC3,input1,Non-ROI,2,-106,-3,0.251643764775,0.293543721548,0.0418999567724
19,ADD_19_X3_ACC3,input2,ROI,2,-1,1,0.577700206856,0.504825018968,0.0728751878877
19,ADD_19_X3_ACC3,input2,Non-ROI,2,-29,-2,0.221114066194,0.264068032372,0.0429539661784
20,ADD_20_X4_ACC1,input1,ROI,2,-238,-61,0.139424497636,0.0484438227112,0.0909806749248
20,ADD_20_X4_ACC1,input1,Non-ROI,2,-60,21,0.787344858156,0.900883598887,0.113538740731
20,ADD_20_X4_ACC1,input2,ROI,2,62,239,0.139184397163,0.0472622660597,0.0919221311034
20,ADD_20_X4_ACC1,input2,Non-ROI,2,-22,61,0.788323729314,0.904783921345,0.116460192031
21,ADD_21_X4_ACC2,input1,ROI,2,-2,4,0.617787751182,0.554527456373,0.0632602948087
21,ADD_21_X4_ACC2,input1,Non-ROI,2,-49,-3,0.209145981087,0.245558295397,0.0364123143096
21,ADD_21_X4_ACC2,input2,ROI,2,55,238,0.169307771868,0.0783739567527,0.090933815115
21,ADD_21_X4_ACC2,input2,Non-ROI,2,-23,54,0.756538120567,0.870629425898,0.11409130533
22,ADD_22_X4_ACC3,input1,ROI,2,62,242,0.156102245863,0.065155538695,0.0909467071679
22,ADD_22_X4_ACC3,input1,Non-ROI,2,-20,61,0.75222554669,0.859333507208,0.107107960518
22,ADD_22_X4_ACC3,input2,ROI,2,-238,-52,0.191212322695,0.100511349267,0.0907009734285
22,ADD_22_X4_ACC3,input2,Non-ROI,2,-51,23,0.730330230496,0.841177446889,0.110847216393
23,ADD_23_X5_ACC1,input1,ROI,2,-3,3,0.556386672577,0.487888056399,0.0684986161782
23,ADD_23_X5_ACC1,input1,Non-ROI,2,-22,-4,0.192809914303,0.238810777061,0.0460008627586
23,ADD_23_X5_ACC1,input2,ROI,2,-3,4,0.469082446809,0.392758915023,0.0763235317857
23,ADD_23_X5_ACC1,input2,Non-ROI,2,5,41,0.226756427305,0.270084487228,0.0433280599232
24,ADD_24_X5_ACC2,input1,ROI,2,-2,5,0.602836879433,0.534932979262,0.0679039001711
24,ADD_24_X5_ACC2,input1,Non-ROI,2,-70,-3,0.24635231974,0.286187642261,0.039835322521
24,ADD_24_X5_ACC2,input2,ROI,2,0,0,0.398797650709,0.315264210293,0.0835334404158
24,ADD_24_X5_ACC2,input2,Non-ROI,2,1,5,0.290087544326,0.334888325114,0.0448007807876
25,ADD_25_X5_ACC3,input1,ROI,2,0,9,0.6692893026,0.620929754679,0.0483595479217
25,ADD_25_X5_ACC3,input1,Non-ROI,2,-52,-1,0.282644429669,0.322317984952,0.0396735552829
25,ADD_25_X5_ACC3,input2,ROI,2,-1,1,0.421727245863,0.345433421851,0.0762938240116
25,ADD_25_X5_ACC3,input2,Non-ROI,2,2,43,0.314005245272,0.353654922231,0.0396496769588
26,ADD_26_X6_ACC1,input1,ROI,2,-129,-33,0.141640809693,0.050862259737,0.0907785499557
26,ADD_26_X6_ACC1,input1,Non-ROI,2,-32,11,0.785128546099,0.898465161861,0.113336615762
26,ADD_26_X6_ACC1,input2,ROI,2,80,313,0.140643469267,0.0485623735458,0.0920810957214
26,ADD_26_X6_ACC1,input2,Non-ROI,2,-29,79,0.78686465721,0.903483813859,0.116619156649
27,ADD_27_X6_ACC2,input1,ROI,2,39,188,0.194075059102,0.102443727871,0.0916313312311
27,ADD_27_X6_ACC2,input1,Non-ROI,2,-19,38,0.738890735816,0.852971279084,0.114080543269
27,ADD_27_X6_ACC2,input2,ROI,2,-311,-65,0.196254432624,0.105265237734,0.0909891948902
27,ADD_27_X6_ACC2,input2,Non-ROI,2,-64,30,0.729591459811,0.843738144917,0.114146685106
28,ADD_28_X6_ACC3,input1,ROI,2,-130,-31,0.159362071513,0.0719030570309,0.0874590144821
28,ADD_28_X6_ACC3,input1,Non-ROI,2,-30,14,0.761090794917,0.865672025164,0.104581230247
28,ADD_28_X6_ACC3,input2,ROI,2,30,129,0.175365691489,0.0846966679312,0.0906690235582
28,ADD_28_X6_ACC3,input2,Non-ROI,2,-12,29,0.745308806147,0.855865895296,0.110557089149
29,ADD_29_X7_ACC1,input1,ROI,2,-1,0,0.46678302305,0.403525306651,0.0632577163982
29,ADD_29_X7_ACC1,input1,Non-ROI,2,-7,-2,0.158826462766,0.203403594461,0.0445771316953
29,ADD_29_X7_ACC1,input2,ROI,2,-2,2,0.510315085697,0.434328765175,0.0759863205229
29,ADD_29_X7_ACC1,input2,Non-ROI,2,3,23,0.226756427305,0.270084487228,0.0433280599232
30,ADD_30_X7_ACC2,input1,ROI,2,-2,4,0.667987219267,0.609479719904,0.0585074993632
30,ADD_30_X7_ACC2,input1,Non-ROI,2,-16,-3,0.176335328014,0.210548258093,0.0342129300789
30,ADD_30_X7_ACC2,input2,ROI,2,-2,3,0.490469858156,0.404621901872,0.0858479562845
30,ADD_30_X7_ACC2,input2,Non-ROI,2,4,28,0.232731235225,0.278590509611,0.0458592743859
31,ADD_31_X7_ACC3,input1,ROI,2,0,8,0.591616799645,0.549979056019,0.0416377436262
31,ADD_31_X7_ACC3,input1,Non-ROI,2,-51,-1,0.31627696513,0.347336162747,0.0310591976166
31,ADD_31_X7_ACC3,input2,ROI,2,-2,1,0.514618424941,0.43502031171,0.0795981132312
31,ADD_31_X7_ACC3,input2,Non-ROI,2,-51,-3,0.221114066194,0.264068032372,0.0429539661784
0,ADD_00_S0,input1,ROI,3,-110,41,0.889470670804,0.765192289454,0.12427838135
0,ADD_00_S0,input1,Non-ROI,3,42,332,0.0641714686761,0.176298921978,0.112127453302
0,ADD_00_S0,input2,ROI,3,-110,40,0.888316341608,0.763036640111,0.125279701496
0,ADD_00_S0,input2,Non-ROI,3,41,307,0.0650210549645,0.178772682726,0.113751627762
1,ADD_01_S1,input1,ROI,3,-111,41,0.892601211584,0.766988334598,0.125612876986
1,ADD_01_S1,input1,Non-ROI,3,42,332,0.063488105792,0.176128999115,0.112640893323
1,ADD_01_S1,input2,ROI,3,-110,38,0.883246527778,0.759663868867,0.123582658911
1,ADD_01_S1,input2,Non-ROI,3,39,307,0.0688811317967,0.182151381512,0.113270249716
2,ADD_02_S2,input1,ROI,3,-111,41,0.891049793144,0.76705156171,0.123998231435
2,ADD_02_S2,input1,Non-ROI,3,42,307,0.0641160608747,0.176200129616,0.112084068741
2,ADD_02_S2,input2,ROI,3,-111,41,0.891373005319,0.766381749494,0.124991255825
2,ADD_02_S2,input2,Non-ROI,3,42,307,0.0627862736407,0.17670594651,0.113919672869
3,ADD_03_S3,input1,ROI,3,-111,41,0.892010195035,0.766830266818,0.125179928217
3,ADD_03_S3,input1,Non-ROI,3,42,307,0.0629894355792,0.176567637203,0.113578201624
3,ADD_03_S3,input2,ROI,3,-111,41,0.891834736998,0.766725546915,0.125109190083
3,ADD_03_S3,input2,Non-ROI,3,42,307,0.0630263741135,0.176622960926,0.113596586812
4,ADD_04_D0,input1,ROI,3,-110,41,0.889470670804,0.765192289454,0.12427838135
4,ADD_04_D0,input1,Non-ROI,3,42,332,0.0641714686761,0.176298921978,0.112127453302
4,ADD_04_D0,input2,ROI,3,-40,110,0.888316341608,0.763036640111,0.125279701496
4,ADD_04_D0,input2,Non-ROI,3,-307,-41,0.0650210549645,0.178772682726,0.113751627762
5,ADD_05_D1,input1,ROI,3,-111,41,0.892601211584,0.766988334598,0.125612876986
5,ADD_05_D1,input1,Non-ROI,3,42,332,0.063488105792,0.176128999115,0.112640893323
5,ADD_05_D1,input2,ROI,3,-38,110,0.883246527778,0.759663868867,0.123582658911
5,ADD_05_D1,input2,Non-ROI,3,-307,-39,0.0688811317967,0.182151381512,0.113270249716
6,ADD_06_D2,input1,ROI,3,-111,41,0.891049793144,0.76705156171,0.123998231435
6,ADD_06_D2,input1,Non-ROI,3,42,307,0.0641160608747,0.176200129616,0.112084068741
6,ADD_06_D2,input2,ROI,3,-41,111,0.891373005319,0.766381749494,0.124991255825
6,ADD_06_D2,input2,Non-ROI,3,-307,-42,0.0627862736407,0.17670594651,0.113919672869
7,ADD_07_D3,input1,ROI,3,-111,41,0.892010195035,0.766830266818,0.125179928217
7,ADD_07_D3,input1,Non-ROI,3,42,307,0.0629894355792,0.176567637203,0.113578201624
7,ADD_07_D3,input2,ROI,3,-41,111,0.891834736998,0.766725546915,0.125109190083
7,ADD_07_D3,input2,Non-ROI,3,-307,-42,0.0630263741135,0.176622960926,0.113596586812
8,ADD_08_X0_ACC1,input1,ROI,3,-77,29,0.898363622931,0.763732138341,0.134631484591
8,ADD_08_X0_ACC1,input1,Non-ROI,3,30,217,0.0586491578014,0.177733387076,0.119084229275
8,ADD_08_X0_ACC1,input2,ROI,3,-77,29,0.897006131797,0.763516770991,0.133489360805
8,ADD_08_X0_ACC1,input2,Non-ROI,3,30,217,0.0593509899527,0.177930971801,0.118579981848
9,ADD_09_X0_ACC2,input1,ROI,3,-153,51,0.883754432624,0.747731727365,0.136022705259
9,ADD_09_X0_ACC2,input1,Non-ROI,3,52,437,0.0710974438534,0.191508994057,0.120411550203
9,ADD_09_X0_ACC2,input2,ROI,3,-78,29,0.896452053783,0.764646955615,0.131805098168
9,ADD_09_X0_ACC2,input2,Non-ROI,3,30,217,0.0602375147754,0.17870550392,0.118467989145
10,ADD_10_X0_ACC3,input1,ROI,3,-230,79,0.884557845745,0.748539848887,0.136017996857
10,ADD_10_X0_ACC3,input1,Non-ROI,3,80,657,0.0701370419622,0.19155641439,0.121419372428
10,ADD_10_X0_ACC3,input2,ROI,3,-78,29,0.892536569149,0.764488887835,0.128047681314
10,ADD_10_X0_ACC3,input2,Non-ROI,3,30,217,0.063358820922,0.179555118235,0.116196297313
11,ADD_11_X1_ACC1,input1,ROI,3,-220,-2,0.316119976359,0.246032498735,0.0700874776239
11,ADD_11_X1_ACC1,input1,Non-ROI,3,-1,2,0.407062647754,0.546629994942,0.139567347188
11,ADD_11_X1_ACC1,input2,ROI,3,2,159,0.347453088061,0.28496261697,0.0624904710913
11,ADD_11_X1_ACC1,input2,Non-ROI,3,-1,1,0.363881501182,0.485339213455,0.121457712273
12,ADD_12_X1_ACC2,input1,ROI,3,-390,3,0.48644355792,0.422886633789,0.0635569241311
12,ADD_12_X1_ACC2,input1,Non-ROI,3,4,5,0.268801713948,0.39285375569,0.124052041742
12,ADD_12_X1_ACC2,input2,ROI,3,2,102,0.238179669031,0.180608244815,0.0575714242154
12,ADD_12_X1_ACC2,input2,Non-ROI,3,0,1,0.397994237589,0.500391217754,0.102396980166
13,ADD_13_X1_ACC3,input1,ROI,3,-484,7,0.561955156619,0.489020216869,0.0729349397504
13,ADD_13_X1_ACC3,input1,Non-ROI,3,8,11,0.24518875591,0.37659846042,0.13140970451
13,ADD_13_X1_ACC3,input2,ROI,3,1,18,0.155409648345,0.107033621017,0.0483760273285
13,ADD_13_X1_ACC3,input2,Non-ROI,3,0,0,0.712479683806,0.798350957891,0.0858712740846
14,ADD_14_X2_ACC1,input1,ROI,3,-101,38,0.898363622931,0.763732138341,0.134631484591
14,ADD_14_X2_ACC1,input1,Non-ROI,3,39,283,0.0586491578014,0.177733387076,0.119084229275
14,ADD_14_X2_ACC1,input2,ROI,3,-42,15,0.898077349291,0.765405680956,0.132671668335
14,ADD_14_X2_ACC1,input2,Non-ROI,3,16,117,0.060182106974,0.17813250822,0.117950401246
15,ADD_15_X2_ACC2,input1,ROI,3,-142,56,0.89675679669,0.76200524785,0.13475154884
15,ADD_15_X2_ACC2,input1,Non-ROI,3,57,399,0.0582797724586,0.177765000632,0.119485228174
15,ADD_15_X2_ACC2,input2,ROI,3,-15,42,0.894992981678,0.764532356474,0.130460625204
15,ADD_15_X2_ACC2,input2,Non-ROI,3,-117,-16,0.0616965868794,0.17882010306,0.117123516181
16,ADD_16_X2_ACC3,input1,ROI,3,-100,41,0.895759456265,0.761665402124,0.13409405414
16,ADD_16_X2_ACC3,input1,Non-ROI,3,42,285,0.0593509899527,0.177851937911,0.118500947958
16,ADD_16_X2_ACC3,input2,ROI,3,-38,102,0.89246269208,0.764441467501,0.128021224579
16,ADD_16_X2_ACC3,input2,Non-ROI,3,-283,-39,0.063358820922,0.179555118235,0.116196297313
17,ADD_17_X3_ACC1,input1,ROI,3,-187,-2,0.316119976359,0.246032498735,0.0700874776239
17,ADD_17_X3_ACC1,input1,Non-ROI,3,-1,1,0.321725398936,0.45918887519,0.137463476254
17,ADD_17_X3_ACC1,input2,ROI,3,-37,-1,0.25742464539,0.19719745827,0.06022718712
17,ADD_17_X3_ACC1,input2,Non-ROI,3,0,0,0.518829417849,0.633174080046,0.114344662197
18,ADD_18_X3_ACC2,input1,ROI,3,-149,0,0.372395833333,0.29968465478,0.0727111785534
18,ADD_18_X3_ACC2,input1,Non-ROI,3,1,5,0.494237588652,0.620716363177,0.126478774524
18,ADD_18_X3_ACC2,input2,ROI,3,-180,-2,0.340139258274,0.273297214846,0.0668420434285
18,ADD_18_X3_ACC2,input2,Non-ROI,3,-1,1,0.388621084515,0.511169464466,0.122548379951
19,ADD_19_X3_ACC3,input1,ROI,3,-184,1,0.363844562648,0.283842311583,0.0800022510645
19,ADD_19_X3_ACC3,input1,Non-ROI,3,2,8,0.483700871749,0.59326986912,0.10956899737
19,ADD_19_X3_ACC3,input2,ROI,3,-50,-2,0.155409648345,0.107033621017,0.0483760273285
19,ADD_19_X3_ACC3,input2,Non-ROI,3,-1,0,0.546995050236,0.6429545239,0.0959594736634
20,ADD_20_X4_ACC1,input1,ROI,3,-77,29,0.898363622931,0.763732138341,0.134631484591
20,ADD_20_X4_ACC1,input1,Non-ROI,3,30,217,0.0586491578014,0.177733387076,0.119084229275
20,ADD_20_X4_ACC1,input2,ROI,3,-29,77,0.897006131797,0.763516770991,0.133489360805
20,ADD_20_X4_ACC1,input2,Non-ROI,3,-217,-30,0.0593509899527,0.177930971801,0.118579981848
21,ADD_21_X4_ACC2,input1,ROI,3,-83,-3,0.159463652482,0.110244372787,0.0492192796952
21,ADD_21_X4_ACC2,input1,Non-ROI,3,-2,4,0.713310800827,0.806898473065,0.0935876722378
21,ADD_21_X4_ACC2,input2,ROI,3,-29,78,0.896452053783,0.764646955615,0.131805098168
21,ADD_21_X4_ACC2,input2,Non-ROI,3,-217,-30,0.0602375147754,0.17870550392,0.118467989145
22,ADD_22_X4_ACC3,input1,ROI,3,-12,81,0.815972222222,0.693854324734,0.122117897488
22,ADD_22_X4_ACC3,input1,Non-ROI,3,-223,-13,0.139526078605,0.252282103566,0.112756024961
22,ADD_22_X4_ACC3,input2,ROI,3,-78,29,0.892536569149,0.764488887835,0.128047681314
22,ADD_22_X4_ACC3,input2,Non-ROI,3,30,217,0.063358820922,0.179555118235,0.116196297313
23,ADD_23_X5_ACC1,input1,ROI,3,2,106,0.276817375887,0.207337506323,0.0694798695638
23,ADD_23_X5_ACC1,input1,Non-ROI,3,-1,1,0.473108747045,0.608055134041,0.134946386997
23,ADD_23_X5_ACC1,input2,ROI,3,-188,-2,0.347453088061,0.28496261697,0.0624904710913
23,ADD_23_X5_ACC1,input2,Non-ROI,3,-1,1,0.363881501182,0.485339213455,0.121457712273
24,ADD_24_X5_ACC2,input1,ROI,3,-109,-2,0.286218232861,0.215647919828,0.0705703130325
24,ADD_24_X5_ACC2,input1,Non-ROI,3,-1,4,0.555370862884,0.669140427415,0.113769564531
24,ADD_24_X5_ACC2,input2,ROI,3,1,36,0.238179669031,0.180608244815,0.0575714242154
24,ADD_24_X5_ACC2,input2,Non-ROI,3,0,0,0.559655732861,0.657601479514,0.0979457466539
25,ADD_25_X5_ACC3,input1,ROI,3,-82,0,0.336417700946,0.258602838897,0.0778148620483
25,ADD_25_X5_ACC3,input1,Non-ROI,3,1,8,0.569102763002,0.681756212064,0.112653449061
25,ADD_25_X5_ACC3,input2,ROI,3,2,75,0.26472000591,0.212676245574,0.0520437603361
25,ADD_25_X5_ACC3,input2,Non-ROI,3,-1,1,0.548001625296,0.651338043753,0.103336418458
26,ADD_26_X6_ACC1,input1,ROI,3,-41,12,0.880559249409,0.746850499494,0.133708749915
26,ADD_26_X6_ACC1,input1,Non-ROI,3,13,117,0.0735169178487,0.191797467754,0.118280549905
26,ADD_26_X6_ACC1,input2,ROI,3,-36,102,0.89659980792,0.763050471042,0.133549336878
26,ADD_26_X6_ACC1,input2,Non-ROI,3,-283,-37,0.0613641400709,0.179997708017,0.118633567946
27,ADD_27_X6_ACC2,input1,ROI,3,-24,61,0.907875295508,0.777440566515,0.130434728993
27,ADD_27_X6_ACC2,input1,Non-ROI,3,-169,-25,0.0504857417258,0.168636586368,0.118150844642
27,ADD_27_X6_ACC2,input2,ROI,3,-102,38,0.89608266844,0.764330820056,0.131751848384
27,ADD_27_X6_ACC2,input2,Non-ROI,3,39,283,0.0602375147754,0.17870550392,0.118467989145
28,ADD_28_X6_ACC3,input1,ROI,3,-41,16,0.878222887116,0.758083191072,0.120139696044
28,ADD_28_X6_ACC3,input1,Non-ROI,3,17,124,0.0695644946809,0.182874541603,0.113310046923
28,ADD_28_X6_ACC3,input2,ROI,3,-15,42,0.891853206265,0.76441380564,0.127439400625
28,ADD_28_X6_ACC3,input2,Non-ROI,3,-117,-16,0.0640421838061,0.17963020043,0.115588016624
29,ADD_29_X7_ACC1,input1,ROI,3,1,37,0.276817375887,0.207337506323,0.0694798695638
29,ADD_29_X7_ACC1,input1,Non-ROI,3,0,0,0.473108747045,0.608055134041,0.134946386997
29,ADD_29_X7_ACC1,input2,ROI,3,-106,-2,0.25742464539,0.19719745827,0.06022718712
29,ADD_29_X7_ACC1,input2,Non-ROI,3,-1,1,0.518829417849,0.633174080046,0.114344662197
30,ADD_30_X7_ACC2,input1,ROI,3,-78,2,0.599872562057,0.540609588392,0.0592629736652
30,ADD_30_X7_ACC2,input1,Non-ROI,3,3,4,0.304724438534,0.401069328528,0.0963448899938
30,ADD_30_X7_ACC2,input2,ROI,3,2,153,0.340139258274,0.273297214846,0.0668420434285
30,ADD_30_X7_ACC2,input2,Non-ROI,3,-1,1,0.388621084515,0.511169464466,0.122548379951
31,ADD_31_X7_ACC3,input1,ROI,3,-82,-1,0.236388150118,0.174510780223,0.0618773698956
31,ADD_31_X7_ACC3,input1,Non-ROI,3,0,8,0.697094784279,0.788380832701,0.0912860484221
31,ADD_31_X7_ACC3,input2,ROI,3,-88,-2,0.26472000591,0.212676245574,0.0520437603361
31,ADD_31_X7_ACC3,input2,Non-ROI,3,-1,1,0.548001625296,0.651338043753,0.103336418458
0,ADD_00_S0,input1,ROI,4,-63,38,0.646710623522,0.500096816515,0.146613807008
0,ADD_00_S0,input1,Non-ROI,4,39,331,0.0585106382979,0.194265300961,0.135754662663
0,ADD_00_S0,input2,ROI,4,-63,39,0.647624852246,0.500043468639,0.147581383607
0,ADD_00_S0,input2,Non-ROI,4,40,335,0.0583259456265,0.195189997471,0.136864051844
1,ADD_01_S1,input1,ROI,4,-62,35,0.640338726359,0.494600009484,0.145738716875
1,ADD_01_S1,input1,Non-ROI,4,36,332,0.0630171394799,0.198454097117,0.135436957637
1,ADD_01_S1,input2,ROI,4,-63,37,0.648862293144,0.498529969651,0.150332323493
1,ADD_01_S1,input2,Non-ROI,4,38,318,0.0598219562648,0.195960577896,0.136138621631
2,ADD_02_S2,input1,ROI,4,-62,32,0.634179225768,0.489531961305,0.144647264463
2,ADD_02_S2,input1,Non-ROI,4,33,323,0.0680223108747,0.202362322964,0.134340012089
2,ADD_02_S2,input2,ROI,4,-62,33,0.640588061466,0.49114820435,0.149439857116
2,ADD_02_S2,input2,Non-ROI,4,34,333,0.0659537529551,0.201651017956,0.135697265001
3,ADD_03_S3,input1,ROI,4,-65,37,0.650081264775,0.498869815377,0.151211449399
3,ADD_03_S3,input1,Non-ROI,4,38,335,0.060117464539,0.196861564239,0.1367440997
3,ADD_03_S3,input2,ROI,4,-65,36,0.650127437943,0.497990563354,0.15213687459
3,ADD_03_S3,input2,Non-ROI,4,37,338,0.0622783687943,0.19865958523,0.136381216436
4,ADD_04_D0,input1,ROI,4,-63,38,0.646710623522,0.500096816515,0.146613807008
4,ADD_04_D0,input1,Non-ROI,4,39,331,0.0585106382979,0.194265300961,0.135754662663
4,ADD_04_D0,input2,ROI,4,-39,63,0.647624852246,0.500043468639,0.147581383607
4,ADD_04_D0,input2,Non-ROI,4,-335,-40,0.0583259456265,0.195189997471,0.136864051844
5,ADD_05_D1,input1,ROI,4,-62,35,0.640338726359,0.494600009484,0.145738716875
5,ADD_05_D1,input1,Non-ROI,4,36,332,0.0630171394799,0.198454097117,0.135436957637
5,ADD_05_D1,input2,ROI,4,-37,63,0.648862293144,0.498529969651,0.150332323493
5,ADD_05_D1,input2,Non-ROI,4,-318,-38,0.0598219562648,0.195960577896,0.136138621631
6,ADD_06_D2,input1,ROI,4,-62,32,0.634179225768,0.489531961305,0.144647264463
6,ADD_06_D2,input1,Non-ROI,4,33,323,0.0680223108747,0.202362322964,0.134340012089
6,ADD_06_D2,input2,ROI,4,-33,62,0.640588061466,0.49114820435,0.149439857116
6,ADD_06_D2,input2,Non-ROI,4,-333,-34,0.0659537529551,0.201651017956,0.135697265001
7,ADD_07_D3,input1,ROI,4,-65,37,0.650081264775,0.498869815377,0.151211449399
7,ADD_07_D3,input1,Non-ROI,4,38,335,0.060117464539,0.196861564239,0.1367440997
7,ADD_07_D3,input2,ROI,4,-36,65,0.650127437943,0.497990563354,0.15213687459
7,ADD_07_D3,input2,Non-ROI,4,-338,-37,0.0622783687943,0.19865958523,0.136381216436
8,ADD_08_X0_ACC1,input1,ROI,4,-45,27,0.655418882979,0.502185287051,0.153233595928
8,ADD_08_X0_ACC1,input1,Non-ROI,4,28,224,0.0555186170213,0.193799001012,0.13828038399
8,ADD_08_X0_ACC1,input2,ROI,4,-45,27,0.659925384161,0.502991432726,0.156933951434
8,ADD_08_X0_ACC1,input2,Non-ROI,4,28,233,0.0554262706856,0.193644884927,0.138218614241
9,ADD_09_X0_ACC2,input1,ROI,4,-91,53,0.659519060284,0.502303837886,0.157215222398
9,ADD_09_X0_ACC2,input1,Non-ROI,4,54,457,0.0562573877069,0.195664200809,0.139406813102
9,ADD_09_X0_ACC2,input2,ROI,4,-45,26,0.65560357565,0.499016028073,0.156587547577
9,ADD_09_X0_ACC2,input2,Non-ROI,4,27,232,0.0578826832151,0.196407119373,0.138524436158
10,ADD_10_X0_ACC3,input1,ROI,4,-135,81,0.6614768026,0.501742697269,0.159734105332
10,ADD_10_X0_ACC3,input1,Non-ROI,4,82,701,0.0558880023641,0.195569360142,0.139681357778
10,ADD_10_X0_ACC3,input2,ROI,4,-47,24,0.653950576241,0.4997490674,0.154201508841
10,ADD_10_X0_ACC3,input2,Non-ROI,4,25,234,0.0629986702128,0.20016518083,0.137166510617
11,ADD_11_X1_ACC1,input1,ROI,4,-4,2,0.531370050236,0.497271354957,0.0340986952794
11,ADD_11_X1_ACC1,input1,Non-ROI,4,3,23,0.237487071513,0.278995558295,0.0415084867824
11,ADD_11_X1_ACC1,input2,ROI,4,-2,1,0.43556072695,0.405526839909,0.0300338870414
11,ADD_11_X1_ACC1,input2,Non-ROI,4,2,17,0.299737736407,0.340837601163,0.0410998647568
12,ADD_12_X1_ACC2,input1,ROI,4,4,5,0.243443410165,0.200094050329,0.0433493598367
12,ADD_12_X1_ACC2,input1,Non-ROI,4,-4,3,0.194776891253,0.232620447648,0.037843556395
12,ADD_12_X1_ACC2,input2,ROI,4,-1,1,0.527288342199,0.467100167552,0.0601881746467
12,ADD_12_X1_ACC2,input2,Non-ROI,4,2,12,0.209977098109,0.259764637076,0.0497875389676
13,ADD_13_X1_ACC3,input1,ROI,4,8,9,0.217133939125,0.166174680703,0.0509592584222
13,ADD_13_X1_ACC3,input1,Non-ROI,4,-8,7,0.333407210402,0.386175392008,0.0527681816062
13,ADD_13_X1_ACC3,input2,ROI,4,0,0,0.680417036052,0.626784190061,0.0536328459913
13,ADD_13_X1_ACC3,input2,Non-ROI,4,1,2,0.142739731087,0.181491448533,0.0387517174457
14,ADD_14_X2_ACC1,input1,ROI,4,-59,37,0.657709072104,0.504445656297,0.153263415807
14,ADD_14_X2_ACC1,input1,Non-ROI,4,38,292,0.053228427896,0.191538631765,0.138310203869
14,ADD_14_X2_ACC1,input2,ROI,4,-24,14,0.658743351064,0.501979798938,0.156763552126
14,ADD_14_X2_ACC1,input2,Non-ROI,4,15,126,0.0566083037825,0.194656518715,0.138048214933
15,ADD_15_X2_ACC2,input1,ROI,4,-80,48,0.652316046099,0.496969050329,0.155346995771
15,ADD_15_X2_ACC2,input1,Non-ROI,4,49,423,0.0569592198582,0.195703717754,0.138744497896
15,ADD_15_X2_ACC2,input2,ROI,4,-14,24,0.65637928487,0.499687816136,0.156691468734
15,ADD_15_X2_ACC2,input2,Non-ROI,4,-125,-15,0.0571069739953,0.195719524532,0.138612550537
16,ADD_16_X2_ACC3,input1,ROI,4,-57,34,0.648714539007,0.499051593323,0.149662945684
16,ADD_16_X2_ACC3,input1,Non-ROI,4,35,301,0.058529107565,0.196663979514,0.138134871949
16,ADD_16_X2_ACC3,input2,ROI,4,-33,62,0.656388519504,0.502515253541,0.153873265963
16,ADD_16_X2_ACC3,input2,Non-ROI,4,-305,-34,0.0615580673759,0.19862401998,0.137065952604
17,ADD_17_X3_ACC1,input1,ROI,4,-2,1,0.400977024232,0.368730636697,0.0322463875347
17,ADD_17_X3_ACC1,input1,Non-ROI,4,2,20,0.313857491135,0.353591695119,0.0397342039841
17,ADD_17_X3_ACC1,input2,ROI,4,0,0,0.483285313239,0.453943000759,0.02934231248
17,ADD_17_X3_ACC1,input2,Non-ROI,4,-4,-1,0.221797429078,0.262594050329,0.0407966212508
18,ADD_18_X3_ACC2,input1,ROI,4,0,5,0.582022015366,0.543354040212,0.038667975154
18,ADD_18_X3_ACC2,input1,Non-ROI,4,-16,-1,0.222443853428,0.260400859889,0.0379570064608
18,ADD_18_X3_ACC2,input2,ROI,4,-2,1,0.467512559102,0.405281834851,0.0622307242509
18,ADD_18_X3_ACC2,input2,Non-ROI,4,-21,-3,0.208130171395,0.25796266439,0.0498324929957
19,ADD_19_X3_ACC3,input1,ROI,4,1,8,0.506168735225,0.428561267071,0.0776074681533
19,ADD_19_X3_ACC3,input1,Non-ROI,4,-29,0,0.308575280733,0.355701899975,0.0471266192418
19,ADD_19_X3_ACC3,input2,ROI,4,-1,0,0.515652703901,0.458904353187,0.0567483507141
19,ADD_19_X3_ACC3,input2,Non-ROI,4,-9,-2,0.151918956856,0.190070577264,0.0381516204077
20,ADD_20_X4_ACC1,input1,ROI,4,-45,27,0.655418882979,0.502185287051,0.153233595928
20,ADD_20_X4_ACC1,input1,Non-ROI,4,28,224,0.0555186170213,0.193799001012,0.13828038399
20,ADD_20_X4_ACC1,input2,ROI,4,-27,45,0.659925384161,0.502991432726,0.156933951434
20,ADD_20_X4_ACC1,input2,Non-ROI,4,-233,-28,0.0554262706856,0.193644884927,0.138218614241
21,ADD_21_X4_ACC2,input1,ROI,4,-2,2,0.550328752955,0.491887171219,0.0584415817361
21,ADD_21_X4_ACC2,input1,Non-ROI,4,-14,-3,0.158253915485,0.192603613429,0.0343496979448
21,ADD_21_X4_ACC2,input2,ROI,4,-26,45,0.65560357565,0.499016028073,0.156587547577
21,ADD_21_X4_ACC2,input2,Non-ROI,4,-232,-27,0.0578826832151,0.196407119373,0.138524436158
22,ADD_22_X4_ACC3,input1,ROI,4,-23,49,0.649748817967,0.50777693475,0.141971883217
22,ADD_22_X4_ACC3,input1,Non-ROI,4,-248,-24,0.0675790484634,0.201556177289,0.133977128825
22,ADD_22_X4_ACC3,input2,ROI,4,-47,24,0.653950576241,0.4997490674,0.154201508841
22,ADD_22_X4_ACC3,input2,Non-ROI,4,25,234,0.0629986702128,0.20016518083,0.137166510617
23,ADD_23_X5_ACC1,input1,ROI,4,-2,1,0.531370050236,0.497271354957,0.0340986952794
23,ADD_23_X5_ACC1,input1,Non-ROI,4,2,13,0.238373596336,0.279991385306,0.0416177889703
23,ADD_23_X5_ACC1,input2,ROI,4,-2,1,0.422050458038,0.392342011254,0.0297084467834
23,ADD_23_X5_ACC1,input2,Non-ROI,4,-21,-3,0.218639184397,0.259823912494,0.0411847280965
24,ADD_24_X5_ACC2,input1,ROI,4,-1,4,0.535987367021,0.476967548685,0.0590198183364
24,ADD_24_X5_ACC2,input1,Non-ROI,4,-17,-2,0.255466903073,0.305023394031,0.0495564909581
24,ADD_24_X5_ACC2,input2,ROI,4,0,0,0.527288342199,0.467100167552,0.0601881746467
24,ADD_24_X5_ACC2,input2,Non-ROI,4,1,4,0.210641991726,0.260333681082,0.0496916893567
25,ADD_25_X5_ACC3,input1,ROI,4,1,8,0.563321882388,0.518365500126,0.0449563822613
25,ADD_25_X5_ACC3,input1,Non-ROI,4,-14,0,0.308935431442,0.35641518083,0.0474797493875
25,ADD_25_X5_ACC3,input2,ROI,4,-1,1,0.516760859929,0.454557489251,0.0622033706777
25,ADD_25_X5_ACC3,input2,Non-ROI,4,-11,-2,0.186234855201,0.22504307347,0.038808218269
26,ADD_26_X6_ACC1,input1,ROI,4,-24,15,0.657709072104,0.504445656297,0.153263415807
26,ADD_26_X6_ACC1,input1,Non-ROI,4,16,121,0.053228427896,0.191538631765,0.138310203869
26,ADD_26_X6_ACC1,input2,ROI,4,-35,59,0.659260490544,0.50250142261,0.156759067934
26,ADD_26_X6_ACC1,input2,Non-ROI,4,-307,-36,0.0560911643026,0.194150701821,0.138059537518
27,ADD_27_X6_ACC2,input1,ROI,4,-22,37,0.667700945626,0.519663631765,0.148037313861
27,ADD_27_X6_ACC2,input1,Non-ROI,4,-176,-23,0.0537825059102,0.188875189681,0.135092683771
27,ADD_27_X6_ACC2,input2,ROI,4,-59,34,0.65560357565,0.499016028073,0.156587547577
27,ADD_27_X6_ACC2,input2,Non-ROI,4,35,303,0.0578826832151,0.196407119373,0.138524436158
28,ADD_28_X6_ACC3,input1,ROI,4,-24,13,0.642111776005,0.494947758599,0.147164017406
28,ADD_28_X6_ACC3,input1,Non-ROI,4,14,124,0.0735630910165,0.208700840921,0.135137749904
28,ADD_28_X6_ACC3,input2,ROI,4,-13,25,0.652750073877,0.499199781866,0.153550292011
28,ADD_28_X6_ACC3,input2,Non-ROI,4,-126,-14,0.0625184692671,0.199540813101,0.137022343834
29,ADD_29_X7_ACC1,input1,ROI,4,0,0,0.441498596336,0.410436820309,0.0310617760271
29,ADD_29_X7_ACC1,input1,Non-ROI,4,1,4,0.236545138889,0.277853518589,0.0413083796999
29,ADD_29_X7_ACC1,input2,ROI,4,-1,2,0.572325650118,0.542646686899,0.0296789632189
29,ADD_29_X7_ACC1,input2,Non-ROI,4,-12,-2,0.220929373522,0.261942020738,0.041012647216
30,ADD_30_X7_ACC2,input1,ROI,4,1,4,0.432845744681,0.395280096105,0.0375656485756
30,ADD_30_X7_ACC2,input1,Non-ROI,4,-10,0,0.422789228723,0.461291176657,0.0385019479331
30,ADD_30_X7_ACC2,input2,ROI,4,-1,2,0.4908669474,0.428990025923,0.0618769214764
30,ADD_30_X7_ACC2,input2,Non-ROI,4,3,18,0.185440676714,0.235044812215,0.0496041355015
31,ADD_31_X7_ACC3,input1,ROI,4,-2,8,0.76026891253,0.728660849772,0.0316080627572
31,ADD_31_X7_ACC3,input1,Non-ROI,4,-14,-3,0.146581338652,0.17782427605,0.0312429373971
31,ADD_31_X7_ACC3,input2,ROI,4,-1,1,0.516760859929,0.454557489251,0.0622033706777
31,ADD_31_X7_ACC3,input2,Non-ROI,4,2,13,0.186234855201,0.22504307347,0.038808218269
0,ADD_00_S0,input1,ROI,5,-60,-4,0.404301492317,0.198412604325,0.205888887992
0,ADD_00_S0,input1,Non-ROI,5,-102,-61,0.125600251182,0.348663932094,0.223063680912
0,ADD_00_S0,input2,ROI,5,-61,-4,0.400820035461,0.206302162367,0.194517873094
0,ADD_00_S0,input2,Non-ROI,5,-104,-62,0.129367981678,0.342941878477,0.213573896799
1,ADD_01_S1,input1,ROI,5,-60,-3,0.410608747045,0.203528072838,0.207080674207
1,ADD_01_S1,input1,Non-ROI,5,-100,-61,0.123974955674,0.345676451062,0.221701495388
1,ADD_01_S1,input2,ROI,5,-59,0,0.481853945035,0.283125079034,0.198728866002
1,ADD_01_S1,input2,Non-ROI,5,-102,-60,0.140255614657,0.355771054628,0.215515439971
2,ADD_02_S2,input1,ROI,5,-61,-3,0.423057033097,0.215327832575,0.207729200522
2,ADD_02_S2,input1,Non-ROI,5,-103,-62,0.121749408983,0.342106095094,0.22035668611
2,ADD_02_S2,input2,ROI,5,-61,-3,0.417802526596,0.214302367855,0.20350015874
2,ADD_02_S2,input2,Non-ROI,5,-104,-62,0.128296764184,0.342760100531,0.214463336347
3,ADD_03_S3,input1,ROI,5,-61,-2,0.445414080969,0.241715272509,0.20369880846
3,ADD_03_S3,input1,Non-ROI,5,-101,-62,0.124861480496,0.33853178743,0.213670306934
3,ADD_03_S3,input2,ROI,5,-61,-2,0.447297946217,0.24178640301,0.205511543208
3,ADD_03_S3,input2,Non-ROI,5,-104,-62,0.130928634752,0.343287651745,0.212359016993
4,ADD_04_D0,input1,ROI,5,-60,-4,0.404301492317,0.198412604325,0.205888887992
4,ADD_04_D0,input1,Non-ROI,5,-102,-61,0.125600251182,0.348663932094,0.223063680912
4,ADD_04_D0,input2,ROI,5,4,61,0.400820035461,0.206302162367,0.194517873094
4,ADD_04_D0,input2,Non-ROI,5,62,104,0.129367981678,0.342941878477,0.213573896799
5,ADD_05_D1,input1,ROI,5,-60,-3,0.410608747045,0.203528072838,0.207080674207
5,ADD_05_D1,input1,Non-ROI,5,-100,-61,0.123974955674,0.345676451062,0.221701495388
5,ADD_05_D1,input2,ROI,5,0,59,0.481853945035,0.283125079034,0.198728866002
5,ADD_05_D1,input2,Non-ROI,5,60,102,0.140255614657,0.355771054628,0.215515439971
6,ADD_06_D2,input1,ROI,5,-61,-3,0.423057033097,0.215327832575,0.207729200522
6,ADD_06_D2,input1,Non-ROI,5,-103,-62,0.121749408983,0.342106095094,0.22035668611
6,ADD_06_D2,input2,ROI,5,3,61,0.417802526596,0.214302367855,0.20350015874
6,ADD_06_D2,input2,Non-ROI,5,62,104,0.128296764184,0.342760100531,0.214463336347
7,ADD_07_D3,input1,ROI,5,-61,-2,0.445414080969,0.241715272509,0.20369880846
7,ADD_07_D3,input1,Non-ROI,5,-101,-62,0.124861480496,0.33853178743,0.213670306934
7,ADD_07_D3,input2,ROI,5,2,61,0.447297946217,0.24178640301,0.205511543208
7,ADD_07_D3,input2,Non-ROI,5,62,104,0.130928634752,0.343287651745,0.212359016993
8,ADD_08_X0_ACC1,input1,ROI,5,-42,2,0.582899305556,0.369023062089,0.213876243467
8,ADD_08_X0_ACC1,input1,Non-ROI,5,-72,-43,0.134299276005,0.35465865263,0.220359376626
8,ADD_08_X0_ACC1,input2,ROI,5,-43,2,0.591727615248,0.378846974583,0.212880640666
8,ADD_08_X0_ACC1,input2,Non-ROI,5,-72,-44,0.122534352837,0.340863287178,0.218328934341
9,ADD_09_X0_ACC2,input1,ROI,5,-84,3,0.451010268913,0.230290923748,0.220719345164
9,ADD_09_X0_ACC2,input1,Non-ROI,5,-140,-85,0.151882018322,0.373279037051,0.22139701873
9,ADD_09_X0_ACC2,input2,ROI,5,-43,3,0.623827201537,0.412238792994,0.211588408542
9,ADD_09_X0_ACC2,input2,Non-ROI,5,-72,-44,0.125526374113,0.33861082132,0.213084447207
10,ADD_10_X0_ACC3,input1,ROI,5,-128,7,0.492686170213,0.266518082954,0.226168087259
10,ADD_10_X0_ACC3,input1,Non-ROI,5,-208,-129,0.143958702719,0.366154131892,0.222195429173
10,ADD_10_X0_ACC3,input2,ROI,5,-42,3,0.59620641253,0.384100752403,0.212105660127
10,ADD_10_X0_ACC3,input2,Non-ROI,5,-72,-43,0.139803117612,0.351410359762,0.21160724215
11,ADD_11_X1_ACC1,input1,ROI,5,-154,-4,0.248467050827,0.152578875822,0.0958881750055
11,ADD_11_X1_ACC1,input1,Non-ROI,5,-3,5,0.556672946217,0.73724195435,0.180569008133
11,ADD_11_X1_ACC1,input2,ROI,5,-149,-3,0.251468306738,0.15307481348,0.0983934932576
11,ADD_11_X1_ACC1,input2,Non-ROI,5,-2,4,0.558926196809,0.742639969019,0.18371377221
12,ADD_12_X1_ACC2,input1,ROI,5,-286,-7,0.210623522459,0.113239757208,0.0973837652507
12,ADD_12_X1_ACC2,input1,Non-ROI,5,-6,10,0.613936908983,0.791473033637,0.177536124653
12,ADD_12_X1_ACC2,input2,ROI,5,-106,-2,0.256085623522,0.16408423432,0.0920013892028
12,ADD_12_X1_ACC2,input2,Non-ROI,5,-1,1,0.460762041962,0.632478581816,0.171716539854
13,ADD_13_X1_ACC3,input1,ROI,5,-386,-11,0.180509382388,0.0889388119626,0.0915705704251
13,ADD_13_X1_ACC3,input1,Non-ROI,5,-10,13,0.665447695035,0.836581626201,0.171133931166
13,ADD_13_X1_ACC3,input2,ROI,5,-16,-1,0.160950428487,0.0903100499494,0.0706403785376
13,ADD_13_X1_ACC3,input2,Non-ROI,5,0,0,0.659011155437,0.799406060319,0.140394904881
14,ADD_14_X2_ACC1,input1,ROI,5,-55,3,0.582899305556,0.369023062089,0.213876243467
14,ADD_14_X2_ACC1,input1,Non-ROI,5,-94,-56,0.133191119976,0.353963154401,0.220772034424
14,ADD_14_X2_ACC1,input2,ROI,5,-23,1,0.587553560875,0.373670254805,0.213883306069
14,ADD_14_X2_ACC1,input2,Non-ROI,5,-38,-24,0.12342087766,0.342696873419,0.21927599576
15,ADD_15_X2_ACC2,input1,ROI,5,-78,3,0.468417553191,0.250624367729,0.217793185463
15,ADD_15_X2_ACC2,input1,Non-ROI,5,-128,-79,0.122746749409,0.34220883915,0.219462089741
15,ADD_15_X2_ACC2,input2,ROI,5,-1,23,0.586565455083,0.375525575367,0.211039879716
15,ADD_15_X2_ACC2,input2,Non-ROI,5,24,38,0.125932697991,0.340120368614,0.214187670624
16,ADD_16_X2_ACC3,input1,ROI,5,-58,-1,0.455461362293,0.249413173369,0.206048188924
16,ADD_16_X2_ACC3,input1,Non-ROI,5,-90,-59,0.0954307033097,0.312029748356,0.216599045046
16,ADD_16_X2_ACC3,input2,ROI,5,-4,56,0.60376034279,0.390387898331,0.213372444459
16,ADD_16_X2_ACC3,input2,Non-ROI,5,57,94,0.131805924941,0.3450757935,0.213269868559
17,ADD_17_X3_ACC1,input1,ROI,5,-131,-3,0.267277999409,0.171963913126,0.095314086283
17,ADD_17_X3_ACC1,input1,Non-ROI,5,-2,4,0.522864952719,0.703694044006,0.180829091287
17,ADD_17_X3_ACC1,input2,ROI,5,1,35,0.283844932033,0.194721721674,0.0891232103588
17,ADD_17_X3_ACC1,input2,Non-ROI,5,-1,0,0.593768469267,0.749948627972,0.156180158705
18,ADD_18_X3_ACC2,input1,ROI,5,-101,-3,0.213486258865,0.117906708397,0.0955795504687
18,ADD_18_X3_ACC2,input1,Non-ROI,5,-2,5,0.628897015366,0.799526587001,0.170629571634
18,ADD_18_X3_ACC2,input2,ROI,5,3,187,0.256085623522,0.16408423432,0.0920013892028
18,ADD_18_X3_ACC2,input2,Non-ROI,5,-2,2,0.460762041962,0.632478581816,0.171716539854
19,ADD_19_X3_ACC3,input1,ROI,5,-98,1,0.420720670804,0.340559006702,0.0801616641017
19,ADD_19_X3_ACC3,input1,Non-ROI,5,2,9,0.456310948582,0.592222670081,0.135911721499
19,ADD_19_X3_ACC3,input2,ROI,5,1,46,0.33658392435,0.257919195751,0.0786647285987
19,ADD_19_X3_ACC3,input2,Non-ROI,5,-1,0,0.483377659574,0.631796914517,0.148419254942
20,ADD_20_X4_ACC1,input1,ROI,5,-42,2,0.582899305556,0.369023062089,0.213876243467
20,ADD_20_X4_ACC1,input1,Non-ROI,5,-72,-43,0.134299276005,0.35465865263,0.220359376626
20,ADD_20_X4_ACC1,input2,ROI,5,-2,43,0.591727615248,0.378846974583,0.212880640666
20,ADD_20_X4_ACC1,input2,Non-ROI,5,44,72,0.122534352837,0.340863287178,0.218328934341
21,ADD_21_X4_ACC2,input1,ROI,5,-70,-3,0.176436908983,0.112192558169,0.0642443508145
21,ADD_21_X4_ACC2,input1,Non-ROI,5,-2,4,0.674867021277,0.796329666161,0.121462644884
21,ADD_21_X4_ACC2,input2,ROI,5,-3,43,0.623827201537,0.412238792994,0.211588408542
21,ADD_21_X4_ACC2,input2,Non-ROI,5,44,72,0.125526374113,0.33861082132,0.213084447207
22,ADD_22_X4_ACC3,input1,ROI,5,0,41,0.477125812648,0.282081831689,0.195043980958
22,ADD_22_X4_ACC3,input1,Non-ROI,5,42,72,0.166454270095,0.368438211305,0.20198394121
22,ADD_22_X4_ACC3,input2,ROI,5,-42,3,0.59620641253,0.384100752403,0.212105660127
22,ADD_22_X4_ACC3,input2,Non-ROI,5,-72,-43,0.139803117612,0.351410359762,0.21160724215
23,ADD_23_X5_ACC1,input1,ROI,5,-87,-3,0.209339908392,0.114415386318,0.0949245220748
23,ADD_23_X5_ACC1,input1,Non-ROI,5,-2,3,0.613105791962,0.789833080425,0.176727288463
23,ADD_23_X5_ACC1,input2,ROI,5,4,176,0.231235224586,0.133061456753,0.0981737678336
23,ADD_23_X5_ACC1,input2,Non-ROI,5,-4,3,0.559748079196,0.74126280349,0.181514724294
24,ADD_24_X5_ACC2,input1,ROI,5,-67,-3,0.207585328014,0.139401950556,0.0681833774578
24,ADD_24_X5_ACC2,input1,Non-ROI,5,-2,5,0.677425014775,0.806088375695,0.12866336092
24,ADD_24_X5_ACC2,input2,ROI,5,-37,-1,0.256085623522,0.16408423432,0.0920013892028
24,ADD_24_X5_ACC2,input2,Non-ROI,5,0,0,0.460762041962,0.632478581816,0.171716539854
25,ADD_25_X5_ACC3,input1,ROI,5,-45,-1,0.25116356383,0.174368519221,0.0767950446087
25,ADD_25_X5_ACC3,input1,Non-ROI,5,0,9,0.702497044917,0.807678932726,0.105181887809
25,ADD_25_X5_ACC3,input2,ROI,5,-69,-2,0.223801344563,0.136659474583,0.0871418699799
25,ADD_25_X5_ACC3,input2,Non-ROI,5,-1,2,0.617030511229,0.767100957891,0.150070446661
26,ADD_26_X6_ACC1,input1,ROI,5,-23,1,0.591570626478,0.377853123419,0.213717503058
26,ADD_26_X6_ACC1,input1,Non-ROI,5,-38,-24,0.122211140662,0.342576346737,0.220365206076
26,ADD_26_X6_ACC1,input2,ROI,5,-3,56,0.587553560875,0.373670254805,0.213883306069
26,ADD_26_X6_ACC1,input2,Non-ROI,5,57,94,0.125748005319,0.345597417172,0.219849411853
27,ADD_27_X6_ACC2,input1,ROI,5,0,33,0.492067449764,0.284480510243,0.207586939521
27,ADD_27_X6_ACC2,input1,Non-ROI,5,34,55,0.132350768322,0.346334408194,0.213983639873
27,ADD_27_X6_ACC2,input2,ROI,5,-56,4,0.619911716903,0.406611580046,0.213300136858
27,ADD_27_X6_ACC2,input2,Non-ROI,5,-94,-57,0.12813054078,0.344076014795,0.215945474015
28,ADD_28_X6_ACC3,input1,ROI,5,-21,0,0.455572177896,0.281350768209,0.174221409687
28,ADD_28_X6_ACC3,input1,Non-ROI,5,-38,-22,0.163683880024,0.348576994815,0.184893114792
28,ADD_28_X6_ACC3,input2,ROI,5,-1,23,0.578743720449,0.370386396687,0.208357323762
28,ADD_28_X6_ACC3,input2,Non-ROI,5,24,39,0.132544695626,0.345170634168,0.212625938541
29,ADD_29_X7_ACC1,input1,ROI,5,-31,-1,0.297983156028,0.211550012645,0.0864331433829
29,ADD_29_X7_ACC1,input1,Non-ROI,5,0,1,0.560376034279,0.721796756449,0.16142072217
29,ADD_29_X7_ACC1,input2,ROI,5,3,100,0.190464317376,0.0963719492919,0.094092368084
29,ADD_29_X7_ACC1,input2,Non-ROI,5,-2,2,0.600518986407,0.777952310951,0.177433324544
30,ADD_30_X7_ACC2,input1,ROI,5,-58,-3,0.134049940898,0.0684670586748,0.0655828822236
30,ADD_30_X7_ACC2,input1,Non-ROI,5,-2,4,0.74635231974,0.870026792489,0.123674472749
30,ADD_30_X7_ACC2,input2,ROI,5,-158,-3,0.219368720449,0.124345994562,0.0950227258867
30,ADD_30_X7_ACC2,input2,Non-ROI,5,-2,3,0.580433658392,0.756642798432,0.17620914004
31,ADD_31_X7_ACC3,input1,ROI,5,-84,-1,0.293596705083,0.212140790971,0.0814559141116
31,ADD_31_X7_ACC3,input1,Non-ROI,5,0,8,0.628869311466,0.742485852934,0.113616541468
31,ADD_31_X7_ACC3,input2,ROI,5,2,81,0.223801344563,0.136659474583,0.0871418699799
31,ADD_31_X7_ACC3,input2,Non-ROI,5,-2,1,0.596160239362,0.753056635685,0.156896396324
0,ADD_00_S0,input1,ROI,6,-336,-77,0.167922576832,0.0902567020738,0.0776658747583
0,ADD_00_S0,input1,Non-ROI,6,-76,-28,0.180250812648,0.258585056272,0.0783342436244
0,ADD_00_S0,input2,ROI,6,-335,-74,0.178274601064,0.100655586115,0.0776190149485
0,ADD_00_S0,input2,Non-ROI,6,-73,-26,0.184000073877,0.263504915908,0.0795048420309
1,ADD_01_S1,input1,ROI,6,-335,-73,0.178099143026,0.102921882903,0.0751772601226
1,ADD_01_S1,input1,Non-ROI,6,-72,348,0.821900856974,0.896967469651,0.075066612677
1,ADD_01_S1,input2,ROI,6,-334,-71,0.186825871749,0.111186851922,0.0756390198273
1,ADD_01_S1,input2,Non-ROI,6,-70,-27,0.167543956856,0.244185081563,0.0766411247072
2,ADD_02_S2,input1,ROI,6,-335,-71,0.182134677896,0.109977633409,0.0721570444868
2,ADD_02_S2,input1,Non-ROI,6,-70,350,0.817865322104,0.889911719145,0.0720463970412
2,ADD_02_S2,input2,ROI,6,-336,-72,0.180888002364,0.108805955994,0.0720820463701
2,ADD_02_S2,input2,Non-ROI,6,-71,-33,0.131787455674,0.204288774026,0.0725013183525
3,ADD_03_S3,input1,ROI,6,-336,-73,0.17513482565,0.103603550202,0.0715312754478
3,ADD_03_S3,input1,Non-ROI,6,-72,342,0.82486517435,0.896333222686,0.071468048336
3,ADD_03_S3,input2,ROI,6,-334,-74,0.171819592199,0.101752181335,0.0700674108632
3,ADD_03_S3,input2,Non-ROI,6,-73,339,0.828180407801,0.898137171219,0.0699567634176
4,ADD_04_D0,input1,ROI,6,-336,-77,0.167922576832,0.0902567020738,0.0776658747583
4,ADD_04_D0,input1,Non-ROI,6,-76,-28,0.180250812648,0.258585056272,0.0783342436244
4,ADD_04_D0,input2,ROI,6,74,335,0.178274601064,0.100655586115,0.0776190149485
4,ADD_04_D0,input2,Non-ROI,6,26,73,0.184000073877,0.263504915908,0.0795048420309
5,ADD_05_D1,input1,ROI,6,-335,-73,0.178099143026,0.102921882903,0.0751772601226
5,ADD_05_D1,input1,Non-ROI,6,-72,348,0.821900856974,0.896967469651,0.075066612677
5,ADD_05_D1,input2,ROI,6,71,334,0.186825871749,0.111186851922,0.0756390198273
5,ADD_05_D1,input2,Non-ROI,6,27,70,0.167543956856,0.244185081563,0.0766411247072
6,ADD_06_D2,input1,ROI,6,-335,-71,0.182134677896,0.109977633409,0.0721570444868
6,ADD_06_D2,input1,Non-ROI,6,-70,350,0.817865322104,0.889911719145,0.0720463970412
6,ADD_06_D2,input2,ROI,6,72,336,0.180888002364,0.108805955994,0.0720820463701
6,ADD_06_D2,input2,Non-ROI,6,33,71,0.131787455674,0.204288774026,0.0725013183525
7,ADD_07_D3,input1,ROI,6,-336,-73,0.17513482565,0.103603550202,0.0715312754478
7,ADD_07_D3,input1,Non-ROI,6,-72,342,0.82486517435,0.896333222686,0.071468048336
7,ADD_07_D3,input2,ROI,6,74,334,0.171819592199,0.101752181335,0.0700674108632
7,ADD_07_D3,input2,Non-ROI,6,-339,73,0.828180407801,0.898137171219,0.0699567634176
8,ADD_08_X0_ACC1,input1,ROI,6,-236,-51,0.173592641844,0.100124083207,0.0734685586371
8,ADD_08_X0_ACC1,input1,Non-ROI,6,-50,-22,0.145814864066,0.226736374557,0.0809215104912
8,ADD_08_X0_ACC1,input2,ROI,6,-236,-50,0.177859042553,0.105581373293,0.0722776692603
8,ADD_08_X0_ACC1,input2,Non-ROI,6,-49,-22,0.140985150709,0.220435397699,0.0794502469893
9,ADD_09_X0_ACC2,input1,ROI,6,-470,-93,0.188996010638,0.117519442337,0.0714765683014
9,ADD_09_X0_ACC2,input1,Non-ROI,6,-92,-42,0.134825650118,0.213486342944,0.0786606928257
9,ADD_09_X0_ACC2,input2,ROI,6,-236,-53,0.163822399527,0.093757903389,0.0700644961382
9,ADD_09_X0_ACC2,input2,Non-ROI,6,-52,-22,0.15870641253,0.231865674001,0.0731592614715
10,ADD_10_X0_ACC3,input1,ROI,6,-706,-160,0.154624704492,0.0830804248862,0.0715442796055
10,ADD_10_X0_ACC3,input1,Non-ROI,6,-159,-62,0.170933067376,0.248929090794,0.0779960234182
10,ADD_10_X0_ACC3,input2,ROI,6,-236,-50,0.179207299054,0.109212980526,0.0699943185283
10,ADD_10_X0_ACC3,input2,Non-ROI,6,-49,239,0.820792700946,0.890707985584,0.0699152846386
11,ADD_11_X1_ACC1,input1,ROI,6,6,107,0.241005466903,0.198323691199,0.0426817757043
11,ADD_11_X1_ACC1,input1,Non-ROI,6,-1,5,0.386478649527,0.462848144284,0.0763694947571
11,ADD_11_X1_ACC1,input2,ROI,6,4,79,0.27760231974,0.23709178996,0.0405105297804
11,ADD_11_X1_ACC1,input2,Non-ROI,6,-1,3,0.361766770095,0.437011965731,0.0752451956363
12,ADD_12_X1_ACC2,input1,ROI,6,14,182,0.180103058511,0.140050028452,0.0400530300584
12,ADD_12_X1_ACC2,input1,Non-ROI,6,4,13,0.294104609929,0.371965098634,0.0778604887052
12,ADD_12_X1_ACC2,input2,ROI,6,2,44,0.323553856383,0.289143509737,0.034410346646
12,ADD_12_X1_ACC2,input2,Non-ROI,6,0,1,0.26029661643,0.327368250506,0.0670716340756
13,ADD_13_X1_ACC3,input1,ROI,6,-391,4,0.529458481087,0.488006607233,0.0414518738543
13,ADD_13_X1_ACC3,input1,Non-ROI,6,5,15,0.285183953901,0.363251612291,0.0780676583906
13,ADD_13_X1_ACC3,input2,ROI,6,-10,-1,0.189891770095,0.160069312721,0.0298224573733
13,ADD_13_X1_ACC3,input2,Non-ROI,6,0,0,0.589529772459,0.648348586874,0.0588188144154
14,ADD_14_X2_ACC1,input1,ROI,6,-309,-66,0.175531914894,0.102032751644,0.0734991632497
14,ADD_14_X2_ACC1,input1,Non-ROI,6,-65,-29,0.139738475177,0.221223760749,0.0814852855713
14,ADD_14_X2_ACC1,input2,ROI,6,-128,-28,0.17200428487,0.0999423052605,0.0720619796095
14,ADD_14_X2_ACC1,input2,Non-ROI,6,-27,-12,0.146839908392,0.226090272509,0.0792503641164
15,ADD_15_X2_ACC2,input1,ROI,6,-435,-91,0.179114952719,0.106782688417,0.0723322643019
15,ADD_15_X2_ACC2,input1,Non-ROI,6,-90,-39,0.141345301418,0.221338359889,0.0799930584703
15,ADD_15_X2_ACC2,input2,ROI,6,29,128,0.163822399527,0.0937895169449,0.0700328825823
15,ADD_15_X2_ACC2,input2,Non-ROI,6,12,28,0.15870641253,0.231865674001,0.0731592614715
16,ADD_16_X2_ACC3,input1,ROI,6,-303,-65,0.174525339835,0.104097512013,0.0704278278214
16,ADD_16_X2_ACC3,input1,Non-ROI,6,-64,-28,0.144752881206,0.220245716363,0.0754928351575
16,ADD_16_X2_ACC3,input2,ROI,6,66,309,0.17787751182,0.108327800961,0.0695497108593
16,ADD_16_X2_ACC3,input2,Non-ROI,6,-313,65,0.82212248818,0.891593165149,0.0694706769695
17,ADD_17_X3_ACC1,input1,ROI,6,6,91,0.210697399527,0.168468639353,0.0422287601746
17,ADD_17_X3_ACC1,input1,Non-ROI,6,-1,5,0.416786716903,0.492719002908,0.0759322860054
17,ADD_17_X3_ACC1,input2,ROI,6,-18,-1,0.347683953901,0.308133377592,0.0395505763084
17,ADD_17_X3_ACC1,input2,Non-ROI,6,0,0,0.34530141844,0.419669954476,0.0743685360368
18,ADD_18_X3_ACC2,input1,ROI,6,6,71,0.204196217494,0.164437910976,0.0397583065179
18,ADD_18_X3_ACC2,input1,Non-ROI,6,1,5,0.364500221631,0.440853012772,0.0763527911407
18,ADD_18_X3_ACC2,input2,ROI,6,2,114,0.344285608747,0.309745668943,0.0345399398042
18,ADD_18_X3_ACC2,input2,Non-ROI,6,-2,1,0.332086657801,0.40049435698,0.0684076991789
19,ADD_19_X3_ACC3,input1,ROI,6,-64,1,0.456634160757,0.407625189681,0.0490089710752
19,ADD_19_X3_ACC3,input1,Non-ROI,6,2,9,0.402666962175,0.468963391502,0.0662964293273
19,ADD_19_X3_ACC3,input2,ROI,6,1,28,0.361323507683,0.328055845346,0.0332676623367
19,ADD_19_X3_ACC3,input2,Non-ROI,6,-1,0,0.41809803487,0.480362054249,0.0622640193789
20,ADD_20_X4_ACC1,input1,ROI,6,-236,-51,0.173592641844,0.100124083207,0.0734685586371
20,ADD_20_X4_ACC1,input1,Non-ROI,6,-50,-22,0.145814864066,0.226736374557,0.0809215104912
20,ADD_20_X4_ACC1,input2,ROI,6,50,236,0.177859042553,0.105581373293,0.0722776692603
20,ADD_20_X4_ACC1,input2,Non-ROI,6,22,49,0.140985150709,0.220435397699,0.0794502469893
21,ADD_21_X4_ACC2,input1,ROI,6,3,30,0.309295582151,0.277098744942,0.0321968372095
21,ADD_21_X4_ACC2,input1,Non-ROI,6,-2,2,0.474909500591,0.534168326378,0.0592588257873
21,ADD_21_X4_ACC2,input2,ROI,6,53,236,0.163822399527,0.093757903389,0.0700644961382
21,ADD_21_X4_ACC2,input2,Non-ROI,6,22,52,0.15870641253,0.231865674001,0.0731592614715
22,ADD_22_X4_ACC3,input1,ROI,6,54,243,0.165078309693,0.0987212316641,0.0663570780285
22,ADD_22_X4_ACC3,input1,Non-ROI,6,-282,53,0.834921690307,0.901262961558,0.0663412712506
22,ADD_22_X4_ACC3,input2,ROI,6,-236,-50,0.179207299054,0.109212980526,0.0699943185283
22,ADD_22_X4_ACC3,input2,Non-ROI,6,-49,239,0.820792700946,0.890707985584,0.0699152846386
23,ADD_23_X5_ACC1,input1,ROI,6,4,61,0.224530880615,0.182595947142,0.0419349334725
23,ADD_23_X5_ACC1,input1,Non-ROI,6,-2,3,0.535867316785,0.610781803237,0.0749144864524
23,ADD_23_X5_ACC1,input2,ROI,6,-93,-3,0.347683953901,0.308133377592,0.0395505763084
23,ADD_23_X5_ACC1,input2,Non-ROI,6,-2,2,0.34530141844,0.419669954476,0.0743685360368
24,ADD_24_X5_ACC2,input1,ROI,6,-45,-3,0.256759751773,0.218141439049,0.038618312724
24,ADD_24_X5_ACC2,input1,Non-ROI,6,-2,4,0.537427969858,0.608250742919,0.0708227730604
24,ADD_24_X5_ACC2,input2,ROI,6,1,15,0.323553856383,0.289143509737,0.034410346646
24,ADD_24_X5_ACC2,input2,Non-ROI,6,0,0,0.391927083333,0.458015221927,0.0660881385938
25,ADD_25_X5_ACC3,input1,ROI,6,-33,0,0.395787160165,0.358555023394,0.0372321367715
25,ADD_25_X5_ACC3,input1,Non-ROI,6,1,8,0.506944444444,0.561440945878,0.0544965014331
25,ADD_25_X5_ACC3,input2,ROI,6,-42,-1,0.361323507683,0.328055845346,0.0332676623367
25,ADD_25_X5_ACC3,input2,Non-ROI,6,0,1,0.313580452128,0.377218876454,0.0636384243266
26,ADD_26_X6_ACC1,input1,ROI,6,-128,-28,0.17071143617,0.0980692020738,0.0726422340964
26,ADD_26_X6_ACC1,input1,Non-ROI,6,-27,-12,0.14869606974,0.228807062468,0.0801109927284
26,ADD_26_X6_ACC1,input2,ROI,6,68,309,0.166703605201,0.0939633915023,0.0727402136987
26,ADD_26_X6_ACC1,input2,Non-ROI,6,29,67,0.148354388298,0.228200477365,0.0798460890668
27,ADD_27_X6_ACC2,input1,ROI,6,41,183,0.165466164303,0.0951449481538,0.0703212161488
27,ADD_27_X6_ACC2,input1,Non-ROI,6,18,40,0.150007387707,0.222425075873,0.0724176881657
27,ADD_27_X6_ACC2,input2,ROI,6,-309,-68,0.167700945626,0.0971326504805,0.070568295146
27,ADD_27_X6_ACC2,input2,Non-ROI,6,-67,-29,0.151761968085,0.224705203591,0.0729432355062
28,ADD_28_X6_ACC3,input1,ROI,6,-128,-27,0.168291962175,0.108165781487,0.0601261806878
28,ADD_28_X6_ACC3,input1,Non-ROI,6,-26,139,0.831708037825,0.891723571067,0.0600155332422
28,ADD_28_X6_ACC3,input2,ROI,6,28,128,0.175014775414,0.105699924127,0.0693148512862
28,ADD_28_X6_ACC3,input2,Non-ROI,6,-130,27,0.824985224586,0.894236848761,0.0692516241745
29,ADD_29_X7_ACC1,input1,ROI,6,1,21,0.358867095154,0.318338628604,0.0405284665497
29,ADD_29_X7_ACC1,input1,Non-ROI,6,0,0,0.320220153664,0.393422799697,0.0732026460322
29,ADD_29_X7_ACC1,input2,ROI,6,-52,-2,0.347683953901,0.308133377592,0.0395505763084
29,ADD_29_X7_ACC1,input2,Non-ROI,6,-1,1,0.34530141844,0.419669954476,0.0743685360368
30,ADD_30_X7_ACC2,input1,ROI,6,-30,-3,0.178570109338,0.140140917425,0.0384291919127
30,ADD_30_X7_ACC2,input1,Non-ROI,6,-2,4,0.690464317376,0.752764210293,0.0622998929175
30,ADD_30_X7_ACC2,input2,ROI,6,-96,-2,0.344285608747,0.309745668943,0.0345399398042
30,ADD_30_X7_ACC2,input2,Non-ROI,6,-1,2,0.358165263002,0.424884215352,0.0667189523492
31,ADD_31_X7_ACC3,input1,ROI,6,-44,-1,0.313977541371,0.276270864947,0.0377066764243
31,ADD_31_X7_ACC3,input1,Non-ROI,6,0,8,0.600518986407,0.652525527946,0.0520065415398
31,ADD_31_X7_ACC3,input2,ROI,6,1,50,0.361323507683,0.328055845346,0.0332676623367
31,ADD_31_X7_ACC3,input2,Non-ROI,6,-1,0,0.313580452128,0.377218876454,0.0636384243266
0,ADD_00_S0,input1,ROI,7,43,273,0.214372783688,0.0468552415276,0.16751754216
0,ADD_00_S0,input1,Non-ROI,7,-322,42,0.784223552009,0.952227965352,0.168004413342
0,ADD_00_S0,input2,ROI,7,44,274,0.214317375887,0.0449228629236,0.169394512963
0,ADD_00_S0,input2,Non-ROI,7,-318,43,0.784186613475,0.954180102428,0.169993488953
1,ADD_01_S1,input1,ROI,7,42,271,0.217660313239,0.0477167109256,0.169943602313
1,ADD_01_S1,input1,Non-ROI,7,-323,41,0.780917553191,0.951481095094,0.170563541902
1,ADD_01_S1,input2,ROI,7,43,274,0.217614140071,0.0469836715984,0.170630468473
1,ADD_01_S1,input2,Non-ROI,7,-322,42,0.780982195626,0.952289216616,0.17130702099
2,ADD_02_S2,input1,ROI,7,39,271,0.22433695331,0.0554561045776,0.168880848732
2,ADD_02_S2,input1,Non-ROI,7,-322,38,0.774130097518,0.943765411608,0.169635314091
2,ADD_02_S2,input2,ROI,7,40,275,0.224844858156,0.0549838770865,0.16986098107
2,ADD_02_S2,input2,Non-ROI,7,-316,39,0.773326684397,0.943953117097,0.170626432699
3,ADD_03_S3,input1,ROI,7,39,274,0.225953014184,0.0556951820941,0.17025783209
3,ADD_03_S3,input1,Non-ROI,7,-333,38,0.773252807329,0.944126991654,0.170874184325
3,ADD_03_S3,input2,ROI,7,40,275,0.224124556738,0.0538892577137,0.170235299024
3,ADD_03_S3,input2,Non-ROI,7,-333,39,0.775062795508,0.945873640617,0.170810845109
4,ADD_04_D0,input1,ROI,7,43,273,0.214372783688,0.0468552415276,0.16751754216
4,ADD_04_D0,input1,Non-ROI,7,-322,42,0.784223552009,0.952227965352,0.168004413342
4,ADD_04_D0,input2,ROI,7,-274,-44,0.214317375887,0.0449228629236,0.169394512963
4,ADD_04_D0,input2,Non-ROI,7,-43,318,0.784186613475,0.954180102428,0.169993488953
5,ADD_05_D1,input1,ROI,7,42,271,0.217660313239,0.0477167109256,0.169943602313
5,ADD_05_D1,input1,Non-ROI,7,-323,41,0.780917553191,0.951481095094,0.170563541902
5,ADD_05_D1,input2,ROI,7,-274,-43,0.217614140071,0.0469836715984,0.170630468473
5,ADD_05_D1,input2,Non-ROI,7,-42,322,0.780982195626,0.952289216616,0.17130702099
6,ADD_06_D2,input1,ROI,7,39,271,0.22433695331,0.0554561045776,0.168880848732
6,ADD_06_D2,input1,Non-ROI,7,-322,38,0.774130097518,0.943765411608,0.169635314091
6,ADD_06_D2,input2,ROI,7,-275,-40,0.224844858156,0.0549838770865,0.16986098107
6,ADD_06_D2,input2,Non-ROI,7,-39,316,0.773326684397,0.943953117097,0.170626432699
7,ADD_07_D3,input1,ROI,7,39,274,0.225953014184,0.0556951820941,0.17025783209
7,ADD_07_D3,input1,Non-ROI,7,-333,38,0.773252807329,0.944126991654,0.170874184325
7,ADD_07_D3,input2,ROI,7,-275,-40,0.224124556738,0.0538892577137,0.170235299024
7,ADD_07_D3,input2,Non-ROI,7,-39,333,0.775062795508,0.945873640617,0.170810845109
8,ADD_08_X0_ACC1,input1,ROI,7,28,193,0.219876625296,0.0503880563986,0.169488568897
8,ADD_08_X0_ACC1,input1,Non-ROI,7,-227,27,0.778996749409,0.94912588518,0.170129135771
8,ADD_08_X0_ACC1,input2,ROI,7,28,192,0.221631205674,0.050992665655,0.170638540019
8,ADD_08_X0_ACC1,input2,Non-ROI,7,-224,27,0.776835845154,0.94808658953,0.171250744376
9,ADD_09_X0_ACC2,input1,ROI,7,68,389,0.205165854019,0.0336348476227,0.171531006396
9,ADD_09_X0_ACC2,input1,Non-ROI,7,-466,67,0.793910682624,0.966104340541,0.172193657917
9,ADD_09_X0_ACC2,input2,ROI,7,27,193,0.227162751182,0.0570012171219,0.17016153406
9,ADD_09_X0_ACC2,input2,Non-ROI,7,-224,26,0.77108266844,0.941951583839,0.170868915399
10,ADD_10_X0_ACC3,input1,ROI,7,104,585,0.203873005319,0.0319988461052,0.171874159214
10,ADD_10_X0_ACC3,input1,Non-ROI,7,-703,103,0.795203531324,0.967740342059,0.172536810735
10,ADD_10_X0_ACC3,input2,ROI,7,30,194,0.219821217494,0.0488982675771,0.170922949917
10,ADD_10_X0_ACC3,input2,Non-ROI,7,-222,29,0.778387263593,0.949888562215,0.171501298622
11,ADD_11_X1_ACC1,input1,ROI,7,3,47,0.331283244681,0.310109224836,0.0211740198452
11,ADD_11_X1_ACC1,input1,Non-ROI,7,-28,2,0.633615913121,0.669944597243,0.0363286841227
11,ADD_11_X1_ACC1,input2,ROI,7,2,11,0.34232786643,0.324074513151,0.018253353279
11,ADD_11_X1_ACC1,input2,Non-ROI,7,-40,1,0.594534943853,0.617276413126,0.0227414692725
12,ADD_12_X1_ACC2,input1,ROI,7,5,75,0.388925827423,0.366282561963,0.0226432654606
12,ADD_12_X1_ACC2,input1,Non-ROI,7,-46,4,0.578023419031,0.611957432347,0.0339340133163
12,ADD_12_X1_ACC2,input2,ROI,7,-4,6,0.898760712175,0.863214071194,0.0355466409812
12,ADD_12_X1_ACC2,input2,Non-ROI,7,-23,-5,0.055417036052,0.0790161071067,0.0235990710547
13,ADD_13_X1_ACC3,input1,ROI,7,9,85,0.349373891844,0.327719951315,0.0216539405288
13,ADD_13_X1_ACC3,input1,Non-ROI,7,-41,8,0.608026743499,0.638605684117,0.0305789406185
13,ADD_13_X1_ACC3,input2,ROI,7,0,0,0.727799940898,0.685042046029,0.042757894869
13,ADD_13_X1_ACC3,input2,Non-ROI,7,-4,-1,0.118960549645,0.142636412494,0.0236758628483
14,ADD_14_X2_ACC1,input1,ROI,7,37,252,0.217771128842,0.047898488872,0.16987263997
14,ADD_14_X2_ACC1,input1,Non-ROI,7,-296,36,0.781102245863,0.951599645928,0.170497400065
14,ADD_14_X2_ACC1,input2,ROI,7,15,104,0.224096852837,0.0533419480273,0.17075490481
14,ADD_14_X2_ACC1,input2,Non-ROI,7,-121,14,0.774370197991,0.945737307157,0.171367109167
15,ADD_15_X2_ACC2,input1,ROI,7,60,360,0.210983673168,0.0389656834851,0.172017989683
15,ADD_15_X2_ACC2,input1,Non-ROI,7,-420,59,0.787889701537,0.960548258093,0.172658556556
15,ADD_15_X2_ACC2,input2,ROI,7,-104,-16,0.218315972222,0.0481454697774,0.170170502445
15,ADD_15_X2_ACC2,input2,Non-ROI,7,-15,121,0.7799294474,0.950807331184,0.170877883784
16,ADD_16_X2_ACC3,input1,ROI,7,42,260,0.210364952719,0.0412477870511,0.169117165668
16,ADD_16_X2_ACC3,input1,Non-ROI,7,-294,41,0.78828679078,0.958108086748,0.169821295967
16,ADD_16_X2_ACC3,input2,ROI,7,-253,-39,0.219821217494,0.0488982675771,0.170922949917
16,ADD_16_X2_ACC3,input2,Non-ROI,7,-38,308,0.779384604019,0.950923906171,0.171539302152
17,ADD_17_X3_ACC1,input1,ROI,7,3,40,0.307956560284,0.287786102681,0.0201704576029
17,ADD_17_X3_ACC1,input1,Non-ROI,7,-24,2,0.657090351655,0.692473207511,0.0353828558565
17,ADD_17_X3_ACC1,input2,ROI,7,-5,-1,0.300984411939,0.285405206753,0.0155792051859
17,ADD_17_X3_ACC1,input2,Non-ROI,7,0,9,0.677129506501,0.69744839087,0.0203188843688
18,ADD_18_X3_ACC2,input1,ROI,7,-86,-19,0.0350639036643,0.0170614409459,0.0180024627184
18,ADD_18_X3_ACC2,input1,Non-ROI,7,-18,1,0.430841829196,0.462919274785,0.0320774455888
18,ADD_18_X3_ACC2,input2,ROI,7,-11,6,0.878740026596,0.840752639732,0.0379873868638
18,ADD_18_X3_ACC2,input2,Non-ROI,7,7,41,0.0754377216312,0.101477538569,0.0260398169373
19,ADD_19_X3_ACC3,input1,ROI,7,-2,10,0.740516031324,0.708291840541,0.0322241907827
19,ADD_19_X3_ACC3,input1,Non-ROI,7,-37,-3,0.18478501773,0.203176372028,0.0183913542978
19,ADD_19_X3_ACC3,input2,ROI,7,-2,1,0.815602836879,0.770359129995,0.0452437068845
19,ADD_19_X3_ACC3,input2,Non-ROI,7,-15,-3,0.0604499113475,0.0851313543247,0.0246814429772
20,ADD_20_X4_ACC1,input1,ROI,7,28,193,0.219876625296,0.0503880563986,0.169488568897
20,ADD_20_X4_ACC1,input1,Non-ROI,7,-227,27,0.778996749409,0.94912588518,0.170129135771
20,ADD_20_X4_ACC1,input2,ROI,7,-192,-28,0.221631205674,0.050992665655,0.170638540019
20,ADD_20_X4_ACC1,input2,Non-ROI,7,-27,224,0.776835845154,0.94808658953,0.171250744376
21,ADD_21_X4_ACC2,input1,ROI,7,-1,5,0.676252216312,0.647370542489,0.0288816738234
21,ADD_21_X4_ACC2,input1,Non-ROI,7,-28,-2,0.248014553783,0.272269774279,0.0242552204967
21,ADD_21_X4_ACC2,input2,ROI,7,-193,-27,0.227162751182,0.0570012171219,0.17016153406
21,ADD_21_X4_ACC2,input2,Non-ROI,7,-26,224,0.77108266844,0.941951583839,0.170868915399
22,ADD_22_X4_ACC3,input1,ROI,7,-246,-31,0.209921690307,0.0459107865453,0.164010903762
22,ADD_22_X4_ACC3,input1,Non-ROI,7,-30,232,0.788693114657,0.953310729641,0.164617614984
22,ADD_22_X4_ACC3,input2,ROI,7,30,194,0.219821217494,0.0488982675771,0.170922949917
22,ADD_22_X4_ACC3,input2,Non-ROI,7,-222,29,0.778387263593,0.949888562215,0.171501298622
23,ADD_23_X5_ACC1,input1,ROI,7,2,27,0.331634160757,0.310603186646,0.0210309741101
23,ADD_23_X5_ACC1,input1,Non-ROI,7,-16,1,0.634169991135,0.67050573786,0.0363357467256
23,ADD_23_X5_ACC1,input2,ROI,7,-13,-2,0.34232786643,0.324074513151,0.018253353279
23,ADD_23_X5_ACC1,input2,Non-ROI,7,-1,48,0.594608820922,0.617371253794,0.0227624328716
24,ADD_24_X5_ACC2,input1,ROI,7,-6,2,0.644346557329,0.607409031993,0.0369375253357
24,ADD_24_X5_ACC2,input1,Non-ROI,7,3,23,0.296561022459,0.323892735205,0.0273317127462
24,ADD_24_X5_ACC2,input2,ROI,7,-1,2,0.901318705674,0.865780696763,0.035538008911
24,ADD_24_X5_ACC2,input2,Non-ROI,7,-8,-2,0.0608285313239,0.0851609920334,0.0243324607095
25,ADD_25_X5_ACC3,input1,ROI,7,-5,5,0.751329787234,0.725199165402,0.0261306218319
25,ADD_25_X5_ACC3,input1,Non-ROI,7,6,19,0.193548684988,0.213045729009,0.0194970440204
25,ADD_25_X5_ACC3,input2,ROI,7,-2,3,0.82408946513,0.779465809939,0.0446236551907
25,ADD_25_X5_ACC3,input2,Non-ROI,7,4,24,0.0810339095745,0.105670286419,0.0246363768443
26,ADD_26_X6_ACC1,input1,ROI,7,16,104,0.214945330969,0.0454840035407,0.169461327429
26,ADD_26_X6_ACC1,input1,Non-ROI,7,-123,15,0.784001920804,0.954045744815,0.170043824012
26,ADD_26_X6_ACC1,input2,ROI,7,-251,-36,0.223025635343,0.0522749905159,0.170750644827
26,ADD_26_X6_ACC1,input2,Non-ROI,7,-35,292,0.775441415485,0.946788457891,0.171347042406
27,ADD_27_X6_ACC2,input1,ROI,7,-146,-23,0.213901817376,0.0452488777188,0.168652939657
27,ADD_27_X6_ACC2,input1,Non-ROI,7,-22,172,0.784491356383,0.953846184244,0.169354827861
27,ADD_27_X6_ACC2,input2,ROI,7,38,252,0.218315972222,0.0481454697774,0.170170502445
27,ADD_27_X6_ACC2,input2,Non-ROI,7,-292,37,0.7799294474,0.950791524406,0.170862077006
28,ADD_28_X6_ACC3,input1,ROI,7,17,112,0.218537603428,0.0557011096358,0.162836493792
28,ADD_28_X6_ACC3,input1,Non-ROI,7,-127,16,0.780501994681,0.943998561583,0.163496566902
28,ADD_28_X6_ACC3,input2,ROI,7,-105,-16,0.220726211584,0.050569834345,0.170156377239
28,ADD_28_X6_ACC3,input2,Non-ROI,7,-15,119,0.777334515366,0.948090541224,0.170756025858
29,ADD_29_X7_ACC1,input1,ROI,7,1,9,0.331430998818,0.310314712949,0.0211162858691
29,ADD_29_X7_ACC1,input1,Non-ROI,7,-5,0,0.632286125887,0.668553600784,0.0362674748975
29,ADD_29_X7_ACC1,input2,ROI,7,-7,0,0.566212322695,0.548459629489,0.0177526932059
29,ADD_29_X7_ACC1,input2,Non-ROI,7,1,26,0.370410387116,0.392594919702,0.0221845325857
30,ADD_30_X7_ACC2,input1,ROI,7,-4,0,0.430287751182,0.402671740642,0.0276160105396
30,ADD_30_X7_ACC2,input1,Non-ROI,7,1,17,0.495179521277,0.519715003794,0.024535482517
30,ADD_30_X7_ACC2,input2,ROI,7,-5,10,0.886414007092,0.849274468892,0.0371395381999
30,ADD_30_X7_ACC2,input2,Non-ROI,7,-35,-6,0.0755115986998,0.10154076568,0.0260291669806
31,ADD_31_X7_ACC3,input1,ROI,7,-3,3,0.610012189716,0.577056066641,0.0329561230749
31,ADD_31_X7_ACC3,input1,Non-ROI,7,4,39,0.277944001182,0.302759073091,0.0248150719085
31,ADD_31_X7_ACC3,input2,ROI,7,-4,2,0.815602836879,0.770359129995,0.0452437068845
31,ADD_31_X7_ACC3,input2,Non-ROI,7,-28,-5,0.0605053191489,0.0852617602428,0.0247564410939
0,ADD_00_S0,input1,ROI,8,-273,0,0.701601285461,0.476939886823,0.224661398638
0,ADD_00_S0,input1,Non-ROI,8,1,239,0.298250960402,0.522743977618,0.224493017216
0,ADD_00_S0,input2,ROI,8,-280,1,0.733165263002,0.510398884041,0.222766378961
0,ADD_00_S0,input2,Non-ROI,8,2,238,0.266686982861,0.489332400733,0.222645417873
1,ADD_01_S1,input1,ROI,8,-269,0,0.702072251773,0.474989725594,0.227082526179
1,ADD_01_S1,input1,Non-ROI,8,1,241,0.297632239953,0.524694138847,0.227061898894
1,ADD_01_S1,input2,ROI,8,-282,0,0.704694887707,0.476056683106,0.228638204601
1,ADD_01_S1,input2,Non-ROI,8,1,244,0.295083481087,0.523627181335,0.228543700248
2,ADD_02_S2,input1,ROI,8,-277,8,0.886931146572,0.659877655539,0.227053491033
2,ADD_02_S2,input1,Non-ROI,8,9,240,0.112699468085,0.339869436014,0.227169967929
2,ADD_02_S2,input2,ROI,8,-279,8,0.8828125,0.660347907183,0.222464592817
2,ADD_02_S2,input2,Non-ROI,8,9,241,0.116818114657,0.339241116591,0.222423001934
3,ADD_03_S3,input1,ROI,8,-276,0,0.701379654255,0.476181161482,0.225198492773
3,ADD_03_S3,input1,Non-ROI,8,1,237,0.298103206265,0.523550123293,0.225446917028
3,ADD_03_S3,input2,ROI,8,-275,8,0.88749445922,0.661638135432,0.225856323787
3,ADD_03_S3,input2,Non-ROI,8,9,237,0.112136155437,0.338061535787,0.225925380349
4,ADD_04_D0,input1,ROI,8,-273,0,0.701601285461,0.476939886823,0.224661398638
4,ADD_04_D0,input1,Non-ROI,8,1,239,0.298250960402,0.522743977618,0.224493017216
4,ADD_04_D0,input2,ROI,8,-1,280,0.733165263002,0.510398884041,0.222766378961
4,ADD_04_D0,input2,Non-ROI,8,-238,-2,0.266686982861,0.489332400733,0.222645417873
5,ADD_05_D1,input1,ROI,8,-269,0,0.702072251773,0.474989725594,0.227082526179
5,ADD_05_D1,input1,Non-ROI,8,1,241,0.297632239953,0.524694138847,0.227061898894
5,ADD_05_D1,input2,ROI,8,0,282,0.704694887707,0.476056683106,0.228638204601
5,ADD_05_D1,input2,Non-ROI,8,-244,-1,0.295083481087,0.523627181335,0.228543700248
6,ADD_06_D2,input1,ROI,8,-277,8,0.886931146572,0.659877655539,0.227053491033
6,ADD_06_D2,input1,Non-ROI,8,9,240,0.112699468085,0.339869436014,0.227169967929
6,ADD_06_D2,input2,ROI,8,-8,279,0.8828125,0.660347907183,0.222464592817
6,ADD_06_D2,input2,Non-ROI,8,-241,-9,0.116818114657,0.339241116591,0.222423001934
7,ADD_07_D3,input1,ROI,8,-276,0,0.701379654255,0.476181161482,0.225198492773
7,ADD_07_D3,input1,Non-ROI,8,1,237,0.298103206265,0.523550123293,0.225446917028
7,ADD_07_D3,input2,ROI,8,-8,275,0.88749445922,0.661638135432,0.225856323787
7,ADD_07_D3,input2,Non-ROI,8,-237,-9,0.112136155437,0.338061535787,0.225925380349
8,ADD_08_X0_ACC1,input1,ROI,8,-176,1,0.742639997045,0.503345109383,0.239294887662
8,ADD_08_X0_ACC1,input1,Non-ROI,8,2,168,0.257360002955,0.496465209282,0.239105206327
8,ADD_08_X0_ACC1,input2,ROI,8,-190,1,0.741864287825,0.49913260306,0.242731684765
8,ADD_08_X0_ACC1,input2,Non-ROI,8,2,169,0.258135712175,0.500677715604,0.24254200343
9,ADD_09_X0_ACC2,input1,ROI,8,-364,9,0.853686465721,0.607003983308,0.246682482413
9,ADD_09_X0_ACC2,input1,Non-ROI,8,10,333,0.146313534279,0.392822142135,0.246508607856
9,ADD_09_X0_ACC2,input2,ROI,8,-194,1,0.735778664303,0.501778262519,0.234000401784
9,ADD_09_X0_ACC2,input2,Non-ROI,8,2,164,0.263851950355,0.4979214087,0.234069458345
10,ADD_10_X0_ACC3,input1,ROI,8,-558,7,0.701407358156,0.449604040212,0.251803317944
10,ADD_10_X0_ACC3,input1,Non-ROI,8,8,505,0.298592641844,0.55022208523,0.251629443386
10,ADD_10_X0_ACC3,input2,ROI,8,-194,1,0.73947251773,0.507531929691,0.231940588039
10,ADD_10_X0_ACC3,input2,Non-ROI,8,2,169,0.260158096927,0.492215161861,0.232057064935
11,ADD_11_X1_ACC1,input1,ROI,8,3,80,0.282995345745,0.155449781866,0.127545563878
11,ADD_11_X1_ACC1,input1,Non-ROI,8,-1,2,0.435228280142,0.662126169702,0.22689788956
11,ADD_11_X1_ACC1,input2,ROI,8,2,71,0.367399896572,0.250393193601,0.117006702971
11,ADD_11_X1_ACC1,input2,Non-ROI,8,-1,1,0.362422429078,0.57616100784,0.213738578762
12,ADD_12_X1_ACC2,input1,ROI,8,6,145,0.2564919474,0.142863634927,0.113628312473
12,ADD_12_X1_ACC2,input1,Non-ROI,8,4,5,0.306312795508,0.512467596105,0.206154800597
12,ADD_12_X1_ACC2,input2,ROI,8,2,39,0.242529181442,0.134628303617,0.107900877825
12,ADD_12_X1_ACC2,input2,Non-ROI,8,-1,1,0.562010564421,0.753771892387,0.191761327967
13,ADD_13_X1_ACC3,input1,ROI,8,-277,7,0.506676640071,0.398593591932,0.108083048139
13,ADD_13_X1_ACC3,input1,Non-ROI,8,8,9,0.269715942671,0.478694439176,0.208978496504
13,ADD_13_X1_ACC3,input2,ROI,8,1,6,0.148936170213,0.0790971168437,0.0698390533691
13,ADD_13_X1_ACC3,input2,Non-ROI,8,0,0,0.736415854019,0.857041524406,0.120625670387
14,ADD_14_X2_ACC1,input1,ROI,8,-230,1,0.720421468676,0.472834076252,0.247587392424
14,ADD_14_X2_ACC1,input1,Non-ROI,8,2,219,0.279578531324,0.526976242413,0.247397711089
14,ADD_14_X2_ACC1,input2,ROI,8,-103,0,0.701785978132,0.458027077011,0.243758901122
14,ADD_14_X2_ACC1,input2,Non-ROI,8,1,92,0.298214021868,0.541799048432,0.243585026564
15,ADD_15_X2_ACC2,input1,ROI,8,-332,8,0.840610224586,0.600554817906,0.24005540668
15,ADD_15_X2_ACC2,input1,Non-ROI,8,9,305,0.159389775414,0.399255500759,0.239865725345
15,ADD_15_X2_ACC2,input2,ROI,8,0,105,0.696042036052,0.459635416667,0.236406619385
15,ADD_15_X2_ACC2,input2,Non-ROI,8,-92,-1,0.303662455674,0.540111674886,0.236449219212
16,ADD_16_X2_ACC3,input1,ROI,8,-224,1,0.64727393617,0.418919132524,0.228354803646
16,ADD_16_X2_ACC3,input1,Non-ROI,8,2,221,0.35272606383,0.580875379363,0.228149315533
16,ADD_16_X2_ACC3,input2,ROI,8,-1,254,0.708167109929,0.468279748356,0.239887361573
16,ADD_16_X2_ACC3,input2,Non-ROI,8,-221,-2,0.291463504728,0.531467343197,0.240003838469
17,ADD_17_X3_ACC1,input1,ROI,8,3,68,0.259280806738,0.14202982739,0.117250979348
17,ADD_17_X3_ACC1,input1,Non-ROI,8,-1,2,0.458942819149,0.675546124178,0.216603305029
17,ADD_17_X3_ACC1,input2,ROI,8,-17,-1,0.270343897754,0.147771639479,0.122572258275
17,ADD_17_X3_ACC1,input2,Non-ROI,8,0,0,0.512097369976,0.728569960799,0.216472590823
18,ADD_18_X3_ACC2,input1,ROI,8,-111,3,0.524139332151,0.383144442337,0.140994889814
18,ADD_18_X3_ACC2,input1,Non-ROI,8,4,5,0.354286716903,0.556009341806,0.201722624903
18,ADD_18_X3_ACC2,input2,ROI,8,-69,-3,0.242529181442,0.134628303617,0.107900877825
18,ADD_18_X3_ACC2,input2,Non-ROI,8,-2,1,0.502299423759,0.711034316515,0.208734892756
19,ADD_19_X3_ACC3,input1,ROI,8,-83,1,0.359430407801,0.208218734193,0.151211673608
19,ADD_19_X3_ACC3,input1,Non-ROI,8,2,8,0.504506501182,0.69820118867,0.193694687488
19,ADD_19_X3_ACC3,input2,ROI,8,1,28,0.276706560284,0.197323912494,0.07938264779
19,ADD_19_X3_ACC3,input2,Non-ROI,8,-1,0,0.574061761229,0.723247028326,0.149185267096
20,ADD_20_X4_ACC1,input1,ROI,8,-176,1,0.742639997045,0.503345109383,0.239294887662
20,ADD_20_X4_ACC1,input1,Non-ROI,8,2,168,0.257360002955,0.496465209282,0.239105206327
20,ADD_20_X4_ACC1,input2,ROI,8,-1,190,0.741864287825,0.49913260306,0.242731684765
20,ADD_20_X4_ACC1,input2,Non-ROI,8,-169,-2,0.258135712175,0.500677715604,0.24254200343
21,ADD_21_X4_ACC2,input1,ROI,8,3,60,0.243295656028,0.171136033131,0.0721596228974
21,ADD_21_X4_ACC2,input1,Non-ROI,8,-2,2,0.619763962766,0.746156977112,0.126393014346
21,ADD_21_X4_ACC2,input2,ROI,8,-1,194,0.735778664303,0.501778262519,0.234000401784
21,ADD_21_X4_ACC2,input2,Non-ROI,8,-164,-2,0.263851950355,0.4979214087,0.234069458345
22,ADD_22_X4_ACC3,input1,ROI,8,-1,213,0.729185135934,0.492551055893,0.236634080041
22,ADD_22_X4_ACC3,input1,Non-ROI,8,-200,-2,0.270371601655,0.507211842438,0.236840240783
22,ADD_22_X4_ACC3,input2,ROI,8,-194,1,0.73947251773,0.507531929691,0.231940588039
22,ADD_22_X4_ACC3,input2,Non-ROI,8,2,169,0.260158096927,0.492215161861,0.232057064935
23,ADD_23_X5_ACC1,input1,ROI,8,2,45,0.282995345745,0.155418168311,0.127577177434
23,ADD_23_X5_ACC1,input1,Non-ROI,8,-1,1,0.488235076832,0.712984477744,0.224749400912
23,ADD_23_X5_ACC1,input2,ROI,8,-83,-3,0.270343897754,0.147740025923,0.122603871831
23,ADD_23_X5_ACC1,input2,Non-ROI,8,-2,1,0.459478427896,0.678798368741,0.219319940845
24,ADD_24_X5_ACC2,input1,ROI,8,-33,-2,0.273455969267,0.170626264542,0.102829704725
24,ADD_24_X5_ACC2,input1,Non-ROI,8,-1,4,0.584081338652,0.731361832954,0.147280494301
24,ADD_24_X5_ACC2,input2,ROI,8,1,13,0.242455304374,0.134580883283,0.107874421091
24,ADD_24_X5_ACC2,input2,Non-ROI,8,0,0,0.562010564421,0.753771892387,0.191761327967
25,ADD_25_X5_ACC3,input1,ROI,8,-27,4,0.657524379433,0.529712790845,0.127811588588
25,ADD_25_X5_ACC3,input1,Non-ROI,8,5,8,0.269595892435,0.40790575999,0.138309867555
25,ADD_25_X5_ACC3,input2,ROI,8,2,27,0.265929742908,0.181293863809,0.084635879099
25,ADD_25_X5_ACC3,input2,Non-ROI,8,0,1,0.457068188534,0.621050281361,0.163982092826
26,ADD_26_X6_ACC1,input1,ROI,8,-95,0,0.704131575059,0.461824655412,0.242306919647
26,ADD_26_X6_ACC1,input1,Non-ROI,8,1,91,0.295868424941,0.537985663252,0.242117238312
26,ADD_26_X6_ACC1,input2,ROI,8,-1,248,0.718389849291,0.468020912367,0.250368936924
26,ADD_26_X6_ACC1,input2,Non-ROI,8,-221,-2,0.281610150709,0.531789406297,0.250179255588
27,ADD_27_X6_ACC2,input1,ROI,8,0,157,0.69440750591,0.465612354578,0.228795151333
27,ADD_27_X6_ACC2,input1,Non-ROI,8,-125,-1,0.305296985816,0.534150543753,0.228853557938
27,ADD_27_X6_ACC2,input2,ROI,8,-254,1,0.712396572104,0.469398077896,0.242998494208
27,ADD_27_X6_ACC2,input2,Non-ROI,8,2,222,0.287307919622,0.530349013657,0.243041094035
28,ADD_28_X6_ACC3,input1,ROI,8,-99,0,0.671875,0.453362101669,0.218512898331
28,ADD_28_X6_ACC3,input1,Non-ROI,8,1,95,0.327681737589,0.54625853566,0.218576798071
28,ADD_28_X6_ACC3,input2,ROI,8,0,105,0.691969562648,0.459827073849,0.232142488798
28,ADD_28_X6_ACC3,input2,Non-ROI,8,-91,-1,0.307661052009,0.539920017704,0.232258965694
29,ADD_29_X7_ACC1,input1,ROI,8,1,16,0.282995345745,0.155465588644,0.1275297571
29,ADD_29_X7_ACC1,input1,Non-ROI,8,0,0,0.488235076832,0.712984477744,0.224749400912
29,ADD_29_X7_ACC1,input2,ROI,8,-47,-2,0.270343897754,0.147755832701,0.122588065053
29,ADD_29_X7_ACC1,input2,Non-ROI,8,-1,1,0.512097369976,0.728569960799,0.216472590823
30,ADD_30_X7_ACC2,input1,ROI,8,-29,3,0.651595744681,0.517577137076,0.134018607604
30,ADD_30_X7_ACC2,input1,Non-ROI,8,4,4,0.273668365839,0.440623814492,0.166955448652
30,ADD_30_X7_ACC2,input2,ROI,8,2,59,0.340961140662,0.234663473698,0.106297666964
30,ADD_30_X7_ACC2,input2,Non-ROI,8,-1,1,0.403867464539,0.610999146434,0.207131681895
31,ADD_31_X7_ACC3,input1,ROI,8,-46,7,0.782764479905,0.658470852301,0.124293627604
31,ADD_31_X7_ACC3,input1,Non-ROI,8,8,8,0.164875147754,0.311065534901,0.146190387147
31,ADD_31_X7_ACC3,input2,ROI,8,-32,-2,0.265929742908,0.181293863809,0.084635879099
31,ADD_31_X7_ACC3,input2,Non-ROI,8,-1,0,0.457068188534,0.621050281361,0.163982092826
0,ADD_00_S0,input1,ROI,9,-339,4,0.418375073877,0.321160138467,0.0972149354097
0,ADD_00_S0,input1,Non-ROI,9,5,326,0.580276669622,0.678021860774,0.0977451911522
0,ADD_00_S0,input2,ROI,9,-351,4,0.414237958038,0.32090723002,0.0933307280176
0,ADD_00_S0,input2,Non-ROI,9,5,332,0.584930924941,0.678496064112,0.0935651391714
1,ADD_01_S1,input1,ROI,9,-339,-3,0.24322177896,0.148279432221,0.0949423467393
1,ADD_01_S1,input1,Non-ROI,9,-2,303,0.753915484634,0.849250758725,0.0953352740918
1,ADD_01_S1,input2,ROI,9,-340,23,0.588763297872,0.493748419322,0.0950148785501
1,ADD_01_S1,input2,Non-ROI,9,24,331,0.410257830969,0.505449386697,0.0951915557277
2,ADD_02_S2,input1,ROI,9,-340,-3,0.244108303783,0.147884262772,0.0962240410106
2,ADD_02_S2,input1,Non-ROI,9,-2,320,0.754488031915,0.851072489884,0.0965844579688
2,ADD_02_S2,input2,ROI,9,-340,-7,0.190972222222,0.0962000505817,0.0947721716405
2,ADD_02_S2,input2,Non-ROI,9,-6,305,0.806589834515,0.901587000506,0.0949971659905
3,ADD_03_S3,input1,ROI,9,-339,-2,0.272929595154,0.173647334977,0.0992822601764
3,ADD_03_S3,input1,Non-ROI,9,-1,312,0.725121897163,0.825062436773,0.0999405396098
3,ADD_03_S3,input2,ROI,9,-340,-5,0.221668144208,0.122368171472,0.0992999727361
3,ADD_03_S3,input2,Non-ROI,9,-4,312,0.776364878842,0.876266518083,0.0999016392413
4,ADD_04_D0,input1,ROI,9,-339,4,0.418375073877,0.321160138467,0.0972149354097
4,ADD_04_D0,input1,Non-ROI,9,5,326,0.580276669622,0.678021860774,0.0977451911522
4,ADD_04_D0,input2,ROI,9,-4,351,0.414237958038,0.32090723002,0.0933307280176
4,ADD_04_D0,input2,Non-ROI,9,-332,-5,0.584930924941,0.678496064112,0.0935651391714
5,ADD_05_D1,input1,ROI,9,-339,-3,0.24322177896,0.148279432221,0.0949423467393
5,ADD_05_D1,input1,Non-ROI,9,-2,303,0.753915484634,0.849250758725,0.0953352740918
5,ADD_05_D1,input2,ROI,9,-23,340,0.588763297872,0.493748419322,0.0950148785501
5,ADD_05_D1,input2,Non-ROI,9,-331,-24,0.410257830969,0.505449386697,0.0951915557277
6,ADD_06_D2,input1,ROI,9,-340,-3,0.244108303783,0.147884262772,0.0962240410106
6,ADD_06_D2,input1,Non-ROI,9,-2,320,0.754488031915,0.851072489884,0.0965844579688
6,ADD_06_D2,input2,ROI,9,7,340,0.190972222222,0.0962000505817,0.0947721716405
6,ADD_06_D2,input2,Non-ROI,9,-305,6,0.806589834515,0.901587000506,0.0949971659905
7,ADD_07_D3,input1,ROI,9,-339,-2,0.272929595154,0.173647334977,0.0992822601764
7,ADD_07_D3,input1,Non-ROI,9,-1,312,0.725121897163,0.825062436773,0.0999405396098
7,ADD_07_D3,input2,ROI,9,5,340,0.221668144208,0.122368171472,0.0992999727361
7,ADD_07_D3,input2,Non-ROI,9,-312,4,0.776364878842,0.876266518083,0.0999016392413
8,ADD_08_X0_ACC1,input1,ROI,9,-239,-3,0.197648862293,0.0946766723571,0.102972189936
8,ADD_08_X0_ACC1,input1,Non-ROI,9,-2,212,0.799322177896,0.902952310951,0.103630133055
8,ADD_08_X0_ACC1,input2,ROI,9,-239,-3,0.194998522459,0.0894584597876,0.105540062671
8,ADD_08_X0_ACC1,input2,Non-ROI,9,-2,217,0.802859042553,0.908960862418,0.106101819865
9,ADD_09_X0_ACC2,input1,ROI,9,-475,-3,0.21445589539,0.110443933359,0.104011962031
9,ADD_09_X0_ACC2,input1,Non-ROI,9,-2,426,0.782736776005,0.887327310951,0.104590534946
9,ADD_09_X0_ACC2,input2,ROI,9,-240,-4,0.18894983747,0.0868325588012,0.102117278669
9,ADD_09_X0_ACC2,input2,Non-ROI,9,-3,221,0.809129358747,0.911823865073,0.102694506326
10,ADD_10_X0_ACC3,input1,ROI,9,-711,-3,0.222388445626,0.118404621902,0.103983823725
10,ADD_10_X0_ACC3,input1,Non-ROI,9,-2,654,0.775469119385,0.880014700303,0.104545580918
10,ADD_10_X0_ACC3,input2,ROI,9,-240,-3,0.214779107565,0.114089371523,0.100689736043
10,ADD_10_X0_ACC3,input2,Non-ROI,9,-2,221,0.783198507683,0.884652013784,0.1014535061
11,ADD_11_X1_ACC1,input1,ROI,9,-116,-15,0.124519799054,0.101945814365,0.0225739846892
11,ADD_11_X1_ACC1,input1,Non-ROI,9,-14,20,0.796782653664,0.838703686141,0.0419210324763
11,ADD_11_X1_ACC1,input2,ROI,9,-131,-8,0.171496380024,0.150490405286,0.0210059747379
11,ADD_11_X1_ACC1,input2,Non-ROI,9,-7,10,0.702497044917,0.740942716237,0.0384456713195
12,ADD_12_X1_ACC2,input1,ROI,9,-245,-27,0.10743572695,0.0867910660091,0.0206446609412
12,ADD_12_X1_ACC2,input1,Non-ROI,9,-26,31,0.803930260047,0.842580298432,0.0386500383847
12,ADD_12_X1_ACC2,input2,ROI,9,-92,-6,0.144522015366,0.121249841932,0.0232721734342
12,ADD_12_X1_ACC2,input2,Non-ROI,9,-5,5,0.709081338652,0.747832495574,0.0387511569216
13,ADD_13_X1_ACC3,input1,ROI,9,-329,-19,0.172752290189,0.151960435635,0.0207918545543
13,ADD_13_X1_ACC3,input1,Non-ROI,9,-18,43,0.75390625,0.79285415086,0.0389479008599
13,ADD_13_X1_ACC3,input2,ROI,9,-14,-1,0.240719193262,0.220877987481,0.0198412057814
13,ADD_13_X1_ACC3,input2,Non-ROI,9,0,2,0.731927822104,0.758434891882,0.0265070697776
14,ADD_14_X2_ACC1,input1,ROI,9,-313,-4,0.197648862293,0.0946766723571,0.102972189936
14,ADD_14_X2_ACC1,input1,Non-ROI,9,-3,277,0.799248300827,0.902889083839,0.103640783012
14,ADD_14_X2_ACC1,input2,ROI,9,-130,-2,0.194998522459,0.0894584597876,0.105540062671
14,ADD_14_X2_ACC1,input2,Non-ROI,9,-1,117,0.802859042553,0.90894505564,0.106086013087
15,ADD_15_X2_ACC2,input1,ROI,9,-445,-3,0.211768617021,0.109011444107,0.102757172914
15,ADD_15_X2_ACC2,input1,Non-ROI,9,-2,398,0.785941193853,0.889281423875,0.103340230021
15,ADD_15_X2_ACC2,input2,ROI,9,2,130,0.199588135343,0.098687642261,0.100900493082
15,ADD_15_X2_ACC2,input2,Non-ROI,9,-119,1,0.798417183806,0.899905554502,0.101488370696
16,ADD_16_X2_ACC3,input1,ROI,9,-315,7,0.42865322104,0.32646924001,0.10218398103
16,ADD_16_X2_ACC3,input1,Non-ROI,9,8,281,0.568594858156,0.671764352554,0.103169494398
16,ADD_16_X2_ACC3,input2,ROI,9,4,313,0.214779107565,0.114089371523,0.100689736043
16,ADD_16_X2_ACC3,input2,Non-ROI,9,-289,3,0.783198507683,0.884652013784,0.1014535061
17,ADD_17_X3_ACC1,input1,ROI,9,-99,-15,0.100989952719,0.0793342185129,0.0216557342058
17,ADD_17_X3_ACC1,input1,Non-ROI,9,-14,17,0.822916666667,0.864014289327,0.0410976226606
17,ADD_17_X3_ACC1,input2,ROI,9,2,31,0.198609264184,0.178452595473,0.0201566687115
17,ADD_17_X3_ACC1,input2,Non-ROI,9,-2,1,0.675384160757,0.71298052605,0.0375963652931
18,ADD_18_X3_ACC2,input1,ROI,9,-109,-14,0.0817542109929,0.0600084566262,0.0217457543667
18,ADD_18_X3_ACC2,input1,Non-ROI,9,-13,11,0.810006648936,0.851965572838,0.0419589239015
18,ADD_18_X3_ACC2,input2,ROI,9,10,162,0.144522015366,0.121249841932,0.0232721734342
18,ADD_18_X3_ACC2,input2,Non-ROI,9,-12,9,0.749843011229,0.788760195372,0.0389171841425
19,ADD_19_X3_ACC3,input1,ROI,9,11,113,0.173287898936,0.148668674127,0.0246192248087
19,ADD_19_X3_ACC3,input1,Non-ROI,9,-5,10,0.608202201537,0.651766802605,0.0435646010683
19,ADD_19_X3_ACC3,input2,ROI,9,2,39,0.240719193262,0.220877987481,0.0198412057814
19,ADD_19_X3_ACC3,input2,Non-ROI,9,-2,1,0.603852689125,0.634171882903,0.0303191937781
20,ADD_20_X4_ACC1,input1,ROI,9,-239,-3,0.197648862293,0.0946766723571,0.102972189936
20,ADD_20_X4_ACC1,input1,Non-ROI,9,-2,212,0.799322177896,0.902952310951,0.103630133055
20,ADD_20_X4_ACC1,input2,ROI,9,3,239,0.194998522459,0.0894584597876,0.105540062671
20,ADD_20_X4_ACC1,input2,Non-ROI,9,-217,2,0.802859042553,0.908960862418,0.106101819865
21,ADD_21_X4_ACC2,input1,ROI,9,-53,-4,0.220569222813,0.204340146055,0.0162290767586
21,ADD_21_X4_ACC2,input1,Non-ROI,9,-3,5,0.627973552009,0.657083807537,0.0291102555272
21,ADD_21_X4_ACC2,input2,ROI,9,4,240,0.18894983747,0.0868325588012,0.102117278669
21,ADD_21_X4_ACC2,input2,Non-ROI,9,-221,3,0.809129358747,0.911823865073,0.102694506326
22,ADD_22_X4_ACC3,input1,ROI,9,2,261,0.296921173168,0.20306770043,0.0938534727379
22,ADD_22_X4_ACC3,input1,Non-ROI,9,-228,1,0.701435062057,0.795829776808,0.0943947147516
22,ADD_22_X4_ACC3,input2,ROI,9,-240,-3,0.214779107565,0.114089371523,0.100689736043
22,ADD_22_X4_ACC3,input2,Non-ROI,9,-2,221,0.783198507683,0.884652013784,0.1014535061
23,ADD_23_X5_ACC1,input1,ROI,9,-66,-10,0.100989952719,0.0793342185129,0.0216557342058
23,ADD_23_X5_ACC1,input1,Non-ROI,9,-9,11,0.8203125,0.861315281993,0.0410027819929
23,ADD_23_X5_ACC1,input2,ROI,9,9,154,0.180453974586,0.159338249241,0.021115725345
23,ADD_23_X5_ACC1,input2,Non-ROI,9,-12,8,0.693539450355,0.732094872281,0.0385554219266
24,ADD_24_X5_ACC2,input1,ROI,9,6,93,0.187841681442,0.168869736343,0.0189719450991
24,ADD_24_X5_ACC2,input1,Non-ROI,9,-6,5,0.681349734043,0.715276460546,0.0339267265037
24,ADD_24_X5_ACC2,input2,ROI,9,-32,-2,0.177037160165,0.155105984446,0.0219311757194
24,ADD_24_X5_ACC2,input2,Non-ROI,9,-1,2,0.71732786643,0.754904052858,0.0375761864276
25,ADD_25_X5_ACC3,input1,ROI,9,10,65,0.0750221631206,0.0632982422863,0.0117239208343
25,ADD_25_X5_ACC3,input1,Non-ROI,9,-2,9,0.688340351655,0.711520374937,0.0231800232819
25,ADD_25_X5_ACC3,input2,ROI,9,-59,-3,0.207871601655,0.189037209155,0.0188343924996
25,ADD_25_X5_ACC3,input2,Non-ROI,9,-2,4,0.653488844563,0.682495178933,0.0290063343701
26,ADD_26_X6_ACC1,input1,ROI,9,-130,-2,0.197648862293,0.0946766723571,0.102972189936
26,ADD_26_X6_ACC1,input1,Non-ROI,9,-1,115,0.799691563239,0.90318941262,0.103497849381
26,ADD_26_X6_ACC1,input2,ROI,9,4,313,0.194998522459,0.0894584597876,0.105540062671
26,ADD_26_X6_ACC1,input2,Non-ROI,9,-284,3,0.802859042553,0.908960862418,0.106101819865
27,ADD_27_X6_ACC2,input1,ROI,9,5,195,0.19557106974,0.0953109193222,0.100260150418
27,ADD_27_X6_ACC2,input1,Non-ROI,9,-169,4,0.802563534279,0.903381069803,0.100817535524
27,ADD_27_X6_ACC2,input2,ROI,9,-313,-5,0.18894983747,0.0868325588012,0.102117278669
27,ADD_27_X6_ACC2,input2,Non-ROI,9,-4,288,0.809055481678,0.911760637962,0.102705156283
28,ADD_28_X6_ACC3,input1,ROI,9,-139,1,0.339871453901,0.244143588771,0.0957278651298
28,ADD_28_X6_ACC3,input1,Non-ROI,9,2,121,0.657967641844,0.754090003794,0.0961223619497
28,ADD_28_X6_ACC3,input2,ROI,9,2,130,0.214779107565,0.114089371523,0.100689736043
28,ADD_28_X6_ACC3,input2,Non-ROI,9,-119,1,0.783198507683,0.884620400228,0.101421892544
29,ADD_29_X7_ACC1,input1,ROI,9,-23,-4,0.0970005910165,0.0757460799191,0.0212545110975
29,ADD_29_X7_ACC1,input1,Non-ROI,9,-3,4,0.83751662234,0.877203069676,0.0396864473359
29,ADD_29_X7_ACC1,input2,ROI,9,5,87,0.190685948582,0.169446683738,0.0212392648436
29,ADD_29_X7_ACC1,input2,Non-ROI,9,-7,4,0.694675310284,0.733337680197,0.0386623699136
30,ADD_30_X7_ACC2,input1,ROI,9,6,63,0.127696513002,0.109216932221,0.0184795807818
30,ADD_30_X7_ACC2,input1,Non-ROI,9,-6,5,0.794714095745,0.826722148457,0.0320080527126
30,ADD_30_X7_ACC2,input2,ROI,9,-137,-8,0.151632683215,0.128343133536,0.0232895496795
30,ADD_30_X7_ACC2,input2,Non-ROI,9,-7,10,0.742732343381,0.781666903768,0.0389345603877
31,ADD_31_X7_ACC3,input1,ROI,9,-77,-5,0.176917109929,0.155337158574,0.0215799513555
31,ADD_31_X7_ACC3,input1,Non-ROI,9,-4,9,0.741956634161,0.774624984193,0.0326683500325
31,ADD_31_X7_ACC3,input2,ROI,9,3,69,0.240719193262,0.220877987481,0.0198412057814
31,ADD_31_X7_ACC3,input2,Non-ROI,9,-4,2,0.603852689125,0.634171882903,0.0303191937781
0,ADD_00_S0,input1,ROI,10,-145,1,0.670258939125,0.542747455109,0.127511484017
0,ADD_00_S0,input1,Non-ROI,10,2,304,0.317939199173,0.44444510306,0.126505903888
0,ADD_00_S0,input2,ROI,10,-142,-15,0.459182919622,0.340122344461,0.11906057516
0,ADD_00_S0,input2,Non-ROI,10,-14,308,0.526484929078,0.644434433485,0.117949504407
1,ADD_01_S1,input1,ROI,10,-146,-10,0.487283909574,0.358800028452,0.128483881122
1,ADD_01_S1,input1,Non-ROI,10,-9,303,0.50157912234,0.628661244942,0.127082122601
1,ADD_01_S1,input2,ROI,10,-145,-18,0.452958776596,0.332886791856,0.120071984739
1,ADD_01_S1,input2,Non-ROI,10,-17,302,0.535036199764,0.654064712949,0.119028513185
2,ADD_02_S2,input1,ROI,10,-146,1,0.670489804965,0.541275448912,0.129214356052
2,ADD_02_S2,input1,Non-ROI,10,2,301,0.317782210402,0.445948722812,0.12816651241
2,ADD_02_S2,input2,ROI,10,-141,-12,0.467678782506,0.346998292868,0.120680489638
2,ADD_02_S2,input2,Non-ROI,10,-11,317,0.515680407801,0.635902725089,0.120222317287
3,ADD_03_S3,input1,ROI,10,-145,-15,0.465065381206,0.340333760116,0.124731621089
3,ADD_03_S3,input1,Non-ROI,10,-14,292,0.521747562057,0.645811599014,0.124064036957
3,ADD_03_S3,input2,ROI,10,-146,-12,0.472720892435,0.351088296662,0.121632595773
3,ADD_03_S3,input2,Non-ROI,10,-11,365,0.51640070922,0.63731348002,0.1209127708
4,ADD_04_D0,input1,ROI,10,-145,1,0.670258939125,0.542747455109,0.127511484017
4,ADD_04_D0,input1,Non-ROI,10,2,304,0.317939199173,0.44444510306,0.126505903888
4,ADD_04_D0,input2,ROI,10,15,142,0.459182919622,0.340122344461,0.11906057516
4,ADD_04_D0,input2,Non-ROI,10,-308,14,0.526484929078,0.644434433485,0.117949504407
5,ADD_05_D1,input1,ROI,10,-146,-10,0.487283909574,0.358800028452,0.128483881122
5,ADD_05_D1,input1,Non-ROI,10,-9,303,0.50157912234,0.628661244942,0.127082122601
5,ADD_05_D1,input2,ROI,10,18,145,0.452958776596,0.332886791856,0.120071984739
5,ADD_05_D1,input2,Non-ROI,10,-302,17,0.535036199764,0.654064712949,0.119028513185
6,ADD_06_D2,input1,ROI,10,-146,1,0.670489804965,0.541275448912,0.129214356052
6,ADD_06_D2,input1,Non-ROI,10,2,301,0.317782210402,0.445948722812,0.12816651241
6,ADD_06_D2,input2,ROI,10,12,141,0.467678782506,0.346998292868,0.120680489638
6,ADD_06_D2,input2,Non-ROI,10,-317,11,0.515680407801,0.635902725089,0.120222317287
7,ADD_07_D3,input1,ROI,10,-145,-15,0.465065381206,0.340333760116,0.124731621089
7,ADD_07_D3,input1,Non-ROI,10,-14,292,0.521747562057,0.645811599014,0.124064036957
7,ADD_07_D3,input2,ROI,10,12,146,0.472720892435,0.351088296662,0.121632595773
7,ADD_07_D3,input2,Non-ROI,10,-365,11,0.51640070922,0.63731348002,0.1209127708
8,ADD_08_X0_ACC1,input1,ROI,10,-103,-11,0.461787086288,0.33401697648,0.127770109809
8,ADD_08_X0_ACC1,input1,Non-ROI,10,-10,258,0.528682771868,0.655107960293,0.126425188426
8,ADD_08_X0_ACC1,input2,ROI,10,-103,-11,0.461759382388,0.334971310698,0.12678807169
8,ADD_08_X0_ACC1,input2,Non-ROI,10,-10,205,0.527066710993,0.652671740642,0.125605029649
9,ADD_09_X0_ACC2,input1,ROI,10,-205,-21,0.464908392435,0.337142766818,0.127765625617
9,ADD_09_X0_ACC2,input1,Non-ROI,10,-20,410,0.525081264775,0.651642324229,0.126561059453
9,ADD_09_X0_ACC2,input2,ROI,10,-103,-11,0.461944075059,0.337318617223,0.124625457836
9,ADD_09_X0_ACC2,input2,Non-ROI,10,-10,207,0.525773862293,0.649549901998,0.123776039705
10,ADD_10_X0_ACC3,input1,ROI,10,-304,-33,0.463403147163,0.335109620005,0.128293527158
10,ADD_10_X0_ACC3,input1,Non-ROI,10,-32,611,0.526106309102,0.653003682979,0.126897373878
10,ADD_10_X0_ACC3,input2,ROI,10,-103,-8,0.473995271868,0.351131765301,0.122863506567
10,ADD_10_X0_ACC3,input2,Non-ROI,10,-7,209,0.512632978723,0.634958270106,0.122325291383
11,ADD_11_X1_ACC1,input1,ROI,10,-5,5,0.690445848109,0.642278784143,0.0481670639661
11,ADD_11_X1_ACC1,input1,Non-ROI,10,6,120,0.15976839539,0.192706357486,0.032937962096
11,ADD_11_X1_ACC1,input2,ROI,10,-4,4,0.703411273641,0.654505326884,0.0489059467565
11,ADD_11_X1_ACC1,input2,Non-ROI,10,5,134,0.153562721631,0.18628880564,0.0327260840087
12,ADD_12_X1_ACC2,input1,ROI,10,-9,11,0.734966016548,0.685753351037,0.0492126655115
12,ADD_12_X1_ACC2,input1,Non-ROI,10,12,194,0.122451241135,0.155878540718,0.0334272995835
12,ADD_12_X1_ACC2,input2,ROI,10,-1,2,0.648160460993,0.601044828022,0.0471156329707
12,ADD_12_X1_ACC2,input2,Non-ROI,10,3,65,0.138501034279,0.169500031614,0.0309989973346
13,ADD_13_X1_ACC3,input1,ROI,10,-10,13,0.72188054078,0.672430213075,0.0494503277048
13,ADD_13_X1_ACC3,input1,Non-ROI,10,14,357,0.125655658983,0.161120463455,0.0354648044713
13,ADD_13_X1_ACC3,input2,ROI,10,0,0,0.734375,0.692360584219,0.0420144157815
13,ADD_13_X1_ACC3,input2,Non-ROI,10,1,12,0.142010195035,0.169571162114,0.0275609670789
14,ADD_14_X2_ACC1,input1,ROI,10,-134,-14,0.46171320922,0.33393794259,0.12777526663
14,ADD_14_X2_ACC1,input1,Non-ROI,10,-13,338,0.528682771868,0.655107960293,0.126425188426
14,ADD_14_X2_ACC1,input2,ROI,10,-55,-7,0.45677268026,0.329762977365,0.127009702895
14,ADD_14_X2_ACC1,input2,Non-ROI,10,-6,112,0.531979536052,0.657674585862,0.12569504981
15,ADD_15_X2_ACC2,input1,ROI,10,-190,-19,0.46365248227,0.335878224583,0.127774257687
15,ADD_15_X2_ACC2,input1,Non-ROI,10,-18,381,0.526484929078,0.6530965478,0.126611618722
15,ADD_15_X2_ACC2,input2,ROI,10,6,55,0.462978354019,0.338377671345,0.124600682673
15,ADD_15_X2_ACC2,input2,Non-ROI,10,-112,5,0.524739583333,0.648348586874,0.123609003541
16,ADD_16_X2_ACC3,input1,ROI,10,-134,-11,0.469728871158,0.345089624431,0.124639246727
16,ADD_16_X2_ACC3,input1,Non-ROI,10,-10,339,0.521867612293,0.645485584219,0.123617971925
16,ADD_16_X2_ACC3,input2,ROI,10,10,134,0.477393617021,0.353976985331,0.12341663169
16,ADD_16_X2_ACC3,input2,Non-ROI,10,-273,9,0.50923463357,0.63200240263,0.122767769061
17,ADD_17_X3_ACC1,input1,ROI,10,-4,3,0.629257166076,0.580446620511,0.0488105455648
17,ADD_17_X3_ACC1,input1,Non-ROI,10,4,102,0.209376846927,0.243770153642,0.0343933067152
17,ADD_17_X3_ACC1,input2,ROI,10,-1,0,0.647569444444,0.606640427415,0.0409290170292
17,ADD_17_X3_ACC1,input2,Non-ROI,10,-32,-2,0.104905437352,0.132429185635,0.0275237482826
18,ADD_18_X3_ACC2,input1,ROI,10,-2,5,0.690030289598,0.643900954729,0.0461293348687
18,ADD_18_X3_ACC2,input1,Non-ROI,10,6,85,0.130928634752,0.161920681588,0.0309920468365
18,ADD_18_X3_ACC2,input2,ROI,10,-4,2,0.648160460993,0.601044828022,0.0471156329707
18,ADD_18_X3_ACC2,input2,Non-ROI,10,-115,-5,0.138501034279,0.169500031614,0.0309989973346
19,ADD_19_X3_ACC3,input1,ROI,10,-6,8,0.803542405437,0.771453749368,0.0320886560696
19,ADD_19_X3_ACC3,input1,Non-ROI,10,9,29,0.119099069149,0.139808975089,0.0207099059396
19,ADD_19_X3_ACC3,input2,ROI,10,-1,0,0.56495641253,0.521098096864,0.0438583156656
19,ADD_19_X3_ACC3,input2,Non-ROI,10,-34,-2,0.142010195035,0.169571162114,0.0275609670789
20,ADD_20_X4_ACC1,input1,ROI,10,-103,-11,0.461787086288,0.33401697648,0.127770109809
20,ADD_20_X4_ACC1,input1,Non-ROI,10,-10,258,0.528682771868,0.655107960293,0.126425188426
20,ADD_20_X4_ACC1,input2,ROI,10,11,103,0.461759382388,0.334971310698,0.12678807169
20,ADD_20_X4_ACC1,input2,Non-ROI,10,-205,10,0.527066710993,0.652671740642,0.125605029649
21,ADD_21_X4_ACC2,input1,ROI,10,-2,4,0.742169030733,0.704713581184,0.0374554495492
21,ADD_21_X4_ACC2,input1,Non-ROI,10,-33,-3,0.140966681442,0.163029131892,0.0220624504497
21,ADD_21_X4_ACC2,input2,ROI,10,11,103,0.461944075059,0.337318617223,0.124625457836
21,ADD_21_X4_ACC2,input2,Non-ROI,10,-207,10,0.525773862293,0.649549901998,0.123776039705
22,ADD_22_X4_ACC3,input1,ROI,10,8,249,0.524748817967,0.401460546282,0.123288271685
22,ADD_22_X4_ACC3,input1,Non-ROI,10,-213,7,0.473385786052,0.596599171725,0.123213385673
22,ADD_22_X4_ACC3,input2,ROI,10,-103,-8,0.473995271868,0.351131765301,0.122863506567
22,ADD_22_X4_ACC3,input2,Non-ROI,10,-7,209,0.512632978723,0.634958270106,0.122325291383
23,ADD_23_X5_ACC1,input1,ROI,10,-3,3,0.71419732565,0.665996854451,0.0482004711989
23,ADD_23_X5_ACC1,input1,Non-ROI,10,4,68,0.14621195331,0.179262692843,0.033050739533
23,ADD_23_X5_ACC1,input2,ROI,10,-4,4,0.669686391844,0.622378050708,0.0473083411358
23,ADD_23_X5_ACC1,input2,Non-ROI,10,-158,-5,0.172124335106,0.203466821573,0.0313424864667
24,ADD_24_X5_ACC2,input1,ROI,10,-2,4,0.670046542553,0.634709313354,0.0353372291996
24,ADD_24_X5_ACC2,input1,Non-ROI,10,-68,-3,0.173463356974,0.197537303996,0.024073947022
24,ADD_24_X5_ACC2,input2,ROI,10,0,1,0.710605053191,0.666702231917,0.0439028212744
24,ADD_24_X5_ACC2,input2,Non-ROI,10,2,26,0.0761118498818,0.103893999747,0.0277821498653
25,ADD_25_X5_ACC3,input1,ROI,10,-1,15,0.821051270686,0.794658099393,0.0263931712926
25,ADD_25_X5_ACC3,input1,Non-ROI,10,-48,-2,0.172041223404,0.197572869246,0.0255316458421
25,ADD_25_X5_ACC3,input2,ROI,10,-1,2,0.698821660757,0.654238587506,0.0445830732502
25,ADD_25_X5_ACC3,input2,Non-ROI,10,3,50,0.123938017139,0.148684480905,0.0247464637659
26,ADD_26_X6_ACC1,input1,ROI,10,-55,-7,0.456172429078,0.328753319423,0.127419109655
26,ADD_26_X6_ACC1,input1,Non-ROI,10,-6,140,0.534112736407,0.660221452959,0.126108716552
26,ADD_26_X6_ACC1,input2,ROI,10,16,134,0.45677268026,0.32987362481,0.12689905545
26,ADD_26_X6_ACC1,input2,Non-ROI,10,-277,15,0.532127290189,0.65784846042,0.125721170231
27,ADD_27_X6_ACC2,input1,ROI,10,9,181,0.472730127069,0.349600483687,0.123129643381
27,ADD_27_X6_ACC2,input1,Non-ROI,10,-198,8,0.527195995863,0.650194028199,0.122998032336
27,ADD_27_X6_ACC2,input2,ROI,10,-134,-14,0.461870197991,0.337207969777,0.124662228213
27,ADD_27_X6_ACC2,input2,Non-ROI,10,-13,281,0.526327940307,0.650063622281,0.123735681974
28,ADD_28_X6_ACC3,input1,ROI,10,-130,-3,0.539912086288,0.41844888088,0.121463205408
28,ADD_28_X6_ACC3,input1,Non-ROI,10,-2,117,0.458647310875,0.58000995827,0.121362647395
28,ADD_28_X6_ACC3,input2,ROI,10,5,55,0.469895094563,0.347361848761,0.122533245802
28,ADD_28_X6_ACC3,input2,Non-ROI,10,-113,4,0.516807033097,0.638633345979,0.121826312882
29,ADD_29_X7_ACC1,input1,ROI,10,-1,1,0.768386155437,0.723541429565,0.0448447258724
29,ADD_29_X7_ACC1,input1,Non-ROI,10,2,24,0.11731678487,0.149579539707,0.0322627548366
29,ADD_29_X7_ACC1,input2,ROI,10,-2,2,0.669686391844,0.622378050708,0.0473083411358
29,ADD_29_X7_ACC1,input2,Non-ROI,10,-90,-3,0.172124335106,0.203466821573,0.0313424864667
30,ADD_30_X7_ACC2,input1,ROI,10,-2,4,0.797345966312,0.757936978376,0.0394089879357
30,ADD_30_X7_ACC2,input1,Non-ROI,10,-50,-3,0.10859929078,0.138261886697,0.0296625959169
30,ADD_30_X7_ACC2,input2,ROI,10,-2,4,0.699274157801,0.651343971295,0.0479301865065
30,ADD_30_X7_ACC2,input2,Non-ROI,10,5,97,0.121176861702,0.152705330046,0.0315284683434
31,ADD_31_X7_ACC3,input1,ROI,10,-1,8,0.778442671395,0.751564871017,0.0268778003781
31,ADD_31_X7_ACC3,input1,Non-ROI,10,-13,-2,0.159075797872,0.176273235964,0.0171974380912
31,ADD_31_X7_ACC3,input2,ROI,10,-2,1,0.680749482861,0.633351906297,0.0473975765631
31,ADD_31_X7_ACC3,input2,Non-ROI,10,-59,-3,0.142010195035,0.169571162114,0.0275609670789
